ISO-10303-21;
HEADER;
FILE_DESCRIPTION (( 'STEP AP214' ),
    '1' );
FILE_NAME ('Plate.STEP',
    '2026-05-16T05:22:25',
    ( '' ),
    ( '' ),
    'SwSTEP 2.0',
    'SolidWorks 2025',
    '' );
FILE_SCHEMA (( 'AUTOMOTIVE_DESIGN' ));
ENDSEC;

DATA;
#1 = EDGE_CURVE ( 'NONE', #4824, #1552, #3750, .T. ) ;
#2 = VECTOR ( 'NONE', #2401, 1000.000000000000000 ) ;
#3 = ADVANCED_FACE ( 'NONE', ( #1924 ), #1173, .T. ) ;
#4 = VERTEX_POINT ( 'NONE', #3724 ) ;
#5 = ORIENTED_EDGE ( 'NONE', *, *, #3883, .F. ) ;
#6 = DIRECTION ( 'NONE',  ( 1.000000000000000000, -0.000000000000000000, -0.000000000000000000 ) ) ;
#7 = ADVANCED_FACE ( 'NONE', ( #2319 ), #4460, .T. ) ;
#8 = CARTESIAN_POINT ( 'NONE',  ( -16.78377918895946053, 35.04540727080203766, 0.000000000000000000 ) ) ;
#9 = VECTOR ( 'NONE', #3075, 1000.000000000000000 ) ;
#10 = DIRECTION ( 'NONE',  ( 9.916895674937910995E-16, -1.000000000000000000, 0.000000000000000000 ) ) ;
#11 = LINE ( 'NONE', #3022, #2038 ) ;
#12 = LINE ( 'NONE', #1503, #1150 ) ;
#13 = DIRECTION ( 'NONE',  ( 0.000000000000000000, -1.000000000000000000, 0.000000000000000000 ) ) ;
#14 = ORIENTED_EDGE ( 'NONE', *, *, #3356, .T. ) ;
#15 = ORIENTED_EDGE ( 'NONE', *, *, #4284, .T. ) ;
#16 = AXIS2_PLACEMENT_3D ( 'NONE', #4717, #1350, #863 ) ;
#17 = FACE_OUTER_BOUND ( 'NONE', #2651, .T. ) ;
#18 = ORIENTED_EDGE ( 'NONE', *, *, #4574, .F. ) ;
#19 = CARTESIAN_POINT ( 'NONE',  ( -66.93436546802588794, 97.73004703941356297, 1.500000000000000000 ) ) ;
#20 = DIRECTION ( 'NONE',  ( -1.000000000000000000, 0.000000000000000000, 0.000000000000000000 ) ) ;
#21 = VERTEX_POINT ( 'NONE', #1488 ) ;
#22 = PLANE ( 'NONE',  #1298 ) ;
#23 = PLANE ( 'NONE',  #2589 ) ;
#24 = ORIENTED_EDGE ( 'NONE', *, *, #3445, .T. ) ;
#25 = DIRECTION ( 'NONE',  ( -0.000000000000000000, 1.000000000000000000, -0.000000000000000000 ) ) ;
#26 = DIRECTION ( 'NONE',  ( 0.000000000000000000, -1.000000000000000000, 0.000000000000000000 ) ) ;
#27 = EDGE_CURVE ( 'NONE', #4336, #1245, #2622, .T. ) ;
#28 = ORIENTED_EDGE ( 'NONE', *, *, #815, .F. ) ;
#29 = ORIENTED_EDGE ( 'NONE', *, *, #2624, .F. ) ;
#30 = FILL_AREA_STYLE ('',( #3387 ) ) ;
#31 = VECTOR ( 'NONE', #3035, 1000.000000000000000 ) ;
#32 = CARTESIAN_POINT ( 'NONE',  ( -73.93093154632978781, 54.72160087992026689, 1.500000000000000000 ) ) ;
#33 = VECTOR ( 'NONE', #4661, 1000.000000000000000 ) ;
#34 = CARTESIAN_POINT ( 'NONE',  ( -35.83386419283842628, 2.619780989487944911, 0.000000000000000000 ) ) ;
#35 = CARTESIAN_POINT ( 'NONE',  ( -45.50311546802591778, 97.73004703941357718, 1.500000000000000000 ) ) ;
#36 = DIRECTION ( 'NONE',  ( 1.000000000000000000, -0.000000000000000000, -0.000000000000000000 ) ) ;
#37 = VERTEX_POINT ( 'NONE', #1905 ) ;
#38 = CARTESIAN_POINT ( 'NONE',  ( -2.783779188959449868, 12.14540727080204263, 0.000000000000000000 ) ) ;
#39 = VERTEX_POINT ( 'NONE', #811 ) ;
#40 = PLANE ( 'NONE',  #4742 ) ;
#41 = FACE_OUTER_BOUND ( 'NONE', #1114, .T. ) ;
#42 = ORIENTED_EDGE ( 'NONE', *, *, #394, .F. ) ;
#43 = DIRECTION ( 'NONE',  ( 1.000000000000000000, 2.479223918734477749E-16, -0.000000000000000000 ) ) ;
#44 = CARTESIAN_POINT ( 'NONE',  ( -78.98779938972202785, 2.619780989487944911, 0.000000000000000000 ) ) ;
#45 = ORIENTED_EDGE ( 'NONE', *, *, #3525, .F. ) ;
#46 = ADVANCED_FACE ( 'NONE', ( #4853 ), #23, .T. ) ;
#47 = PLANE ( 'NONE',  #68 ) ;
#48 = LINE ( 'NONE', #512, #2954 ) ;
#49 = ADVANCED_FACE ( 'NONE', ( #4558 ), #3330, .T. ) ;
#50 = EDGE_CURVE ( 'NONE', #3575, #1590, #4483, .T. ) ;
#51 = ORIENTED_EDGE ( 'NONE', *, *, #1611, .T. ) ;
#52 = ORIENTED_EDGE ( 'NONE', *, *, #222, .T. ) ;
#53 = CARTESIAN_POINT ( 'NONE',  ( 4.657418437906814646, 66.56731824917504525, 1.500000000000000000 ) ) ;
#54 = CARTESIAN_POINT ( 'NONE',  ( -78.98779938972202785, 2.619780989487944911, 1.500000000000000000 ) ) ;
#55 = AXIS2_PLACEMENT_3D ( 'NONE', #4459, #3329, #363 ) ;
#56 = DIRECTION ( 'NONE',  ( -2.478176394252582127E-16, 1.000000000000000000, 0.000000000000000000 ) ) ;
#57 = DIRECTION ( 'NONE',  ( -0.000000000000000000, -0.000000000000000000, -1.000000000000000000 ) ) ;
#58 = LINE ( 'NONE', #867, #1948 ) ;
#59 = VECTOR ( 'NONE', #4415, 1000.000000000000000 ) ;
#60 = ORIENTED_EDGE ( 'NONE', *, *, #4620, .T. ) ;
#61 = LINE ( 'NONE', #4595, #1130 ) ;
#62 = ORIENTED_EDGE ( 'NONE', *, *, #2487, .F. ) ;
#63 = EDGE_CURVE ( 'NONE', #955, #1949, #3800, .T. ) ;
#64 = DIRECTION ( 'NONE',  ( -1.000000000000000000, -0.000000000000000000, -0.000000000000000000 ) ) ;
#65 = DIRECTION ( 'NONE',  ( -1.000000000000000000, 0.000000000000000000, 0.000000000000000000 ) ) ;
#66 = ORIENTED_EDGE ( 'NONE', *, *, #125, .F. ) ;
#67 = DIRECTION ( 'NONE',  ( 1.000000000000000000, 8.325631980691103681E-16, 0.000000000000000000 ) ) ;
#68 = AXIS2_PLACEMENT_3D ( 'NONE', #1538, #2745, #3497 ) ;
#69 = AXIS2_PLACEMENT_3D ( 'NONE', #329, #4800, #2212 ) ;
#70 = CARTESIAN_POINT ( 'NONE',  ( -41.50936546802593341, 59.77268863487022088, 0.000000000000000000 ) ) ;
#71 = VERTEX_POINT ( 'NONE', #439 ) ;
#72 = LINE ( 'NONE', #1197, #1474 ) ;
#73 = DIRECTION ( 'NONE',  ( -0.000000000000000000, -1.000000000000000000, -0.000000000000000000 ) ) ;
#74 = AXIS2_PLACEMENT_3D ( 'NONE', #3488, #4225, #2732 ) ;
#75 = ORIENTED_EDGE ( 'NONE', *, *, #3501, .F. ) ;
#76 = EDGE_LOOP ( 'NONE', ( #1070, #4027, #3132, #75 ) ) ;
#77 = LINE ( 'NONE', #1566, #2126 ) ;
#78 = DIRECTION ( 'NONE',  ( -1.239100163902878166E-16, 1.000000000000000000, -0.000000000000000000 ) ) ;
#79 = EDGE_CURVE ( 'NONE', #4563, #709, #757, .T. ) ;
#80 = VECTOR ( 'NONE', #2631, 1000.000000000000000 ) ;
#81 = DIRECTION ( 'NONE',  ( -1.000000000000000000, 0.000000000000000000, 0.000000000000000000 ) ) ;
#82 = LINE ( 'NONE', #3001, #2022 ) ;
#83 = ORIENTED_EDGE ( 'NONE', *, *, #3246, .F. ) ;
#84 = ORIENTED_EDGE ( 'NONE', *, *, #2028, .F. ) ;
#85 = ADVANCED_FACE ( 'NONE', ( #3036 ), #3403, .F. ) ;
#86 = CARTESIAN_POINT ( 'NONE',  ( -2.783779188959446316, 40.72173608680434853, 0.000000000000000000 ) ) ;
#87 = ORIENTED_EDGE ( 'NONE', *, *, #1845, .T. ) ;
#88 = CARTESIAN_POINT ( 'NONE',  ( -35.83386419283842628, 16.62003100198858263, 1.500000000000000000 ) ) ;
#89 = DIRECTION ( 'NONE',  ( -9.251858538542975772E-16, -1.000000000000000000, 0.000000000000000000 ) ) ;
#90 = EDGE_CURVE ( 'NONE', #3193, #1454, #4278, .T. ) ;
#91 = AXIS2_PLACEMENT_3D ( 'NONE', #2092, #1357, #2860 ) ;
#92 = VERTEX_POINT ( 'NONE', #4829 ) ;
#93 = DIRECTION ( 'NONE',  ( -0.000000000000000000, -1.000000000000000000, -0.000000000000000000 ) ) ;
#94 = PLANE ( 'NONE',  #909 ) ;
#95 = EDGE_LOOP ( 'NONE', ( #2198, #4434, #3672, #4810 ) ) ;
#96 = EDGE_CURVE ( 'NONE', #4610, #2179, #1560, .T. ) ;
#97 = PLANE ( 'NONE',  #2574 ) ;
#98 = CARTESIAN_POINT ( 'NONE',  ( -26.30936546802591280, 73.67113234831137447, 1.500000000000000000 ) ) ;
#99 = ORIENTED_EDGE ( 'NONE', *, *, #1667, .T. ) ;
#100 = ORIENTED_EDGE ( 'NONE', *, *, #1273, .F. ) ;
#101 = VECTOR ( 'NONE', #1451, 1000.000000000000000 ) ;
#102 = CARTESIAN_POINT ( 'NONE',  ( -73.30936546802590215, 59.77268863487022088, 1.500000000000000000 ) ) ;
#103 = CARTESIAN_POINT ( 'NONE',  ( -1.783779188959455642, 3.245407270802039168, 1.500000000000000000 ) ) ;
#104 = CARTESIAN_POINT ( 'NONE',  ( -50.40936546802591778, 73.67113234831137447, 1.500000000000000000 ) ) ;
#105 = PLANE ( 'NONE',  #159 ) ;
#106 = EDGE_CURVE ( 'NONE', #707, #816, #1833, .T. ) ;
#107 = CARTESIAN_POINT ( 'NONE',  ( -92.98779938972202785, 2.619780989487944911, 1.500000000000000000 ) ) ;
#108 = EDGE_CURVE ( 'NONE', #2577, #2154, #3063, .T. ) ;
#109 = ORIENTED_EDGE ( 'NONE', *, *, #3777, .T. ) ;
#110 = FACE_OUTER_BOUND ( 'NONE', #3794, .T. ) ;
#111 = ORIENTED_EDGE ( 'NONE', *, *, #4602, .T. ) ;
#112 = EDGE_CURVE ( 'NONE', #3496, #574, #1095, .T. ) ;
#113 = CARTESIAN_POINT ( 'NONE',  ( -73.30936546802590215, 59.77268863487022088, 1.500000000000000000 ) ) ;
#114 = DIRECTION ( 'NONE',  ( -1.000000000000000000, -0.000000000000000000, -0.000000000000000000 ) ) ;
#115 = AXIS2_PLACEMENT_3D ( 'NONE', #4478, #2641, #703 ) ;
#116 = ORIENTED_EDGE ( 'NONE', *, *, #723, .F. ) ;
#117 = AXIS2_PLACEMENT_3D ( 'NONE', #1507, #2146, #1431 ) ;
#118 = LINE ( 'NONE', #2318, #1274 ) ;
#119 = EDGE_LOOP ( 'NONE', ( #1196, #3328, #472, #2131 ) ) ;
#120 = LINE ( 'NONE', #4583, #4847 ) ;
#121 = CARTESIAN_POINT ( 'NONE',  ( -54.88386419283835949, 21.67078353961545645, 1.500000000000000000 ) ) ;
#122 = ORIENTED_EDGE ( 'NONE', *, *, #2027, .T. ) ;
#123 = EDGE_LOOP ( 'NONE', ( #3029, #3683, #4807, #4830 ) ) ;
#124 = DIRECTION ( 'NONE',  ( 0.000000000000000000, -0.000000000000000000, -1.000000000000000000 ) ) ;
#125 = EDGE_CURVE ( 'NONE', #2449, #1069, #1535, .T. ) ;
#126 = LINE ( 'NONE', #3410, #1498 ) ;
#127 = DIRECTION ( 'NONE',  ( -0.000000000000000000, -1.000000000000000000, -0.000000000000000000 ) ) ;
#128 = DIRECTION ( 'NONE',  ( 0.000000000000000000, -0.000000000000000000, 1.000000000000000000 ) ) ;
#129 = DIRECTION ( 'NONE',  ( 1.000000000000000000, 0.000000000000000000, 0.000000000000000000 ) ) ;
#130 = ORIENTED_EDGE ( 'NONE', *, *, #1989, .T. ) ;
#131 = LINE ( 'NONE', #1622, #1598 ) ;
#132 = ADVANCED_FACE ( 'NONE', ( #3452 ), #94, .T. ) ;
#133 = EDGE_LOOP ( 'NONE', ( #3562, #2090, #4465, #3202 ) ) ;
#134 = VECTOR ( 'NONE', #3506, 1000.000000000000000 ) ;
#135 = DIRECTION ( 'NONE',  ( -1.982560262244606249E-15, -1.000000000000000000, -0.000000000000000000 ) ) ;
#136 = CARTESIAN_POINT ( 'NONE',  ( -76.45936546802592204, 19.14540727080201421, 0.000000000000000000 ) ) ;
#137 = AXIS2_PLACEMENT_3D ( 'NONE', #4656, #1851, #20 ) ;
#138 = ORIENTED_EDGE ( 'NONE', *, *, #3987, .F. ) ;
#139 = DIRECTION ( 'NONE',  ( -1.239088197126291803E-16, 1.000000000000000000, 0.000000000000000000 ) ) ;
#140 = ORIENTED_EDGE ( 'NONE', *, *, #767, .T. ) ;
#141 = CARTESIAN_POINT ( 'NONE',  ( -64.34883156209315302, -4.821376635130707911, 1.500000000000000000 ) ) ;
#142 = LINE ( 'NONE', #814, #3345 ) ;
#143 = EDGE_CURVE ( 'NONE', #709, #2969, #1951, .T. ) ;
#144 = ORIENTED_EDGE ( 'NONE', *, *, #1086, .F. ) ;
#145 = ORIENTED_EDGE ( 'NONE', *, *, #2992, .F. ) ;
#146 = DIRECTION ( 'NONE',  ( 0.000000000000000000, 0.000000000000000000, -1.000000000000000000 ) ) ;
#147 = DIRECTION ( 'NONE',  ( -0.000000000000000000, -0.000000000000000000, -1.000000000000000000 ) ) ;
#148 = CARTESIAN_POINT ( 'NONE',  ( -69.31561546802588225, 78.68004703941353739, 0.000000000000000000 ) ) ;
#149 = DIRECTION ( 'NONE',  ( -1.000000000000000000, -0.000000000000000000, -0.000000000000000000 ) ) ;
#150 = CIRCLE ( 'NONE', #3204, 5.000000000000031974 ) ;
#151 = EDGE_CURVE ( 'NONE', #2153, #397, #2620, .T. ) ;
#152 = LINE ( 'NONE', #796, #2117 ) ;
#153 = DIRECTION ( 'NONE',  ( 0.000000000000000000, 0.000000000000000000, 1.000000000000000000 ) ) ;
#154 = ORIENTED_EDGE ( 'NONE', *, *, #3518, .T. ) ;
#155 = CIRCLE ( 'NONE', #16, 4.999999999999999112 ) ;
#156 = CARTESIAN_POINT ( 'NONE',  ( -20.40936546802593199, 19.14540727080202132, 0.000000000000000000 ) ) ;
#157 = ORIENTED_EDGE ( 'NONE', *, *, #1747, .F. ) ;
#158 = CARTESIAN_POINT ( 'NONE',  ( -2.783779188959448092, 54.72160087992027400, 1.500000000000000000 ) ) ;
#159 = AXIS2_PLACEMENT_3D ( 'NONE', #889, #2381, #56 ) ;
#160 = ORIENTED_EDGE ( 'NONE', *, *, #1999, .F. ) ;
#161 = FACE_OUTER_BOUND ( 'NONE', #3910, .T. ) ;
#162 = VERTEX_POINT ( 'NONE', #3670 ) ;
#163 = LINE ( 'NONE', #4730, #1707 ) ;
#164 = LINE ( 'NONE', #1288, #3585 ) ;
#165 = VECTOR ( 'NONE', #4670, 1000.000000000000000 ) ;
#166 = VECTOR ( 'NONE', #2837, 1000.000000000000000 ) ;
#167 = EDGE_LOOP ( 'NONE', ( #689, #2920, #880, #4627 ) ) ;
#168 = ORIENTED_EDGE ( 'NONE', *, *, #2439, .T. ) ;
#169 = DIRECTION ( 'NONE',  ( 0.000000000000000000, -1.000000000000000000, 0.000000000000000000 ) ) ;
#170 = FACE_OUTER_BOUND ( 'NONE', #3961, .T. ) ;
#171 = LINE ( 'NONE', #3188, #1572 ) ;
#172 = FACE_BOUND ( 'NONE', #1621, .T. ) ;
#173 = LINE ( 'NONE', #1013, #3768 ) ;
#174 = DIRECTION ( 'NONE',  ( -0.000000000000000000, -0.000000000000000000, -1.000000000000000000 ) ) ;
#175 = EDGE_LOOP ( 'NONE', ( #3440, #4398, #2612, #3966 ) ) ;
#176 = DIRECTION ( 'NONE',  ( -1.000000000000000000, -0.000000000000000000, -0.000000000000000000 ) ) ;
#177 = ORIENTED_EDGE ( 'NONE', *, *, #1628, .T. ) ;
#178 = LINE ( 'NONE', #1676, #165 ) ;
#179 = DIRECTION ( 'NONE',  ( 0.000000000000000000, 0.000000000000000000, -1.000000000000000000 ) ) ;
#180 = VECTOR ( 'NONE', #3775, 1000.000000000000000 ) ;
#181 = EDGE_LOOP ( 'NONE', ( #3758, #3377, #60, #1212 ) ) ;
#182 = FACE_OUTER_BOUND ( 'NONE', #2576, .T. ) ;
#183 = ORIENTED_EDGE ( 'NONE', *, *, #2078, .F. ) ;
#184 = VECTOR ( 'NONE', #4848, 1000.000000000000000 ) ;
#185 = DIRECTION ( 'NONE',  ( 1.000000000000000000, 0.000000000000000000, 0.000000000000000000 ) ) ;
#186 = DIRECTION ( 'NONE',  ( 1.000000000000000000, 0.000000000000000000, 0.000000000000000000 ) ) ;
#187 = ORIENTED_EDGE ( 'NONE', *, *, #2243, .T. ) ;
#188 = DIRECTION ( 'NONE',  ( 0.000000000000000000, 0.000000000000000000, -1.000000000000000000 ) ) ;
#189 = EDGE_CURVE ( 'NONE', #2806, #2714, #756, .T. ) ;
#190 = ORIENTED_EDGE ( 'NONE', *, *, #1987, .T. ) ;
#191 = EDGE_CURVE ( 'NONE', #600, #2546, #1462, .T. ) ;
#192 = ORIENTED_EDGE ( 'NONE', *, *, #1278, .T. ) ;
#193 = DIRECTION ( 'NONE',  ( 1.000000000000000000, -0.000000000000000000, -0.000000000000000000 ) ) ;
#194 = DIRECTION ( 'NONE',  ( -0.000000000000000000, -0.000000000000000000, -1.000000000000000000 ) ) ;
#195 = CARTESIAN_POINT ( 'NONE',  ( 4.657418437906826192, 33.63838606104052786, 1.500000000000000000 ) ) ;
#196 = LINE ( 'NONE', #2084, #2269 ) ;
#197 = EDGE_CURVE ( 'NONE', #1160, #1464, #284, .T. ) ;
#198 = DIRECTION ( 'NONE',  ( 4.956663480669602421E-16, -1.000000000000000000, 0.000000000000000000 ) ) ;
#199 = LINE ( 'NONE', #2431, #4143 ) ;
#200 = VERTEX_POINT ( 'NONE', #4410 ) ;
#201 = CARTESIAN_POINT ( 'NONE',  ( -76.45936546802592204, 19.14540727080201421, 1.500000000000000000 ) ) ;
#202 = ORIENTED_EDGE ( 'NONE', *, *, #4562, .T. ) ;
#203 = DIRECTION ( 'NONE',  ( -1.000000000000000000, 0.000000000000000000, -0.000000000000000000 ) ) ;
#204 = PLANE ( 'NONE',  #302 ) ;
#205 = EDGE_CURVE ( 'NONE', #1949, #883, #3183, .T. ) ;
#206 = EDGE_LOOP ( 'NONE', ( #1600, #567, #388, #2062 ) ) ;
#207 = DIRECTION ( 'NONE',  ( 0.000000000000000000, 0.000000000000000000, -1.000000000000000000 ) ) ;
#208 = ADVANCED_FACE ( 'NONE', ( #1487 ), #22, .F. ) ;
#209 = ORIENTED_EDGE ( 'NONE', *, *, #1528, .T. ) ;
#210 = CARTESIAN_POINT ( 'NONE',  ( -64.34883156209315302, -4.821376635130707911, 1.500000000000000000 ) ) ;
#211 = CARTESIAN_POINT ( 'NONE',  ( -60.81329765616042238, -6.285842729197963052, 0.000000000000000000 ) ) ;
#212 = AXIS2_PLACEMENT_3D ( 'NONE', #1609, #2746, #4239 ) ;
#213 = VERTEX_POINT ( 'NONE', #2985 ) ;
#214 = LINE ( 'NONE', #3604, #1113 ) ;
#215 = ORIENTED_EDGE ( 'NONE', *, *, #3445, .F. ) ;
#216 = VERTEX_POINT ( 'NONE', #731 ) ;
#217 = VERTEX_POINT ( 'NONE', #1118 ) ;
#218 = FACE_OUTER_BOUND ( 'NONE', #2785, .T. ) ;
#219 = DIRECTION ( 'NONE',  ( 0.000000000000000000, -0.000000000000000000, 1.000000000000000000 ) ) ;
#220 = DIRECTION ( 'NONE',  ( 9.912801311223029271E-16, -1.000000000000000000, 0.000000000000000000 ) ) ;
#221 = DIRECTION ( 'NONE',  ( 1.239100163902878166E-16, -1.000000000000000000, 0.000000000000000000 ) ) ;
#222 = EDGE_CURVE ( 'NONE', #4551, #4605, #449, .T. ) ;
#223 = VECTOR ( 'NONE', #1751, 1000.000000000000000 ) ;
#224 = AXIS2_PLACEMENT_3D ( 'NONE', #2268, #4599, #3772 ) ;
#225 = CARTESIAN_POINT ( 'NONE',  ( -60.81329765616045790, 106.4915470394135610, 1.500000000000000000 ) ) ;
#226 = FACE_OUTER_BOUND ( 'NONE', #2553, .T. ) ;
#227 = ORIENTED_EDGE ( 'NONE', *, *, #3883, .T. ) ;
#228 = EDGE_CURVE ( 'NONE', #3474, #2040, #1143, .T. ) ;
#229 = DIRECTION ( 'NONE',  ( 1.000000000000000000, 0.000000000000000000, 0.000000000000000000 ) ) ;
#230 = EDGE_LOOP ( 'NONE', ( #2079, #4732, #1686, #404 ) ) ;
#231 = FACE_BOUND ( 'NONE', #3891, .T. ) ;
#232 = CARTESIAN_POINT ( 'NONE',  ( -35.83386419283842628, 40.72173608680434853, 1.500000000000000000 ) ) ;
#233 = EDGE_CURVE ( 'NONE', #3474, #1286, #4112, .T. ) ;
#234 = DIRECTION ( 'NONE',  ( -1.000000000000000000, -2.479223918734477749E-16, 0.000000000000000000 ) ) ;
#235 = ORIENTED_EDGE ( 'NONE', *, *, #3487, .F. ) ;
#236 = CARTESIAN_POINT ( 'NONE',  ( -1.053115468025914270, 99.31654703941354967, 0.000000000000000000 ) ) ;
#237 = DIRECTION ( 'NONE',  ( -1.000000000000000000, 0.000000000000000000, 0.000000000000000000 ) ) ;
#238 = AXIS2_PLACEMENT_3D ( 'NONE', #4224, #1570, #499 ) ;
#239 = EDGE_CURVE ( 'NONE', #4064, #4596, #2169, .T. ) ;
#240 = ORIENTED_EDGE ( 'NONE', *, *, #2517, .T. ) ;
#241 = DIRECTION ( 'NONE',  ( -1.000000000000000000, -0.000000000000000000, -0.000000000000000000 ) ) ;
#242 = ADVANCED_FACE ( 'NONE', ( #3723 ), #1094, .T. ) ;
#243 = ORIENTED_EDGE ( 'NONE', *, *, #1, .T. ) ;
#244 = VERTEX_POINT ( 'NONE', #1438 ) ;
#245 = ORIENTED_EDGE ( 'NONE', *, *, #2203, .T. ) ;
#246 = CARTESIAN_POINT ( 'NONE',  ( -95.50936546802590499, 78.68004703941353739, 1.500000000000000000 ) ) ;
#247 = CARTESIAN_POINT ( 'NONE',  ( -40.88486674321343628, 40.72173608680434853, 1.500000000000000000 ) ) ;
#248 = DIRECTION ( 'NONE',  ( -1.000000000000000000, 0.000000000000000000, 0.000000000000000000 ) ) ;
#249 = LINE ( 'NONE', #1740, #2744 ) ;
#250 = VECTOR ( 'NONE', #3656, 1000.000000000000000 ) ;
#251 = VECTOR ( 'NONE', #4716, 1000.000000000000000 ) ;
#252 = CARTESIAN_POINT ( 'NONE',  ( -64.34883156209319566, 105.0270809453463130, 1.500000000000000000 ) ) ;
#253 = PLANE ( 'NONE',  #3605 ) ;
#254 = ORIENTED_EDGE ( 'NONE', *, *, #1285, .T. ) ;
#255 = CARTESIAN_POINT ( 'NONE',  ( -66.93436546802588794, 97.73004703941356297, 1.500000000000000000 ) ) ;
#256 = EDGE_CURVE ( 'NONE', #3757, #3947, #2568, .T. ) ;
#257 = DIRECTION ( 'NONE',  ( -0.000000000000000000, -0.000000000000000000, -1.000000000000000000 ) ) ;
#258 = EDGE_CURVE ( 'NONE', #423, #2750, #4136, .T. ) ;
#259 = AXIS2_PLACEMENT_3D ( 'NONE', #4150, #3660, #4471 ) ;
#260 = LINE ( 'NONE', #1749, #4223 ) ;
#261 = ADVANCED_FACE ( 'NONE', ( #4433 ), #1068, .T. ) ;
#262 = LINE ( 'NONE', #2021, #3534 ) ;
#263 = DIRECTION ( 'NONE',  ( 0.000000000000000000, -1.000000000000000000, 0.000000000000000000 ) ) ;
#264 = CARTESIAN_POINT ( 'NONE',  ( -97.89061546802591351, 78.68004703941353739, 1.500000000000000000 ) ) ;
#265 = ORIENTED_EDGE ( 'NONE', *, *, #2294, .F. ) ;
#266 = CARTESIAN_POINT ( 'NONE',  ( -64.34883156209318145, 105.0270809453462988, 1.500000000000000000 ) ) ;
#267 = EDGE_CURVE ( 'NONE', #3886, #1654, #1411, .T. ) ;
#268 = ORIENTED_EDGE ( 'NONE', *, *, #222, .F. ) ;
#269 = ORIENTED_EDGE ( 'NONE', *, *, #4033, .T. ) ;
#270 = EDGE_LOOP ( 'NONE', ( #1997, #330, #3432, #3212 ) ) ;
#271 = PLANE ( 'NONE',  #799 ) ;
#272 = CARTESIAN_POINT ( 'NONE',  ( -92.98779938972202785, 40.72173608680434853, 1.500000000000000000 ) ) ;
#273 = FACE_OUTER_BOUND ( 'NONE', #2783, .T. ) ;
#274 = EDGE_CURVE ( 'NONE', #4079, #1015, #2913, .T. ) ;
#275 = PLANE ( 'NONE',  #320 ) ;
#276 = CARTESIAN_POINT ( 'NONE',  ( -18.20936546802593270, 19.14540727080202132, 1.500000000000000000 ) ) ;
#277 = EDGE_LOOP ( 'NONE', ( #1320, #382, #4194, #4647 ) ) ;
#278 = PLANE ( 'NONE',  #1340 ) ;
#279 = LINE ( 'NONE', #1110, #4295 ) ;
#280 = ADVANCED_FACE ( 'NONE', ( #339 ), #1831, .T. ) ;
#281 = FACE_OUTER_BOUND ( 'NONE', #4520, .T. ) ;
#282 = LINE ( 'NONE', #19, #584 ) ;
#283 = DIRECTION ( 'NONE',  ( -0.000000000000000000, -0.000000000000000000, -1.000000000000000000 ) ) ;
#284 = CIRCLE ( 'NONE', #3027, 1.100000000000003642 ) ;
#285 = ORIENTED_EDGE ( 'NONE', *, *, #488, .F. ) ;
#286 = CARTESIAN_POINT ( 'NONE',  ( -16.78377918895946053, 35.04540727080203766, 1.500000000000000000 ) ) ;
#287 = EDGE_LOOP ( 'NONE', ( #3791, #4712, #1006, #66 ) ) ;
#288 = ORIENTED_EDGE ( 'NONE', *, *, #706, .F. ) ;
#289 = VERTEX_POINT ( 'NONE', #1975 ) ;
#290 = CARTESIAN_POINT ( 'NONE',  ( -0.2593654680259245282, 102.4915470394135468, 1.500000000000000000 ) ) ;
#291 = CARTESIAN_POINT ( 'NONE',  ( -31.41989937395866406, 105.0270809453462562, 1.500000000000000000 ) ) ;
#292 = VECTOR ( 'NONE', #3383, 1000.000000000000000 ) ;
#293 = EDGE_CURVE ( 'NONE', #2472, #2014, #3062, .T. ) ;
#294 = EDGE_CURVE ( 'NONE', #3331, #4610, #3799, .T. ) ;
#295 = AXIS2_PLACEMENT_3D ( 'NONE', #3995, #3601, #237 ) ;
#296 = ORIENTED_EDGE ( 'NONE', *, *, #575, .T. ) ;
#297 = PLANE ( 'NONE',  #876 ) ;
#298 = CARTESIAN_POINT ( 'NONE',  ( -38.35936546802593483, 76.29879703941352886, 1.500000000000000000 ) ) ;
#299 = ORIENTED_EDGE ( 'NONE', *, *, #2703, .F. ) ;
#300 = EDGE_CURVE ( 'NONE', #883, #2220, #118, .T. ) ;
#301 = AXIS2_PLACEMENT_3D ( 'NONE', #4014, #2889, #4382 ) ;
#302 = AXIS2_PLACEMENT_3D ( 'NONE', #2464, #3940, #179 ) ;
#303 = CARTESIAN_POINT ( 'NONE',  ( -92.98779938972202785, 73.67113234831137447, 0.000000000000000000 ) ) ;
#304 = DIRECTION ( 'NONE',  ( 0.000000000000000000, 1.000000000000000000, 0.000000000000000000 ) ) ;
#305 = ORIENTED_EDGE ( 'NONE', *, *, #1861, .T. ) ;
#306 = VECTOR ( 'NONE', #4618, 1000.000000000000000 ) ;
#307 = CARTESIAN_POINT ( 'NONE',  ( -16.78377918895944632, 40.72173608680434853, 1.500000000000000000 ) ) ;
#309 = EDGE_LOOP ( 'NONE', ( #1076, #1674, #2023, #3603, #3504, #4846, #1966, #711, #672, #1200, #3306, #3037, #4127, #1902, #1343, #1456, #1807, #455, #1151, #3041, #2772, #2947, #1421, #3552, #4435, #3804, #1897, #3545, #3918, #2844, #1826, #1839, #4114, #1026, #3592 ) ) ;
#308 = AXIS2_PLACEMENT_3D ( 'NONE', #3937, #2460, #2041 ) ;
#310 = DIRECTION ( 'NONE',  ( 3.636590233855834417E-16, 1.000000000000000000, -0.000000000000000000 ) ) ;
#311 = DIRECTION ( 'NONE',  ( 0.000000000000000000, -1.000000000000000000, 0.000000000000000000 ) ) ;
#312 = VERTEX_POINT ( 'NONE', #3495 ) ;
#313 = DIRECTION ( 'NONE',  ( -0.000000000000000000, -0.000000000000000000, -1.000000000000000000 ) ) ;
#314 = AXIS2_PLACEMENT_3D ( 'NONE', #3556, #933, #888 ) ;
#315 = ORIENTED_EDGE ( 'NONE', *, *, #1930, .T. ) ;
#316 = ORIENTED_EDGE ( 'NONE', *, *, #4517, .F. ) ;
#317 = ORIENTED_EDGE ( 'NONE', *, *, #4351, .F. ) ;
#318 = CYLINDRICAL_SURFACE ( 'NONE', #1866, 3.174999999999999822 ) ;
#319 = DIRECTION ( 'NONE',  ( -5.594754205932050674E-17, 1.000000000000000000, 0.000000000000000000 ) ) ;
#320 = AXIS2_PLACEMENT_3D ( 'NONE', #1669, #4348, #988 ) ;
#321 = ORIENTED_EDGE ( 'NONE', *, *, #258, .T. ) ;
#322 = ORIENTED_EDGE ( 'NONE', *, *, #3116, .F. ) ;
#323 = LINE ( 'NONE', #764, #2275 ) ;
#324 = CARTESIAN_POINT ( 'NONE',  ( -64.34883156209315302, -4.821376635130707911, 0.000000000000000000 ) ) ;
#325 = VERTEX_POINT ( 'NONE', #2296 ) ;
#326 = VECTOR ( 'NONE', #2423, 1000.000000000000000 ) ;
#327 = AXIS2_PLACEMENT_3D ( 'NONE', #2813, #3255, #3597 ) ;
#328 = LINE ( 'NONE', #2948, #2367 ) ;
#329 = CARTESIAN_POINT ( 'NONE',  ( -59.93684684209464564, 35.67078353961546355, 1.500000000000000000 ) ) ;
#330 = ORIENTED_EDGE ( 'NONE', *, *, #3777, .F. ) ;
#331 = EDGE_CURVE ( 'NONE', #830, #718, #1172, .T. ) ;
#332 = DIRECTION ( 'NONE',  ( 1.000000000000000000, -0.000000000000000000, -0.000000000000000000 ) ) ;
#334 = ORIENTED_EDGE ( 'NONE', *, *, #3565, .F. ) ;
#333 = VECTOR ( 'NONE', #3550, 1000.000000000000000 ) ;
#335 = EDGE_CURVE ( 'NONE', #2671, #2461, #3426, .T. ) ;
#336 = FACE_OUTER_BOUND ( 'NONE', #4263, .T. ) ;
#337 = DIRECTION ( 'NONE',  ( -0.000000000000000000, 1.000000000000000000, -0.000000000000000000 ) ) ;
#338 = ORIENTED_EDGE ( 'NONE', *, *, #991, .T. ) ;
#339 = FACE_OUTER_BOUND ( 'NONE', #2304, .T. ) ;
#340 = EDGE_LOOP ( 'NONE', ( #3627, #3564, #2199, #884 ) ) ;
#341 = ORIENTED_EDGE ( 'NONE', *, *, #4199, .T. ) ;
#342 = EDGE_LOOP ( 'NONE', ( #4425, #4586, #1712, #2864 ) ) ;
#343 = FACE_OUTER_BOUND ( 'NONE', #3161, .T. ) ;
#344 = LINE ( 'NONE', #1050, #2010 ) ;
#345 = EDGE_CURVE ( 'NONE', #3343, #71, #4527, .T. ) ;
#346 = ORIENTED_EDGE ( 'NONE', *, *, #2678, .F. ) ;
#347 = ORIENTED_EDGE ( 'NONE', *, *, #1467, .F. ) ;
#348 = LINE ( 'NONE', #2554, #3136 ) ;
#349 = VECTOR ( 'NONE', #2267, 1000.000000000000000 ) ;
#350 = DIRECTION ( 'NONE',  ( 0.000000000000000000, 0.000000000000000000, 1.000000000000000000 ) ) ;
#351 = EDGE_LOOP ( 'NONE', ( #1778, #240, #4154, #2352 ) ) ;
#352 = VECTOR ( 'NONE', #3297, 1000.000000000000000 ) ;
#353 = DIRECTION ( 'NONE',  ( 1.000000000000000000, 0.000000000000000000, 0.000000000000000000 ) ) ;
#354 = CARTESIAN_POINT ( 'NONE',  ( -78.98779938972202785, 40.72173608680434853, 1.500000000000000000 ) ) ;
#355 = ORIENTED_EDGE ( 'NONE', *, *, #3921, .T. ) ;
#356 = FACE_OUTER_BOUND ( 'NONE', #786, .T. ) ;
#357 = ORIENTED_EDGE ( 'NONE', *, *, #964, .T. ) ;
#358 = EDGE_CURVE ( 'NONE', #1818, #583, #509, .T. ) ;
#359 = CARTESIAN_POINT ( 'NONE',  ( 2.121884531974099097, -2.285842729197975931, 1.500000000000000000 ) ) ;
#360 = DIRECTION ( 'NONE',  ( -0.000000000000000000, -0.000000000000000000, -1.000000000000000000 ) ) ;
#361 = ADVANCED_FACE ( 'NONE', ( #1558 ), #2672, .T. ) ;
#362 = ORIENTED_EDGE ( 'NONE', *, *, #2855, .T. ) ;
#363 = DIRECTION ( 'NONE',  ( 1.000000000000000000, 0.000000000000000000, 0.000000000000000000 ) ) ;
#364 = CARTESIAN_POINT ( 'NONE',  ( -96.89061546802591351, 37.17391996697324430, 1.500000000000000000 ) ) ;
#365 = VERTEX_POINT ( 'NONE', #1194 ) ;
#366 = DIRECTION ( 'NONE',  ( -0.000000000000000000, 1.000000000000000000, -0.000000000000000000 ) ) ;
#367 = CARTESIAN_POINT ( 'NONE',  ( -78.98779938972202785, 40.72173608680434853, 1.500000000000000000 ) ) ;
#368 = VECTOR ( 'NONE', #1444, 1000.000000000000000 ) ;
#369 = VERTEX_POINT ( 'NONE', #1238 ) ;
#370 = VERTEX_POINT ( 'NONE', #1950 ) ;
#371 = DIRECTION ( 'NONE',  ( -0.000000000000000000, -1.000000000000000000, -0.000000000000000000 ) ) ;
#372 = DIRECTION ( 'NONE',  ( 0.000000000000000000, 0.000000000000000000, 1.000000000000000000 ) ) ;
#373 = EDGE_CURVE ( 'NONE', #3079, #2130, #1261, .T. ) ;
#374 = AXIS2_PLACEMENT_3D ( 'NONE', #3694, #1141, #4502 ) ;
#375 = CARTESIAN_POINT ( 'NONE',  ( -92.98779938972202785, 2.619780989487944911, 0.000000000000000000 ) ) ;
#376 = LINE ( 'NONE', #34, #4789 ) ;
#377 = DIRECTION ( 'NONE',  ( 0.000000000000000000, -0.000000000000000000, -1.000000000000000000 ) ) ;
#378 = PLANE ( 'NONE',  #1240 ) ;
#379 = ORIENTED_EDGE ( 'NONE', *, *, #1149, .F. ) ;
#380 = ORIENTED_EDGE ( 'NONE', *, *, #1775, .T. ) ;
#381 = LINE ( 'NONE', #4426, #2861 ) ;
#382 = ORIENTED_EDGE ( 'NONE', *, *, #3359, .F. ) ;
#383 = VECTOR ( 'NONE', #1363, 1000.000000000000000 ) ;
#384 = PLANE ( 'NONE',  #1439 ) ;
#385 = CARTESIAN_POINT ( 'NONE',  ( -2.783779188959449868, 12.14540727080204263, 1.500000000000000000 ) ) ;
#386 = CIRCLE ( 'NONE', #3125, 1.100000000000000311 ) ;
#387 = ADVANCED_FACE ( 'NONE', ( #1582 ), #3107, .T. ) ;
#388 = ORIENTED_EDGE ( 'NONE', *, *, #1061, .T. ) ;
#389 = CARTESIAN_POINT ( 'NONE',  ( -76.45936546802592204, 19.14540727080201421, 1.500000000000000000 ) ) ;
#390 = CARTESIAN_POINT ( 'NONE',  ( -16.78377918895944987, 3.245407270802034727, 1.500000000000000000 ) ) ;
#391 = ORIENTED_EDGE ( 'NONE', *, *, #3143, .F. ) ;
#392 = CARTESIAN_POINT ( 'NONE',  ( -37.25936546802593341, 76.29879703941352886, 1.500000000000000000 ) ) ;
#393 = CYLINDRICAL_SURFACE ( 'NONE', #1932, 5.000000000000004441 ) ;
#394 = EDGE_CURVE ( 'NONE', #2500, #707, #3085, .T. ) ;
#395 = AXIS2_PLACEMENT_3D ( 'NONE', #794, #372, #1225 ) ;
#396 = ORIENTED_EDGE ( 'NONE', *, *, #2517, .F. ) ;
#397 = VERTEX_POINT ( 'NONE', #3472 ) ;
#398 = CARTESIAN_POINT ( 'NONE',  ( -59.93684684209464564, 16.62003100198857553, 1.500000000000000000 ) ) ;
#399 = DIRECTION ( 'NONE',  ( -0.000000000000000000, -1.000000000000000000, -0.000000000000000000 ) ) ;
#400 = AXIS2_PLACEMENT_3D ( 'NONE', #2481, #1376, #4005 ) ;
#401 = LINE ( 'NONE', #4799, #3703 ) ;
#402 = CARTESIAN_POINT ( 'NONE',  ( -1.783779188959465412, 35.04540727080203766, 1.500000000000000000 ) ) ;
#403 = LINE ( 'NONE', #3765, #2257 ) ;
#404 = ORIENTED_EDGE ( 'NONE', *, *, #4642, .T. ) ;
#405 = ORIENTED_EDGE ( 'NONE', *, *, #4075, .T. ) ;
#406 = VECTOR ( 'NONE', #1891, 1000.000000000000000 ) ;
#407 = VECTOR ( 'NONE', #3759, 1000.000000000000000 ) ;
#408 = EDGE_CURVE ( 'NONE', #1561, #1221, #2719, .T. ) ;
#409 = LINE ( 'NONE', #2015, #4346 ) ;
#410 = EDGE_CURVE ( 'NONE', #3106, #4596, #4188, .T. ) ;
#411 = ORIENTED_EDGE ( 'NONE', *, *, #2611, .F. ) ;
#412 = LINE ( 'NONE', #113, #1206 ) ;
#413 = LINE ( 'NONE', #483, #1942 ) ;
#414 = EDGE_CURVE ( 'NONE', #3052, #3005, #3157, .T. ) ;
#415 = EDGE_LOOP ( 'NONE', ( #3175, #4547, #4126, #3026 ) ) ;
#416 = DIRECTION ( 'NONE',  ( 0.000000000000000000, -1.000000000000000000, 0.000000000000000000 ) ) ;
#417 = CARTESIAN_POINT ( 'NONE',  ( -54.88386419283836659, 40.72173608680434853, 1.500000000000000000 ) ) ;
#418 = ORIENTED_EDGE ( 'NONE', *, *, #2551, .T. ) ;
#419 = CARTESIAN_POINT ( 'NONE',  ( -97.89061546802591351, 100.1102970394135099, 1.500000000000000000 ) ) ;
#420 = CARTESIAN_POINT ( 'NONE',  ( -16.78377918895946053, 35.04540727080203766, 0.000000000000000000 ) ) ;
#421 = EDGE_CURVE ( 'NONE', #1711, #2671, #2343, .T. ) ;
#422 = ORIENTED_EDGE ( 'NONE', *, *, #4277, .F. ) ;
#423 = VERTEX_POINT ( 'NONE', #4258 ) ;
#424 = CARTESIAN_POINT ( 'NONE',  ( -40.88486674321343628, 35.67078353961546355, 0.000000000000000000 ) ) ;
#425 = VECTOR ( 'NONE', #2695, 1000.000000000000000 ) ;
#426 = CARTESIAN_POINT ( 'NONE',  ( -2.783779188959448092, 54.72160087992027400, 1.500000000000000000 ) ) ;
#427 = EDGE_CURVE ( 'NONE', #615, #3222, #487, .T. ) ;
#428 = CIRCLE ( 'NONE', #2302, 1.100000000000003642 ) ;
#429 = CARTESIAN_POINT ( 'NONE',  ( -3.409365468025916002, 74.77268863487022088, 0.000000000000000000 ) ) ;
#430 = DIRECTION ( 'NONE',  ( 0.000000000000000000, 1.000000000000000000, 0.000000000000000000 ) ) ;
#431 = CARTESIAN_POINT ( 'NONE',  ( -27.20936546802591494, 59.77268863487023509, 1.500000000000000000 ) ) ;
#432 = ORIENTED_EDGE ( 'NONE', *, *, #3705, .F. ) ;
#433 = DIRECTION ( 'NONE',  ( -1.000000000000000000, -2.078216572391037700E-16, 0.000000000000000000 ) ) ;
#434 = ORIENTED_EDGE ( 'NONE', *, *, #2217, .F. ) ;
#435 = LINE ( 'NONE', #2715, #3714 ) ;
#436 = LINE ( 'NONE', #1921, #2891 ) ;
#437 = ORIENTED_EDGE ( 'NONE', *, *, #1375, .F. ) ;
#438 = CARTESIAN_POINT ( 'NONE',  ( -40.88486674321343628, 2.619780989487944911, 1.500000000000000000 ) ) ;
#439 = CARTESIAN_POINT ( 'NONE',  ( -50.26561546802592062, 81.06129703941358855, 1.500000000000000000 ) ) ;
#440 = EDGE_LOOP ( 'NONE', ( #1899, #285, #2839, #968 ) ) ;
#441 = LINE ( 'NONE', #3475, #2258 ) ;
#442 = LINE ( 'NONE', #1563, #1230 ) ;
#443 = ORIENTED_EDGE ( 'NONE', *, *, #2703, .T. ) ;
#444 = ORIENTED_EDGE ( 'NONE', *, *, #623, .F. ) ;
#445 = EDGE_CURVE ( 'NONE', #718, #3983, #1534, .T. ) ;
#446 = CARTESIAN_POINT ( 'NONE',  ( -92.98779938972202785, 40.72173608680434853, 1.500000000000000000 ) ) ;
#447 = EDGE_CURVE ( 'NONE', #3658, #1361, #3153, .T. ) ;
#448 = DIRECTION ( 'NONE',  ( 0.000000000000000000, 0.000000000000000000, 1.000000000000000000 ) ) ;
#449 = CIRCLE ( 'NONE', #55, 1.100000000000003642 ) ;
#450 = LINE ( 'NONE', #1545, #2748 ) ;
#451 = CARTESIAN_POINT ( 'NONE',  ( -96.89061546802591351, 37.17391996697324430, 0.000000000000000000 ) ) ;
#452 = EDGE_CURVE ( 'NONE', #2704, #830, #1700, .T. ) ;
#453 = CIRCLE ( 'NONE', #761, 3.174999999999997158 ) ;
#454 = VERTEX_POINT ( 'NONE', #2888 ) ;
#455 = ORIENTED_EDGE ( 'NONE', *, *, #3177, .T. ) ;
#456 = EDGE_CURVE ( 'NONE', #3092, #217, #802, .T. ) ;
#457 = CARTESIAN_POINT ( 'NONE',  ( 6.121884531974079557, 63.03178434324230039, 0.000000000000000000 ) ) ;
#458 = EDGE_LOOP ( 'NONE', ( #1328, #1781, #443, #2847 ) ) ;
#459 = LINE ( 'NONE', #3841, #349 ) ;
#460 = CARTESIAN_POINT ( 'NONE',  ( -50.26561546802592062, 81.06129703941358855, 1.500000000000000000 ) ) ;
#461 = ORIENTED_EDGE ( 'NONE', *, *, #4545, .T. ) ;
#462 = CARTESIAN_POINT ( 'NONE',  ( -96.89061546802591351, 37.17391996697324430, 1.500000000000000000 ) ) ;
#463 = VECTOR ( 'NONE', #2276, 1000.000000000000000 ) ;
#464 = CIRCLE ( 'NONE', #926, 5.000000000000000888 ) ;
#465 = DIRECTION ( 'NONE',  ( 0.000000000000000000, 0.000000000000000000, 1.000000000000000000 ) ) ;
#466 = ORIENTED_EDGE ( 'NONE', *, *, #3116, .T. ) ;
#467 = DIRECTION ( 'NONE',  ( 0.7071067811865473507, 0.7071067811865477948, -0.000000000000000000 ) ) ;
#468 = DIRECTION ( 'NONE',  ( -0.000000000000000000, 0.000000000000000000, -1.000000000000000000 ) ) ;
#469 = VECTOR ( 'NONE', #4026, 1000.000000000000114 ) ;
#470 = EDGE_LOOP ( 'NONE', ( #4461, #1308, #160, #109 ) ) ;
#471 = EDGE_CURVE ( 'NONE', #3209, #1330, #3990, .T. ) ;
#472 = ORIENTED_EDGE ( 'NONE', *, *, #1265, .F. ) ;
#473 = LINE ( 'NONE', #517, #2778 ) ;
#474 = FACE_OUTER_BOUND ( 'NONE', #1389, .T. ) ;
#475 = DIRECTION ( 'NONE',  ( -1.000000000000000000, 0.000000000000000000, 0.000000000000000000 ) ) ;
#476 = VECTOR ( 'NONE', #6, 1000.000000000000000 ) ;
#477 = CARTESIAN_POINT ( 'NONE',  ( -40.88486674321343628, 21.67078353961545645, 1.500000000000000000 ) ) ;
#478 = ORIENTED_EDGE ( 'NONE', *, *, #4251, .F. ) ;
#479 = FACE_OUTER_BOUND ( 'NONE', #3113, .T. ) ;
#480 = ORIENTED_EDGE ( 'NONE', *, *, #4069, .T. ) ;
#481 = ADVANCED_FACE ( 'NONE', ( #1384 ), #4381, .T. ) ;
#482 = CARTESIAN_POINT ( 'NONE',  ( -1.053115468025914270, 102.4915470394135468, 0.000000000000000000 ) ) ;
#483 = CARTESIAN_POINT ( 'NONE',  ( -101.8906154680258993, 63.03178434324227197, 1.500000000000000000 ) ) ;
#484 = VECTOR ( 'NONE', #1960, 1000.000000000000000 ) ;
#485 = VECTOR ( 'NONE', #2962, 1000.000000000000000 ) ;
#486 = ORIENTED_EDGE ( 'NONE', *, *, #1108, .F. ) ;
#487 = LINE ( 'NONE', #1605, #819 ) ;
#488 = EDGE_CURVE ( 'NONE', #2577, #3091, #4652, .T. ) ;
#489 = ORIENTED_EDGE ( 'NONE', *, *, #1253, .F. ) ;
#490 = CARTESIAN_POINT ( 'NONE',  ( -11.40936546802590534, 59.77268863487023509, 1.500000000000000000 ) ) ;
#491 = DIRECTION ( 'NONE',  ( 1.000000000000000000, -1.449045151055239742E-15, 0.000000000000000000 ) ) ;
#492 = ORIENTED_EDGE ( 'NONE', *, *, #3732, .F. ) ;
#493 = EDGE_LOOP ( 'NONE', ( #111, #4413, #1002, #1830 ) ) ;
#494 = VECTOR ( 'NONE', #1109, 1000.000000000000000 ) ;
#495 = FACE_OUTER_BOUND ( 'NONE', #566, .T. ) ;
#496 = LINE ( 'NONE', #1983, #4634 ) ;
#497 = LINE ( 'NONE', #3485, #864 ) ;
#498 = ADVANCED_FACE ( 'NONE', ( #3623 ), #4355, .T. ) ;
#499 = DIRECTION ( 'NONE',  ( -1.000000000000000000, 0.000000000000000000, 0.000000000000000000 ) ) ;
#500 = DIRECTION ( 'NONE',  ( -1.000000000000000000, 0.000000000000000000, 0.000000000000000000 ) ) ;
#501 = EDGE_LOOP ( 'NONE', ( #3874, #4350, #938, #590 ) ) ;
#502 = DIRECTION ( 'NONE',  ( 9.251858538542975772E-16, 1.000000000000000000, 0.000000000000000000 ) ) ;
#503 = ORIENTED_EDGE ( 'NONE', *, *, #670, .T. ) ;
#504 = FACE_OUTER_BOUND ( 'NONE', #2071, .T. ) ;
#505 = CARTESIAN_POINT ( 'NONE',  ( -45.50311546802591778, 81.06129703941358855, 1.500000000000000000 ) ) ;
#506 = VECTOR ( 'NONE', #4565, 1000.000000000000000 ) ;
#507 = EDGE_LOOP ( 'NONE', ( #4340, #2760, #245, #3810 ) ) ;
#508 = VECTOR ( 'NONE', #803, 1000.000000000000000 ) ;
#509 = LINE ( 'NONE', #2390, #31 ) ;
#510 = ORIENTED_EDGE ( 'NONE', *, *, #4243, .F. ) ;
#511 = CARTESIAN_POINT ( 'NONE',  ( -60.81329765616045790, 106.4915470394135610, 1.500000000000000000 ) ) ;
#512 = CARTESIAN_POINT ( 'NONE',  ( -45.50311546802591778, 81.06129703941358855, 1.500000000000000000 ) ) ;
#513 = EDGE_CURVE ( 'NONE', #1165, #4836, #557, .T. ) ;
#514 = EDGE_CURVE ( 'NONE', #1917, #397, #2518, .T. ) ;
#515 = ORIENTED_EDGE ( 'NONE', *, *, #4649, .F. ) ;
#516 = EDGE_LOOP ( 'NONE', ( #444, #2004, #299, #2895 ) ) ;
#517 = CARTESIAN_POINT ( 'NONE',  ( -77.55936546802593057, 19.14540727080201421, 1.500000000000000000 ) ) ;
#518 = DIRECTION ( 'NONE',  ( -1.000000000000000000, 2.479223918734477749E-16, -0.000000000000000000 ) ) ;
#519 = DIRECTION ( 'NONE',  ( 0.000000000000000000, -0.000000000000000000, -1.000000000000000000 ) ) ;
#520 = FACE_BOUND ( 'NONE', #1241, .T. ) ;
#521 = CARTESIAN_POINT ( 'NONE',  ( 4.657418437906826192, 33.63838606104052786, 1.500000000000000000 ) ) ;
#522 = CARTESIAN_POINT ( 'NONE',  ( -73.93093154632981623, 40.72173608680434853, 1.500000000000000000 ) ) ;
#523 = ORIENTED_EDGE ( 'NONE', *, *, #961, .F. ) ;
#524 = CARTESIAN_POINT ( 'NONE',  ( -73.93093154632981623, 16.62003100198857908, 0.000000000000000000 ) ) ;
#525 = ORIENTED_EDGE ( 'NONE', *, *, #4615, .T. ) ;
#526 = CIRCLE ( 'NONE', #3897, 5.000000000000031974 ) ;
#527 = CARTESIAN_POINT ( 'NONE',  ( -73.93093154632981623, 21.67078353961545645, 1.500000000000000000 ) ) ;
#528 = CARTESIAN_POINT ( 'NONE',  ( -21.83474173683937281, 40.72173608680434853, 1.500000000000000000 ) ) ;
#529 = AXIS2_PLACEMENT_3D ( 'NONE', #4806, #2982, #1878 ) ;
#530 = ORIENTED_EDGE ( 'NONE', *, *, #331, .T. ) ;
#531 = CARTESIAN_POINT ( 'NONE',  ( -35.83386419283842628, 35.67078353961546355, 1.500000000000000000 ) ) ;
#532 = ORIENTED_EDGE ( 'NONE', *, *, #2068, .T. ) ;
#533 = PLANE ( 'NONE',  #2410 ) ;
#534 = CARTESIAN_POINT ( 'NONE',  ( -97.89061546802592773, 69.10285215510766932, 1.500000000000000000 ) ) ;
#535 = EDGE_CURVE ( 'NONE', #3607, #643, #262, .T. ) ;
#536 = CIRCLE ( 'NONE', #1709, 1.100000000000003642 ) ;
#537 = ORIENTED_EDGE ( 'NONE', *, *, #1643, .F. ) ;
#538 = ORIENTED_EDGE ( 'NONE', *, *, #1249, .T. ) ;
#539 = DIRECTION ( 'NONE',  ( -0.000000000000000000, -0.000000000000000000, -1.000000000000000000 ) ) ;
#540 = DIRECTION ( 'NONE',  ( -0.000000000000000000, -0.000000000000000000, -1.000000000000000000 ) ) ;
#541 = CARTESIAN_POINT ( 'NONE',  ( -26.30936546802591280, 73.67113234831137447, 1.500000000000000000 ) ) ;
#542 = DIRECTION ( 'NONE',  ( -1.000000000000000000, -1.239100163902878166E-16, 0.000000000000000000 ) ) ;
#543 = VECTOR ( 'NONE', #3935, 1000.000000000000000 ) ;
#544 = PRODUCT ( 'Plate', 'Plate', '', ( #4129 ) ) ;
#545 = VECTOR ( 'NONE', #565, 1000.000000000000114 ) ;
#546 = LINE ( 'NONE', #2037, #3219 ) ;
#547 = CARTESIAN_POINT ( 'NONE',  ( -41.50936546802593341, 59.77268863487022088, 1.500000000000000000 ) ) ;
#548 = EDGE_LOOP ( 'NONE', ( #2975, #1060, #4801, #2263 ) ) ;
#549 = VECTOR ( 'NONE', #1792, 1000.000000000000000 ) ;
#550 = CARTESIAN_POINT ( 'NONE',  ( -11.40936546802591423, 74.77268863487022088, 1.500000000000000000 ) ) ;
#551 = ORIENTED_EDGE ( 'NONE', *, *, #2523, .T. ) ;
#552 = DIRECTION ( 'NONE',  ( -0.000000000000000000, -0.000000000000000000, -1.000000000000000000 ) ) ;
#553 = AXIS2_PLACEMENT_3D ( 'NONE', #3787, #3486, #2685 ) ;
#554 = EDGE_CURVE ( 'NONE', #3926, #3240, #4752, .T. ) ;
#555 = ADVANCED_FACE ( 'NONE', ( #161 ), #2047, .T. ) ;
#556 = VERTEX_POINT ( 'NONE', #1725 ) ;
#557 = LINE ( 'NONE', #1360, #4796 ) ;
#558 = EDGE_LOOP ( 'NONE', ( #817, #515, #2128, #1442 ) ) ;
#559 = DIRECTION ( 'NONE',  ( 1.000000000000000000, 0.000000000000000000, 0.000000000000000000 ) ) ;
#560 = CARTESIAN_POINT ( 'NONE',  ( -31.41989937395864274, -4.821376635130702581, 0.000000000000000000 ) ) ;
#561 = ADVANCED_FACE ( 'NONE', ( #182 ), #1679, .T. ) ;
#562 = VECTOR ( 'NONE', #1664, 1000.000000000000000 ) ;
#563 = VECTOR ( 'NONE', #3344, 1000.000000000000000 ) ;
#564 = ORIENTED_EDGE ( 'NONE', *, *, #2356, .F. ) ;
#565 = DIRECTION ( 'NONE',  ( -0.7071067811865493491, -0.7071067811865455743, 0.000000000000000000 ) ) ;
#566 = EDGE_LOOP ( 'NONE', ( #3655, #2303, #2266, #3844 ) ) ;
#567 = ORIENTED_EDGE ( 'NONE', *, *, #2027, .F. ) ;
#568 = CARTESIAN_POINT ( 'NONE',  ( -92.98779938972202785, 21.67078353961546000, 1.500000000000000000 ) ) ;
#569 = CARTESIAN_POINT ( 'NONE',  ( -92.98779938972202785, 2.619780989487944911, 1.500000000000000000 ) ) ;
#570 = CARTESIAN_POINT ( 'NONE',  ( -1.783779188959455642, 3.245407270802039168, 1.500000000000000000 ) ) ;
#571 = FACE_BOUND ( 'NONE', #119, .T. ) ;
#572 = FACE_OUTER_BOUND ( 'NONE', #4564, .T. ) ;
#573 = CARTESIAN_POINT ( 'NONE',  ( -64.40936546802592488, 73.67113234831137447, 1.500000000000000000 ) ) ;
#574 = VERTEX_POINT ( 'NONE', #635 ) ;
#575 = EDGE_CURVE ( 'NONE', #2053, #830, #4674, .T. ) ;
#576 = LINE ( 'NONE', #1329, #782 ) ;
#577 = VERTEX_POINT ( 'NONE', #4332 ) ;
#578 = FACE_BOUND ( 'NONE', #737, .T. ) ;
#579 = DIRECTION ( 'NONE',  ( 1.000000000000000000, 0.000000000000000000, 0.000000000000000000 ) ) ;
#580 = UNCERTAINTY_MEASURE_WITH_UNIT (LENGTH_MEASURE( 1.000000000000000082E-05 ), #4048, 'distance_accuracy_value', 'NONE');
#581 = ORIENTED_EDGE ( 'NONE', *, *, #4833, .T. ) ;
#582 = CARTESIAN_POINT ( 'NONE',  ( -64.34883156209319566, 105.0270809453463130, 1.500000000000000000 ) ) ;
#583 = VERTEX_POINT ( 'NONE', #4306 ) ;
#584 = VECTOR ( 'NONE', #2218, 1000.000000000000000 ) ;
#585 = CARTESIAN_POINT ( 'NONE',  ( 6.121884531974079557, 63.03178434324230039, 1.500000000000000000 ) ) ;
#586 = CARTESIAN_POINT ( 'NONE',  ( -5.021865468025909607, 97.73004703941359139, 1.500000000000000000 ) ) ;
#587 = EDGE_CURVE ( 'NONE', #4809, #1063, #946, .T. ) ;
#588 = ORIENTED_EDGE ( 'NONE', *, *, #191, .T. ) ;
#589 = CARTESIAN_POINT ( 'NONE',  ( -78.98779938972202785, 21.67078353961546000, 0.000000000000000000 ) ) ;
#590 = ORIENTED_EDGE ( 'NONE', *, *, #4092, .T. ) ;
#591 = VERTEX_POINT ( 'NONE', #582 ) ;
#592 = CARTESIAN_POINT ( 'NONE',  ( -12.30936546802591636, 59.77268863487024220, 1.500000000000000000 ) ) ;
#593 = DIRECTION ( 'NONE',  ( -0.000000000000000000, -0.000000000000000000, -1.000000000000000000 ) ) ;
#594 = CARTESIAN_POINT ( 'NONE',  ( -21.83474173683937281, 40.72173608680434853, 0.000000000000000000 ) ) ;
#595 = EDGE_CURVE ( 'NONE', #2714, #2197, #2070, .T. ) ;
#596 = CARTESIAN_POINT ( 'NONE',  ( -40.88486674321342207, 54.72160087992028821, 0.000000000000000000 ) ) ;
#597 = ADVANCED_FACE ( 'NONE', ( #281 ), #4105, .T. ) ;
#598 = DIRECTION ( 'NONE',  ( -0.000000000000000000, -1.000000000000000000, -0.000000000000000000 ) ) ;
#599 = CARTESIAN_POINT ( 'NONE',  ( -16.78377918895944632, 54.72160087992027400, 1.500000000000000000 ) ) ;
#600 = VERTEX_POINT ( 'NONE', #1040 ) ;
#601 = FACE_OUTER_BOUND ( 'NONE', #2588, .T. ) ;
#602 = ORIENTED_EDGE ( 'NONE', *, *, #4585, .T. ) ;
#603 = ADVANCED_FACE ( 'NONE', ( #2539 ), #1824, .T. ) ;
#604 = FACE_BOUND ( 'NONE', #3512, .T. ) ;
#605 = DIRECTION ( 'NONE',  ( 0.000000000000000000, 0.000000000000000000, 1.000000000000000000 ) ) ;
#606 = EDGE_CURVE ( 'NONE', #2767, #1413, #4034, .T. ) ;
#607 = DIRECTION ( 'NONE',  ( -1.000000000000000000, -0.000000000000000000, -0.000000000000000000 ) ) ;
#608 = AXIS2_PLACEMENT_3D ( 'NONE', #1294, #4266, #3391 ) ;
#609 = ORIENTED_EDGE ( 'NONE', *, *, #2730, .T. ) ;
#610 = CARTESIAN_POINT ( 'NONE',  ( -49.50936546802591209, 59.77268863487022088, 0.000000000000000000 ) ) ;
#611 = LINE ( 'NONE', #4754, #2725 ) ;
#612 = VECTOR ( 'NONE', #311, 1000.000000000000000 ) ;
#613 = VERTEX_POINT ( 'NONE', #1771 ) ;
#614 = LINE ( 'NONE', #4733, #333 ) ;
#615 = VERTEX_POINT ( 'NONE', #1848 ) ;
#616 = ORIENTED_EDGE ( 'NONE', *, *, #2036, .T. ) ;
#617 = ORIENTED_EDGE ( 'NONE', *, *, #2561, .T. ) ;
#618 = DIRECTION ( 'NONE',  ( -0.000000000000000000, -0.000000000000000000, -1.000000000000000000 ) ) ;
#619 = LINE ( 'NONE', #2504, #2244 ) ;
#620 = DIRECTION ( 'NONE',  ( -1.000000000000000000, -9.912801311223029271E-16, 0.000000000000000000 ) ) ;
#621 = DIRECTION ( 'NONE',  ( -8.325631980691103681E-16, 1.000000000000000000, 0.000000000000000000 ) ) ;
#622 = EDGE_CURVE ( 'NONE', #3699, #21, #725, .T. ) ;
#623 = EDGE_CURVE ( 'NONE', #4473, #2029, #1800, .T. ) ;
#624 = VECTOR ( 'NONE', #2788, 1000.000000000000000 ) ;
#625 = VECTOR ( 'NONE', #1996, 1000.000000000000000 ) ;
#626 = CARTESIAN_POINT ( 'NONE',  ( -101.8906154680258993, 63.03178434324227197, 0.000000000000000000 ) ) ;
#627 = CARTESIAN_POINT ( 'NONE',  ( -97.89061546802591351, -2.285842729197973267, 1.500000000000000000 ) ) ;
#628 = ADVANCED_FACE ( 'NONE', ( #1875 ), #676, .T. ) ;
#629 = ORIENTED_EDGE ( 'NONE', *, *, #2734, .F. ) ;
#630 = CARTESIAN_POINT ( 'NONE',  ( -49.50936546802591209, 59.77268863487022088, 0.000000000000000000 ) ) ;
#631 = FACE_OUTER_BOUND ( 'NONE', #3480, .T. ) ;
#632 = CARTESIAN_POINT ( 'NONE',  ( -16.78377918895944276, 26.14540727080203908, 0.000000000000000000 ) ) ;
#633 = EDGE_CURVE ( 'NONE', #423, #1711, #2615, .T. ) ;
#634 = VECTOR ( 'NONE', #717, 1000.000000000000000 ) ;
#635 = CARTESIAN_POINT ( 'NONE',  ( -54.88386419283836659, 40.72173608680434853, 1.500000000000000000 ) ) ;
#636 = ORIENTED_EDGE ( 'NONE', *, *, #1352, .T. ) ;
#637 = CARTESIAN_POINT ( 'NONE',  ( -73.93093154632981623, 35.67078353961544934, 0.000000000000000000 ) ) ;
#638 = CARTESIAN_POINT ( 'NONE',  ( -64.34883156209318145, 105.0270809453462988, 1.500000000000000000 ) ) ;
#639 = VECTOR ( 'NONE', #3220, 1000.000000000000000 ) ;
#640 = ADVANCED_FACE ( 'NONE', ( #356 ), #2191, .T. ) ;
#641 = ORIENTED_EDGE ( 'NONE', *, *, #952, .F. ) ;
#642 = CARTESIAN_POINT ( 'NONE',  ( -66.93436546802588794, 97.73004703941356297, 0.000000000000000000 ) ) ;
#643 = VERTEX_POINT ( 'NONE', #1479 ) ;
#644 = VERTEX_POINT ( 'NONE', #2164 ) ;
#645 = ORIENTED_EDGE ( 'NONE', *, *, #514, .T. ) ;
#646 = CARTESIAN_POINT ( 'NONE',  ( -97.89061546802591351, 0.8891572708020264448, 1.500000000000000000 ) ) ;
#647 = CARTESIAN_POINT ( 'NONE',  ( -64.40936546802592488, 59.77268863487022799, 1.500000000000000000 ) ) ;
#648 = CARTESIAN_POINT ( 'NONE',  ( -2.783779188959446316, 40.72173608680434853, 1.500000000000000000 ) ) ;
#649 = VECTOR ( 'NONE', #2707, 1000.000000000000000 ) ;
#650 = CARTESIAN_POINT ( 'NONE',  ( -101.8906154680259135, 37.17391996697324430, 0.000000000000000000 ) ) ;
#651 = PLANE ( 'NONE',  #2509 ) ;
#652 = EDGE_CURVE ( 'NONE', #1561, #1281, #4475, .T. ) ;
#653 = ORIENTED_EDGE ( 'NONE', *, *, #233, .T. ) ;
#654 = FACE_BOUND ( 'NONE', #1262, .T. ) ;
#655 = DIRECTION ( 'NONE',  ( -0.000000000000000000, -0.000000000000000000, -1.000000000000000000 ) ) ;
#656 = CARTESIAN_POINT ( 'NONE',  ( -59.93684684209465274, 54.72160087992026689, 1.500000000000000000 ) ) ;
#657 = EDGE_CURVE ( 'NONE', #39, #1245, #381, .T. ) ;
#658 = ADVANCED_FACE ( 'NONE', ( #17 ), #4802, .T. ) ;
#659 = VECTOR ( 'NONE', #3696, 1000.000000000000000 ) ;
#660 = LINE ( 'NONE', #1458, #2177 ) ;
#661 = LINE ( 'NONE', #4335, #4369 ) ;
#662 = ORIENTED_EDGE ( 'NONE', *, *, #2887, .F. ) ;
#663 = DIRECTION ( 'NONE',  ( -1.000000000000000000, -4.956663480669602421E-16, -0.000000000000000000 ) ) ;
#664 = VECTOR ( 'NONE', #2398, 1000.000000000000000 ) ;
#665 = EDGE_LOOP ( 'NONE', ( #2396, #1077, #338, #3154 ) ) ;
#666 = EDGE_LOOP ( 'NONE', ( #4020, #4794, #2705, #122 ) ) ;
#667 = ORIENTED_EDGE ( 'NONE', *, *, #2639, .T. ) ;
#668 = CARTESIAN_POINT ( 'NONE',  ( -16.78377918895944632, 12.14540727080204086, 0.000000000000000000 ) ) ;
#669 = DIRECTION ( 'NONE',  ( 8.673617379884035472E-16, -1.000000000000000000, -0.000000000000000000 ) ) ;
#670 = EDGE_CURVE ( 'NONE', #2704, #3537, #2930, .T. ) ;
#671 = CARTESIAN_POINT ( 'NONE',  ( -49.50936546802591209, 74.77268863487022088, 1.500000000000000000 ) ) ;
#672 = ORIENTED_EDGE ( 'NONE', *, *, #1999, .T. ) ;
#673 = CARTESIAN_POINT ( 'NONE',  ( -59.93684684209464564, 40.72173608680434853, 1.500000000000000000 ) ) ;
#674 = CARTESIAN_POINT ( 'NONE',  ( -73.30936546802591636, 74.77268863487022088, 1.500000000000000000 ) ) ;
#675 = APPLICATION_PROTOCOL_DEFINITION ( 'draft international standard', 'automotive_design', 1998, #4748 ) ;
#676 = PLANE ( 'NONE',  #3071 ) ;
#677 = DIRECTION ( 'NONE',  ( 1.000000000000000000, -0.000000000000000000, -0.000000000000000000 ) ) ;
#678 = LINE ( 'NONE', #4059, #4839 ) ;
#679 = VECTOR ( 'NONE', #4530, 1000.000000000000000 ) ;
#680 = ORIENTED_EDGE ( 'NONE', *, *, #513, .T. ) ;
#681 = CARTESIAN_POINT ( 'NONE',  ( -78.98779938972202785, 21.67078353961546000, 0.000000000000000000 ) ) ;
#682 = ORIENTED_EDGE ( 'NONE', *, *, #3887, .T. ) ;
#683 = ORIENTED_EDGE ( 'NONE', *, *, #112, .T. ) ;
#684 = ORIENTED_EDGE ( 'NONE', *, *, #2028, .T. ) ;
#685 = CARTESIAN_POINT ( 'NONE',  ( -35.83386419283842628, 21.67078353961545645, 1.500000000000000000 ) ) ;
#686 = DIRECTION ( 'NONE',  ( 0.000000000000000000, -1.000000000000000000, 0.000000000000000000 ) ) ;
#687 = VECTOR ( 'NONE', #4215, 1000.000000000000000 ) ;
#688 = ORIENTED_EDGE ( 'NONE', *, *, #2176, .T. ) ;
#689 = ORIENTED_EDGE ( 'NONE', *, *, #3667, .F. ) ;
#690 = DIRECTION ( 'NONE',  ( -0.000000000000000000, -0.000000000000000000, -1.000000000000000000 ) ) ;
#691 = CARTESIAN_POINT ( 'NONE',  ( -40.88486674321343628, 40.72173608680434853, 0.000000000000000000 ) ) ;
#692 = ORIENTED_EDGE ( 'NONE', *, *, #1777, .F. ) ;
#693 = EDGE_CURVE ( 'NONE', #4563, #556, #3275, .T. ) ;
#694 = VECTOR ( 'NONE', #2467, 1000.000000000000000 ) ;
#695 = VECTOR ( 'NONE', #4448, 1000.000000000000000 ) ;
#696 = LINE ( 'NONE', #3390, #4725 ) ;
#697 = CARTESIAN_POINT ( 'NONE',  ( -101.8906154680259135, 37.17391996697324430, 1.500000000000000000 ) ) ;
#698 = VERTEX_POINT ( 'NONE', #2562 ) ;
#699 = VECTOR ( 'NONE', #36, 1000.000000000000000 ) ;
#700 = LINE ( 'NONE', #3689, #3482 ) ;
#702 = ORIENTED_EDGE ( 'NONE', *, *, #3254, .F. ) ;
#701 = VECTOR ( 'NONE', #176, 1000.000000000000000 ) ;
#703 = DIRECTION ( 'NONE',  ( -1.000000000000000000, 0.000000000000000000, 0.000000000000000000 ) ) ;
#704 = CARTESIAN_POINT ( 'NONE',  ( -1.783779188959465412, 35.04540727080203766, 1.500000000000000000 ) ) ;
#705 = EDGE_CURVE ( 'NONE', #4412, #3481, #700, .T. ) ;
#706 = EDGE_CURVE ( 'NONE', #4217, #4190, #3322, .T. ) ;
#707 = VERTEX_POINT ( 'NONE', #4450 ) ;
#708 = CARTESIAN_POINT ( 'NONE',  ( -100.4261493739585944, 66.56731824917505946, 0.000000000000000000 ) ) ;
#709 = VERTEX_POINT ( 'NONE', #1087 ) ;
#710 = ORIENTED_EDGE ( 'NONE', *, *, #4331, .F. ) ;
#711 = ORIENTED_EDGE ( 'NONE', *, *, #456, .T. ) ;
#712 = LINE ( 'NONE', #2200, #4453 ) ;
#713 = CARTESIAN_POINT ( 'NONE',  ( -78.98779938972202785, 40.72173608680434853, 1.500000000000000000 ) ) ;
#714 = EDGE_LOOP ( 'NONE', ( #2741, #4669, #4819, #432 ) ) ;
#715 = EDGE_LOOP ( 'NONE', ( #2794, #4409, #1548, #4711 ) ) ;
#716 =( NAMED_UNIT ( * ) PLANE_ANGLE_UNIT ( ) SI_UNIT ( $, .RADIAN. ) );
#717 = DIRECTION ( 'NONE',  ( -0.000000000000000000, -0.000000000000000000, -1.000000000000000000 ) ) ;
#718 = VERTEX_POINT ( 'NONE', #2587 ) ;
#719 = VECTOR ( 'NONE', #2083, 1000.000000000000000 ) ;
#720 = EDGE_CURVE ( 'NONE', #2132, #2915, #1529, .T. ) ;
#721 = DIRECTION ( 'NONE',  ( -0.000000000000000000, 0.000000000000000000, 1.000000000000000000 ) ) ;
#722 = CARTESIAN_POINT ( 'NONE',  ( -94.81643493697376357, 99.31654703941356388, 1.500000000000000000 ) ) ;
#723 = EDGE_CURVE ( 'NONE', #4587, #3548, #776, .T. ) ;
#724 = ORIENTED_EDGE ( 'NONE', *, *, #3487, .T. ) ;
#725 = LINE ( 'NONE', #4012, #2437 ) ;
#727 = ORIENTED_EDGE ( 'NONE', *, *, #2838, .F. ) ;
#726 = VECTOR ( 'NONE', #2498, 1000.000000000000000 ) ;
#728 = CARTESIAN_POINT ( 'NONE',  ( -35.83386419283842628, 35.67078353961546355, 1.500000000000000000 ) ) ;
#729 = LINE ( 'NONE', #2242, #4060 ) ;
#730 = VERTEX_POINT ( 'NONE', #1576 ) ;
#731 = CARTESIAN_POINT ( 'NONE',  ( -21.83474173683936570, 21.67078353961546000, 1.500000000000000000 ) ) ;
#732 = CARTESIAN_POINT ( 'NONE',  ( -40.88486674321343628, 40.72173608680434853, 1.500000000000000000 ) ) ;
#733 = ORIENTED_EDGE ( 'NONE', *, *, #1211, .F. ) ;
#734 = EDGE_CURVE ( 'NONE', #2750, #833, #1189, .T. ) ;
#735 = CARTESIAN_POINT ( 'NONE',  ( -92.98779938972202785, 54.72160087992026689, 0.000000000000000000 ) ) ;
#736 = PLANE ( 'NONE',  #841 ) ;
#737 = EDGE_LOOP ( 'NONE', ( #3852, #4676, #357, #4442 ) ) ;
#738 = ADVANCED_FACE ( 'NONE', ( #3055 ), #2638, .F. ) ;
#739 = EDGE_LOOP ( 'NONE', ( #1808, #4307, #1944, #434 ) ) ;
#740 = DIRECTION ( 'NONE',  ( 0.000000000000000000, 0.000000000000000000, 1.000000000000000000 ) ) ;
#741 = AXIS2_PLACEMENT_3D ( 'NONE', #2314, #3795, #4183 ) ;
#742 = CARTESIAN_POINT ( 'NONE',  ( -35.83386419283842628, 2.619780989487944911, 1.500000000000000000 ) ) ;
#743 = LINE ( 'NONE', #375, #4420 ) ;
#744 = DIRECTION ( 'NONE',  ( -1.000000000000000000, 0.000000000000000000, 0.000000000000000000 ) ) ;
#745 = LINE ( 'NONE', #3877, #1303 ) ;
#746 = DIRECTION ( 'NONE',  ( 1.000000000000000000, 0.000000000000000000, 0.000000000000000000 ) ) ;
#747 = ADVANCED_FACE ( 'NONE', ( #479 ), #1992, .F. ) ;
#748 = EDGE_LOOP ( 'NONE', ( #1952, #145, #4619, #4040 ) ) ;
#749 = VERTEX_POINT ( 'NONE', #4550 ) ;
#750 = DIRECTION ( 'NONE',  ( 0.000000000000000000, 0.000000000000000000, -1.000000000000000000 ) ) ;
#751 = EDGE_CURVE ( 'NONE', #2681, #4157, #1164, .T. ) ;
#752 = EDGE_LOOP ( 'NONE', ( #2313, #2483, #209, #2397 ) ) ;
#753 = DIRECTION ( 'NONE',  ( 0.000000000000000000, -0.000000000000000000, -1.000000000000000000 ) ) ;
#754 = PLANE ( 'NONE',  #1776 ) ;
#755 = VERTEX_POINT ( 'NONE', #2312 ) ;
#756 = LINE ( 'NONE', #4828, #3419 ) ;
#757 = LINE ( 'NONE', #1195, #4672 ) ;
#758 = ORIENTED_EDGE ( 'NONE', *, *, #1125, .T. ) ;
#759 = CARTESIAN_POINT ( 'NONE',  ( -16.78377918895944987, 3.245407270802034727, 1.500000000000000000 ) ) ;
#760 = CARTESIAN_POINT ( 'NONE',  ( -73.30936546802590215, 59.77268863487022088, 1.500000000000000000 ) ) ;
#761 = AXIS2_PLACEMENT_3D ( 'NONE', #3187, #2134, #2824 ) ;
#762 = ORIENTED_EDGE ( 'NONE', *, *, #3359, .T. ) ;
#763 = ORIENTED_EDGE ( 'NONE', *, *, #751, .T. ) ;
#764 = CARTESIAN_POINT ( 'NONE',  ( -3.409365468025916002, 74.77268863487022088, 1.500000000000000000 ) ) ;
#765 = CARTESIAN_POINT ( 'NONE',  ( -21.83474173683936215, 54.72160087992027400, 1.500000000000000000 ) ) ;
#766 = ADVANCED_FACE ( 'NONE', ( #110 ), #4180, .T. ) ;
#767 = EDGE_CURVE ( 'NONE', #2280, #2189, #870, .T. ) ;
#768 = CARTESIAN_POINT ( 'NONE',  ( -92.98779938972202785, 16.62003100198857553, 1.500000000000000000 ) ) ;
#769 = DIRECTION ( 'NONE',  ( 1.000000000000000000, 0.000000000000000000, -0.000000000000000000 ) ) ;
#770 = EDGE_CURVE ( 'NONE', #4473, #600, #826, .T. ) ;
#771 = CARTESIAN_POINT ( 'NONE',  ( -94.81643493697380620, 102.4915470394135610, 1.500000000000000000 ) ) ;
#772 = EDGE_LOOP ( 'NONE', ( #116, #3373, #581, #4785 ) ) ;
#773 = EDGE_LOOP ( 'NONE', ( #1767, #4007, #3350, #682 ) ) ;
#774 = APPLICATION_PROTOCOL_DEFINITION ( 'draft international standard', 'automotive_design', 1998, #4212 ) ;
#775 = VECTOR ( 'NONE', #114, 1000.000000000000000 ) ;
#776 = LINE ( 'NONE', #86, #3956 ) ;
#777 = VERTEX_POINT ( 'NONE', #2713 ) ;
#778 = CARTESIAN_POINT ( 'NONE',  ( -73.93093154632981623, 40.72173608680434853, 1.500000000000000000 ) ) ;
#779 = FACE_OUTER_BOUND ( 'NONE', #230, .T. ) ;
#780 = EDGE_CURVE ( 'NONE', #365, #1949, #61, .T. ) ;
#781 = VECTOR ( 'NONE', #4152, 1000.000000000000000 ) ;
#782 = VECTOR ( 'NONE', #1650, 1000.000000000000000 ) ;
#783 = ORIENTED_EDGE ( 'NONE', *, *, #1253, .T. ) ;
#784 = DIRECTION ( 'NONE',  ( 0.7071067811865552333, 0.7071067811865398012, 0.000000000000000000 ) ) ;
#785 = DIRECTION ( 'NONE',  ( -0.000000000000000000, -0.000000000000000000, -1.000000000000000000 ) ) ;
#786 = EDGE_LOOP ( 'NONE', ( #3741, #3941, #1344, #3624 ) ) ;
#787 = CARTESIAN_POINT ( 'NONE',  ( -65.30936546802591636, 59.77268863487022088, 0.000000000000000000 ) ) ;
#788 = LINE ( 'NONE', #2277, #2951 ) ;
#789 = EDGE_CURVE ( 'NONE', #4814, #4177, #1943, .T. ) ;
#790 = VECTOR ( 'NONE', #2880, 1000.000000000000000 ) ;
#791 = VERTEX_POINT ( 'NONE', #2737 ) ;
#792 = EDGE_LOOP ( 'NONE', ( #1432, #489, #525, #1661 ) ) ;
#793 = DIRECTION ( 'NONE',  ( -0.7071067811865493491, -0.7071067811865455743, 0.000000000000000000 ) ) ;
#794 = CARTESIAN_POINT ( 'NONE',  ( 1.121884531974079779, 63.03178434324230039, 1.500000000000000000 ) ) ;
#795 = CIRCLE ( 'NONE', #553, 3.174999999999999822 ) ;
#796 = CARTESIAN_POINT ( 'NONE',  ( -16.78377918895944632, 12.14540727080204086, 1.500000000000000000 ) ) ;
#797 = CARTESIAN_POINT ( 'NONE',  ( -16.78377918895946763, 11.24540727080203339, 1.500000000000000000 ) ) ;
#798 = LINE ( 'NONE', #2285, #1168 ) ;
#799 = AXIS2_PLACEMENT_3D ( 'NONE', #1713, #1346, #4021 ) ;
#800 = ORIENTED_EDGE ( 'NONE', *, *, #2454, .F. ) ;
#801 = VERTEX_POINT ( 'NONE', #2363 ) ;
#802 = CIRCLE ( 'NONE', #3300, 4.999999999999990230 ) ;
#803 = DIRECTION ( 'NONE',  ( -0.000000000000000000, -0.000000000000000000, -1.000000000000000000 ) ) ;
#804 = ORIENTED_EDGE ( 'NONE', *, *, #106, .T. ) ;
#805 = CARTESIAN_POINT ( 'NONE',  ( -66.88436546802597604, 102.4915470394135184, 1.500000000000000000 ) ) ;
#806 = DIRECTION ( 'NONE',  ( 0.000000000000000000, 0.000000000000000000, -1.000000000000000000 ) ) ;
#807 = ORIENTED_EDGE ( 'NONE', *, *, #4762, .T. ) ;
#808 = CARTESIAN_POINT ( 'NONE',  ( -65.30936546802591636, 59.77268863487022088, 1.500000000000000000 ) ) ;
#809 = EDGE_CURVE ( 'NONE', #3658, #2577, #3769, .T. ) ;
#810 = ADVANCED_FACE ( 'NONE', ( #2690 ), #1551, .T. ) ;
#811 = CARTESIAN_POINT ( 'NONE',  ( -41.50936546802591920, 74.77268863487022088, 1.500000000000000000 ) ) ;
#812 = EDGE_LOOP ( 'NONE', ( #265, #62, #1237, #2665 ) ) ;
#813 = CARTESIAN_POINT ( 'NONE',  ( -45.50311546802591778, 97.73004703941357718, 1.500000000000000000 ) ) ;
#814 = CARTESIAN_POINT ( 'NONE',  ( -59.93684684209464564, 2.619780989487944911, 1.500000000000000000 ) ) ;
#815 = EDGE_CURVE ( 'NONE', #4436, #39, #4622, .T. ) ;
#816 = VERTEX_POINT ( 'NONE', #3838 ) ;
#817 = ORIENTED_EDGE ( 'NONE', *, *, #267, .T. ) ;
#818 = FACE_OUTER_BOUND ( 'NONE', #3572, .T. ) ;
#819 = VECTOR ( 'NONE', #43, 1000.000000000000000 ) ;
#820 = FACE_OUTER_BOUND ( 'NONE', #1976, .T. ) ;
#821 = AXIS2_PLACEMENT_3D ( 'NONE', #1064, #2193, #4552 ) ;
#822 = DIRECTION ( 'NONE',  ( -0.000000000000000000, -1.000000000000000000, -0.000000000000000000 ) ) ;
#823 = CARTESIAN_POINT ( 'NONE',  ( -19.30936546802593412, 19.14540727080202132, 1.500000000000000000 ) ) ;
#824 = ORIENTED_EDGE ( 'NONE', *, *, #4028, .T. ) ;
#825 = VERTEX_POINT ( 'NONE', #3467 ) ;
#826 = LINE ( 'NONE', #3814, #3252 ) ;
#827 = ORIENTED_EDGE ( 'NONE', *, *, #2709, .F. ) ;
#828 = CARTESIAN_POINT ( 'NONE',  ( -5.021865468025909607, 97.73004703941359139, 1.500000000000000000 ) ) ;
#829 = DIRECTION ( 'NONE',  ( -0.000000000000000000, -1.000000000000000000, -0.000000000000000000 ) ) ;
#830 = VERTEX_POINT ( 'NONE', #38 ) ;
#831 = DIRECTION ( 'NONE',  ( -0.000000000000000000, -1.000000000000000000, -0.000000000000000000 ) ) ;
#832 = DIRECTION ( 'NONE',  ( -0.000000000000000000, -0.000000000000000000, -1.000000000000000000 ) ) ;
#833 = VERTEX_POINT ( 'NONE', #3490 ) ;
#834 = CARTESIAN_POINT ( 'NONE',  ( -35.83386419283842628, 54.72160087992027400, 1.500000000000000000 ) ) ;
#835 = CARTESIAN_POINT ( 'NONE',  ( -92.98779938972202785, 16.62003100198857553, 1.500000000000000000 ) ) ;
#836 = ORIENTED_EDGE ( 'NONE', *, *, #2316, .F. ) ;
#837 = ORIENTED_EDGE ( 'NONE', *, *, #3840, .F. ) ;
#838 = CARTESIAN_POINT ( 'NONE',  ( -26.30936546802591280, 73.67113234831137447, 1.500000000000000000 ) ) ;
#839 = CARTESIAN_POINT ( 'NONE',  ( -66.93436546802588794, 97.73004703941356297, 1.500000000000000000 ) ) ;
#840 = DIRECTION ( 'NONE',  ( -2.478132139680213743E-16, 1.000000000000000000, -0.000000000000000000 ) ) ;
#841 = AXIS2_PLACEMENT_3D ( 'NONE', #4116, #1859, #2226 ) ;
#842 = FACE_OUTER_BOUND ( 'NONE', #3780, .T. ) ;
#843 = LINE ( 'NONE', #477, #699 ) ;
#844 = AXIS2_PLACEMENT_3D ( 'NONE', #2284, #769, #3736 ) ;
#845 = ORIENTED_EDGE ( 'NONE', *, *, #3825, .F. ) ;
#846 = EDGE_CURVE ( 'NONE', #574, #2916, #131, .T. ) ;
#847 = DIRECTION ( 'NONE',  ( 0.000000000000000000, 0.000000000000000000, 1.000000000000000000 ) ) ;
#848 = ORIENTED_EDGE ( 'NONE', *, *, #1402, .F. ) ;
#849 = LINE ( 'NONE', #3771, #4104 ) ;
#850 = CARTESIAN_POINT ( 'NONE',  ( -21.83474173683936215, 54.72160087992027400, 1.500000000000000000 ) ) ;
#851 = EDGE_LOOP ( 'NONE', ( #2239, #3836, #1505, #4510 ) ) ;
#852 = DIRECTION ( 'NONE',  ( 1.000000000000000000, 0.000000000000000000, 0.000000000000000000 ) ) ;
#853 = VECTOR ( 'NONE', #4677, 1000.000000000000000 ) ;
#854 = VECTOR ( 'NONE', #3661, 1000.000000000000000 ) ;
#855 = ORIENTED_EDGE ( 'NONE', *, *, #2217, .T. ) ;
#856 = DIRECTION ( 'NONE',  ( -0.000000000000000000, 0.000000000000000000, 1.000000000000000000 ) ) ;
#857 = CARTESIAN_POINT ( 'NONE',  ( -34.95543327989138049, -6.285842729197963052, 0.000000000000000000 ) ) ;
#858 = EDGE_CURVE ( 'NONE', #3992, #2548, #409, .T. ) ;
#859 = VERTEX_POINT ( 'NONE', #2384 ) ;
#860 = VERTEX_POINT ( 'NONE', #156 ) ;
#861 = LINE ( 'NONE', #3734, #3399 ) ;
#862 = PLANE ( 'NONE',  #4009 ) ;
#863 = DIRECTION ( 'NONE',  ( 1.000000000000000000, 0.000000000000000000, 0.000000000000000000 ) ) ;
#864 = VECTOR ( 'NONE', #127, 1000.000000000000000 ) ;
#865 = PLANE ( 'NONE',  #4549 ) ;
#866 = AXIS2_PLACEMENT_3D ( 'NONE', #4419, #1128, #2970 ) ;
#867 = CARTESIAN_POINT ( 'NONE',  ( -49.50936546802591209, 59.77268863487022088, 1.500000000000000000 ) ) ;
#868 = ORIENTED_EDGE ( 'NONE', *, *, #3558, .F. ) ;
#869 = ADVANCED_FACE ( 'NONE', ( #1746 ), #4668, .T. ) ;
#870 = LINE ( 'NONE', #1599, #508 ) ;
#871 = ORIENTED_EDGE ( 'NONE', *, *, #96, .F. ) ;
#872 = EDGE_CURVE ( 'NONE', #2548, #2448, #3885, .T. ) ;
#873 = CARTESIAN_POINT ( 'NONE',  ( 2.121884531974080446, 69.10285215510769774, 1.500000000000000000 ) ) ;
#874 = DIRECTION ( 'NONE',  ( 0.000000000000000000, 0.000000000000000000, -1.000000000000000000 ) ) ;
#875 = EDGE_CURVE ( 'NONE', #791, #4445, #576, .T. ) ;
#876 = AXIS2_PLACEMENT_3D ( 'NONE', #103, #887, #4612 ) ;
#877 = VECTOR ( 'NONE', #4001, 1000.000000000000000 ) ;
#878 = EDGE_LOOP ( 'NONE', ( #1518, #684, #3767, #1111 ) ) ;
#879 = DIRECTION ( 'NONE',  ( 0.000000000000000000, 0.000000000000000000, -1.000000000000000000 ) ) ;
#880 = ORIENTED_EDGE ( 'NONE', *, *, #2838, .T. ) ;
#881 = PLANE ( 'NONE',  #3200 ) ;
#882 = DIRECTION ( 'NONE',  ( 1.000000000000000000, 0.000000000000000000, 0.000000000000000000 ) ) ;
#883 = VERTEX_POINT ( 'NONE', #992 ) ;
#884 = ORIENTED_EDGE ( 'NONE', *, *, #4466, .F. ) ;
#885 = PLANE ( 'NONE',  #3557 ) ;
#886 = PLANE ( 'NONE',  #3270 ) ;
#887 = DIRECTION ( 'NONE',  ( -1.000000000000000000, -5.421010862427523403E-17, 0.000000000000000000 ) ) ;
#888 = DIRECTION ( 'NONE',  ( -1.000000000000000000, 0.000000000000000000, -0.000000000000000000 ) ) ;
#889 = CARTESIAN_POINT ( 'NONE',  ( -16.78377918895944987, 26.14540727080203908, 1.500000000000000000 ) ) ;
#890 = CYLINDRICAL_SURFACE ( 'NONE', #2579, 1.100000000000003642 ) ;
#891 = EDGE_LOOP ( 'NONE', ( #84, #3232, #1440, #4088 ) ) ;
#892 = FACE_OUTER_BOUND ( 'NONE', #501, .T. ) ;
#893 = EDGE_LOOP ( 'NONE', ( #396, #4708, #3646, #2931 ) ) ;
#894 = ADVANCED_FACE ( 'NONE', ( #892 ), #2433, .T. ) ;
#895 = DIRECTION ( 'NONE',  ( 2.478176394252582127E-16, -1.000000000000000000, 0.000000000000000000 ) ) ;
#896 = LINE ( 'NONE', #2093, #1081 ) ;
#897 = ORIENTED_EDGE ( 'NONE', *, *, #2878, .T. ) ;
#898 = CARTESIAN_POINT ( 'NONE',  ( -2.783779188959449868, 12.14540727080204263, 0.000000000000000000 ) ) ;
#899 = ORIENTED_EDGE ( 'NONE', *, *, #3409, .T. ) ;
#900 = DIRECTION ( 'NONE',  ( -1.000000000000000000, -6.938893903907229364E-16, 0.000000000000000000 ) ) ;
#901 = CARTESIAN_POINT ( 'NONE',  ( -1.783779188959465856, 27.04540727080204832, 1.500000000000000000 ) ) ;
#902 = ORIENTED_EDGE ( 'NONE', *, *, #4093, .F. ) ;
#903 = ORIENTED_EDGE ( 'NONE', *, *, #3211, .F. ) ;
#904 = DIRECTION ( 'NONE',  ( 9.251858538542975772E-16, -1.000000000000000000, -0.000000000000000000 ) ) ;
#905 = DIRECTION ( 'NONE',  ( 1.000000000000000000, 4.956352788505164254E-16, -0.000000000000000000 ) ) ;
#906 = CARTESIAN_POINT ( 'NONE',  ( -73.93093154632981623, 35.67078353961544934, 1.500000000000000000 ) ) ;
#907 = DIRECTION ( 'NONE',  ( 9.912801311223015466E-16, 1.000000000000000000, -0.000000000000000000 ) ) ;
#908 = PLANE ( 'NONE',  #4469 ) ;
#909 = AXIS2_PLACEMENT_3D ( 'NONE', #1584, #3086, #465 ) ;
#910 = EDGE_CURVE ( 'NONE', #1454, #3209, #914, .T. ) ;
#911 = CARTESIAN_POINT ( 'NONE',  ( -64.34883156209319566, 105.0270809453463130, 0.000000000000000000 ) ) ;
#912 = EDGE_CURVE ( 'NONE', #2815, #244, #3149, .T. ) ;
#913 = ORIENTED_EDGE ( 'NONE', *, *, #3675, .F. ) ;
#914 = LINE ( 'NONE', #2407, #3516 ) ;
#915 = ORIENTED_EDGE ( 'NONE', *, *, #3733, .F. ) ;
#916 = EDGE_CURVE ( 'NONE', #3947, #2812, #1280, .T. ) ;
#917 = CARTESIAN_POINT ( 'NONE',  ( -59.93684684209464564, 2.619780989487944911, 0.000000000000000000 ) ) ;
#918 = ORIENTED_EDGE ( 'NONE', *, *, #3598, .F. ) ;
#919 = CARTESIAN_POINT ( 'NONE',  ( -2.783779188959451645, 26.14540727080203197, 0.000000000000000000 ) ) ;
#920 = ORIENTED_EDGE ( 'NONE', *, *, #3021, .F. ) ;
#921 = LINE ( 'NONE', #2416, #223 ) ;
#922 = DIRECTION ( 'NONE',  ( -1.000000000000000000, -0.000000000000000000, -0.000000000000000000 ) ) ;
#923 = EDGE_LOOP ( 'NONE', ( #4145, #3959, #4062, #653 ) ) ;
#924 = CIRCLE ( 'NONE', #4689, 3.174999999999999822 ) ;
#925 = CARTESIAN_POINT ( 'NONE',  ( -78.98779938972202785, 21.67078353961546000, 1.500000000000000000 ) ) ;
#926 = AXIS2_PLACEMENT_3D ( 'NONE', #943, #2119, #4648 ) ;
#927 = EDGE_LOOP ( 'NONE', ( #1310, #1355, #1190, #2077 ) ) ;
#928 = VERTEX_POINT ( 'NONE', #2064 ) ;
#929 = CARTESIAN_POINT ( 'NONE',  ( -16.78377918895946053, 35.04540727080203766, 1.500000000000000000 ) ) ;
#930 = PLANE ( 'NONE',  #4205 ) ;
#931 = ADVANCED_FACE ( 'NONE', ( #2859 ), #4326, .F. ) ;
#932 = DIRECTION ( 'NONE',  ( 4.625929269271492816E-16, 1.000000000000000000, 0.000000000000000000 ) ) ;
#933 = DIRECTION ( 'NONE',  ( 0.000000000000000000, 0.000000000000000000, -1.000000000000000000 ) ) ;
#934 = VECTOR ( 'NONE', #3221, 1000.000000000000000 ) ;
#935 = AXIS2_PLACEMENT_3D ( 'NONE', #4658, #2845, #4337 ) ;
#936 = FACE_OUTER_BOUND ( 'NONE', #1429, .T. ) ;
#937 = CARTESIAN_POINT ( 'NONE',  ( -92.98779938972202785, 73.67113234831137447, 1.500000000000000000 ) ) ;
#938 = ORIENTED_EDGE ( 'NONE', *, *, #3338, .T. ) ;
#939 = CIRCLE ( 'NONE', #4386, 1.100000000000003642 ) ;
#940 = DIRECTION ( 'NONE',  ( -0.000000000000000000, 1.000000000000000000, -0.000000000000000000 ) ) ;
#941 = ORIENTED_EDGE ( 'NONE', *, *, #1747, .T. ) ;
#942 = FACE_BOUND ( 'NONE', #2938, .T. ) ;
#943 = CARTESIAN_POINT ( 'NONE',  ( -34.95543327989138049, -1.285842729197964163, 0.000000000000000000 ) ) ;
#944 = VECTOR ( 'NONE', #1717, 1000.000000000000000 ) ;
#945 = EDGE_LOOP ( 'NONE', ( #4827, #1102, #4555, #154 ) ) ;
#946 = LINE ( 'NONE', #3203, #4162 ) ;
#947 = ADVANCED_FACE ( 'NONE', ( #601 ), #4646, .T. ) ;
#948 = VERTEX_POINT ( 'NONE', #967 ) ;
#949 = FACE_OUTER_BOUND ( 'NONE', #2927, .T. ) ;
#950 = CARTESIAN_POINT ( 'NONE',  ( -73.93093154632981623, 16.62003100198857908, 1.500000000000000000 ) ) ;
#951 = AXIS2_PLACEMENT_3D ( 'NONE', #996, #4702, #207 ) ;
#952 = EDGE_CURVE ( 'NONE', #2189, #4190, #2818, .T. ) ;
#953 = VERTEX_POINT ( 'NONE', #3563 ) ;
#954 = PLANE ( 'NONE',  #935 ) ;
#955 = VERTEX_POINT ( 'NONE', #3539 ) ;
#956 = VERTEX_POINT ( 'NONE', #4273 ) ;
#957 = LINE ( 'NONE', #4365, #4160 ) ;
#958 = CARTESIAN_POINT ( 'NONE',  ( -35.83386419283842628, 35.67078353961546355, 0.000000000000000000 ) ) ;
#959 = PLANE ( 'NONE',  #3533 ) ;
#960 = CARTESIAN_POINT ( 'NONE',  ( -97.89061546802591351, 78.68004703941353739, 0.000000000000000000 ) ) ;
#961 = EDGE_CURVE ( 'NONE', #3688, #3751, #3911, .T. ) ;
#962 = VECTOR ( 'NONE', #2914, 1000.000000000000000 ) ;
#963 = DIRECTION ( 'NONE',  ( -0.000000000000000000, -0.000000000000000000, -1.000000000000000000 ) ) ;
#964 = EDGE_CURVE ( 'NONE', #1015, #1393, #3195, .T. ) ;
#965 = CARTESIAN_POINT ( 'NONE',  ( -66.88436546802597604, 102.4915470394135184, 1.500000000000000000 ) ) ;
#966 = ORIENTED_EDGE ( 'NONE', *, *, #657, .F. ) ;
#967 = CARTESIAN_POINT ( 'NONE',  ( -11.40936546802591423, 74.77268863487022088, 0.000000000000000000 ) ) ;
#968 = ORIENTED_EDGE ( 'NONE', *, *, #2175, .T. ) ;
#969 = DIRECTION ( 'NONE',  ( 1.000000000000000000, -0.000000000000000000, -0.000000000000000000 ) ) ;
#970 = CARTESIAN_POINT ( 'NONE',  ( -59.93684684209464564, 35.67078353961546355, 1.500000000000000000 ) ) ;
#971 = DIRECTION ( 'NONE',  ( -1.000000000000000000, 0.000000000000000000, 0.000000000000000000 ) ) ;
#972 = EDGE_LOOP ( 'NONE', ( #3648, #3239, #4244, #3393 ) ) ;
#973 = AXIS2_PLACEMENT_3D ( 'NONE', #2668, #3057, #4624 ) ;
#974 = LINE ( 'NONE', #3967, #383 ) ;
#975 = CARTESIAN_POINT ( 'NONE',  ( -54.88386419283836659, 54.72160087992026689, 1.500000000000000000 ) ) ;
#976 = EDGE_CURVE ( 'NONE', #2448, #3317, #2089, .T. ) ;
#977 = AXIS2_PLACEMENT_3D ( 'NONE', #3101, #1210, #3420 ) ;
#978 = ORIENTED_EDGE ( 'NONE', *, *, #2697, .T. ) ;
#979 = DIRECTION ( 'NONE',  ( 1.000000000000000000, 0.000000000000000000, 0.000000000000000000 ) ) ;
#980 = ORIENTED_EDGE ( 'NONE', *, *, #751, .F. ) ;
#981 = EDGE_LOOP ( 'NONE', ( #3527, #2422, #4111, #855 ) ) ;
#982 = VERTEX_POINT ( 'NONE', #3171 ) ;
#983 = EDGE_CURVE ( 'NONE', #3790, #3130, #3984, .T. ) ;
#984 = LINE ( 'NONE', #568, #4718 ) ;
#985 = LINE ( 'NONE', #569, #3977 ) ;
#986 = CARTESIAN_POINT ( 'NONE',  ( -1.783779188959455642, 3.245407270802039168, 0.000000000000000000 ) ) ;
#987 = CARTESIAN_POINT ( 'NONE',  ( -66.93436546802588794, 81.06129703941357434, 1.500000000000000000 ) ) ;
#988 = DIRECTION ( 'NONE',  ( 0.000000000000000000, 0.000000000000000000, 1.000000000000000000 ) ) ;
#989 = FACE_OUTER_BOUND ( 'NONE', #923, .T. ) ;
#990 = ORIENTED_EDGE ( 'NONE', *, *, #4632, .F. ) ;
#991 = EDGE_CURVE ( 'NONE', #1838, #2815, #3618, .T. ) ;
#992 = CARTESIAN_POINT ( 'NONE',  ( 2.121884531974098209, 0.8891572708020246685, 1.500000000000000000 ) ) ;
#993 = LINE ( 'NONE', #3251, #3932 ) ;
#994 = DIRECTION ( 'NONE',  ( -0.000000000000000000, 1.000000000000000000, -0.000000000000000000 ) ) ;
#995 = EDGE_CURVE ( 'NONE', #2613, #1917, #1381, .T. ) ;
#996 = CARTESIAN_POINT ( 'NONE',  ( -92.98779938972202785, 59.77268863487022799, 1.500000000000000000 ) ) ;
#997 = AXIS2_PLACEMENT_3D ( 'NONE', #272, #2796, #2850 ) ;
#998 = ORIENTED_EDGE ( 'NONE', *, *, #3559, .T. ) ;
#999 = CARTESIAN_POINT ( 'NONE',  ( -45.50311546802591778, 97.73004703941357718, 1.500000000000000000 ) ) ;
#1000 = LINE ( 'NONE', #586, #3980 ) ;
#1001 = VECTOR ( 'NONE', #3524, 1000.000000000000000 ) ;
#1002 = ORIENTED_EDGE ( 'NONE', *, *, #4373, .T. ) ;
#1003 = DIRECTION ( 'NONE',  ( 0.7071067811865585639, -0.7071067811865364705, -0.000000000000000000 ) ) ;
#1004 = ORIENTED_EDGE ( 'NONE', *, *, #3311, .F. ) ;
#1005 = ADVANCED_FACE ( 'NONE', ( #2513 ), #1017, .T. ) ;
#1006 = ORIENTED_EDGE ( 'NONE', *, *, #1056, .F. ) ;
#1007 = EDGE_LOOP ( 'NONE', ( #4313, #1589, #2636, #4500 ) ) ;
#1008 = CARTESIAN_POINT ( 'NONE',  ( -21.83474173683936215, 2.619780989487944911, 1.500000000000000000 ) ) ;
#1009 = CARTESIAN_POINT ( 'NONE',  ( 2.121884531974091992, 31.10285215510787182, 0.000000000000000000 ) ) ;
#1010 = DIRECTION ( 'NONE',  ( 1.000000000000000000, 0.000000000000000000, 0.000000000000000000 ) ) ;
#1011 = VECTOR ( 'NONE', #3994, 1000.000000000000000 ) ;
#1012 = VECTOR ( 'NONE', #3464, 1000.000000000000000 ) ;
#1013 = CARTESIAN_POINT ( 'NONE',  ( 2.121884531974091992, 31.10285215510787182, 0.000000000000000000 ) ) ;
#1014 = DIRECTION ( 'NONE',  ( 0.000000000000000000, 0.000000000000000000, -1.000000000000000000 ) ) ;
#1015 = VERTEX_POINT ( 'NONE', #589 ) ;
#1016 = ADVANCED_FACE ( 'NONE', ( #3970 ), #954, .T. ) ;
#1017 = PLANE ( 'NONE',  #4778 ) ;
#1018 = PLANE ( 'NONE',  #91 ) ;
#1019 = DIRECTION ( 'NONE',  ( 0.000000000000000000, -0.000000000000000000, -1.000000000000000000 ) ) ;
#1020 = AXIS2_PLACEMENT_3D ( 'NONE', #765, #3388, #3020 ) ;
#1021 = DIRECTION ( 'NONE',  ( -0.000000000000000000, -0.000000000000000000, -1.000000000000000000 ) ) ;
#1022 = EDGE_CURVE ( 'NONE', #591, #2743, #4287, .T. ) ;
#1023 = DIRECTION ( 'NONE',  ( -0.000000000000000000, -0.000000000000000000, -1.000000000000000000 ) ) ;
#1024 = PLANE ( 'NONE',  #3743 ) ;
#1025 = AXIS2_PLACEMENT_3D ( 'NONE', #2800, #2060, #3560 ) ;
#1026 = ORIENTED_EDGE ( 'NONE', *, *, #3095, .T. ) ;
#1027 = CARTESIAN_POINT ( 'NONE',  ( -54.88386419283836659, 16.62003100198857908, 1.500000000000000000 ) ) ;
#1028 = ORIENTED_EDGE ( 'NONE', *, *, #535, .T. ) ;
#1029 = ORIENTED_EDGE ( 'NONE', *, *, #1108, .T. ) ;
#1030 = ORIENTED_EDGE ( 'NONE', *, *, #106, .F. ) ;
#1031 = DIRECTION ( 'NONE',  ( -0.000000000000000000, 1.000000000000000000, -0.000000000000000000 ) ) ;
#1032 = CARTESIAN_POINT ( 'NONE',  ( -34.95543327989138049, -1.285842729197964163, 1.500000000000000000 ) ) ;
#1033 = VECTOR ( 'NONE', #3263, 1000.000000000000000 ) ;
#1034 = VECTOR ( 'NONE', #4121, 1000.000000000000000 ) ;
#1035 = DIRECTION ( 'NONE',  ( -1.000000000000000000, 0.000000000000000000, 0.000000000000000000 ) ) ;
#1036 = CARTESIAN_POINT ( 'NONE',  ( -97.89061546802592773, 69.10285215510766932, 1.500000000000000000 ) ) ;
#1037 = ORIENTED_EDGE ( 'NONE', *, *, #4137, .T. ) ;
#1038 = DIRECTION ( 'NONE',  ( -2.078216572391037947E-16, 1.000000000000000000, -0.000000000000000000 ) ) ;
#1039 = DIRECTION ( 'NONE',  ( -0.000000000000000000, -0.000000000000000000, -1.000000000000000000 ) ) ;
#1040 = CARTESIAN_POINT ( 'NONE',  ( -35.83386419283842628, 2.619780989487944911, 0.000000000000000000 ) ) ;
#1041 = AXIS2_PLACEMENT_3D ( 'NONE', #438, #3892, #3450 ) ;
#1042 = CARTESIAN_POINT ( 'NONE',  ( -76.45936546802592204, 19.14540727080201421, 0.000000000000000000 ) ) ;
#1043 = CARTESIAN_POINT ( 'NONE',  ( -66.88436546802589078, -2.285842729197971490, 1.500000000000000000 ) ) ;
#1044 = ORIENTED_EDGE ( 'NONE', *, *, #4762, .F. ) ;
#1045 = CARTESIAN_POINT ( 'NONE',  ( -100.4261493739585944, 66.56731824917505946, 1.500000000000000000 ) ) ;
#1046 = ORIENTED_EDGE ( 'NONE', *, *, #1705, .T. ) ;
#1047 = ORIENTED_EDGE ( 'NONE', *, *, #4061, .T. ) ;
#1048 = EDGE_LOOP ( 'NONE', ( #4523, #4227, #2326, #2733 ) ) ;
#1049 = CARTESIAN_POINT ( 'NONE',  ( -16.78377918895945697, 11.24540727080203517, 1.500000000000000000 ) ) ;
#1050 = CARTESIAN_POINT ( 'NONE',  ( -50.40936546802591778, 73.67113234831137447, 0.000000000000000000 ) ) ;
#1051 = ORIENTED_EDGE ( 'NONE', *, *, #4241, .T. ) ;
#1052 = ORIENTED_EDGE ( 'NONE', *, *, #587, .T. ) ;
#1053 = LINE ( 'NONE', #1864, #4004 ) ;
#1054 = CARTESIAN_POINT ( 'NONE',  ( -73.93093154632981623, 16.62003100198858263, 1.500000000000000000 ) ) ;
#1055 = ORIENTED_EDGE ( 'NONE', *, *, #1100, .T. ) ;
#1056 = EDGE_CURVE ( 'NONE', #1069, #644, #3210, .T. ) ;
#1057 = CARTESIAN_POINT ( 'NONE',  ( -41.50936546802591920, 74.77268863487022088, 0.000000000000000000 ) ) ;
#1058 = EDGE_CURVE ( 'NONE', #3466, #3630, #3948, .T. ) ;
#1059 = CARTESIAN_POINT ( 'NONE',  ( -40.88486674321342207, 54.72160087992028821, 0.000000000000000000 ) ) ;
#1060 = ORIENTED_EDGE ( 'NONE', *, *, #780, .T. ) ;
#1061 = EDGE_CURVE ( 'NONE', #4056, #3757, #3997, .T. ) ;
#1062 = CARTESIAN_POINT ( 'NONE',  ( -54.88386419283836659, 2.619780989487941802, 1.500000000000000000 ) ) ;
#1063 = VERTEX_POINT ( 'NONE', #3924 ) ;
#1064 = CARTESIAN_POINT ( 'NONE',  ( -60.81329765616042948, -1.285842729197969936, 0.000000000000000000 ) ) ;
#1065 = FACE_OUTER_BOUND ( 'NONE', #76, .T. ) ;
#1066 = VECTOR ( 'NONE', #3351, 1000.000000000000000 ) ;
#1067 = ORIENTED_EDGE ( 'NONE', *, *, #4093, .T. ) ;
#1068 = PLANE ( 'NONE',  #2770 ) ;
#1069 = VERTEX_POINT ( 'NONE', #2052 ) ;
#1070 = ORIENTED_EDGE ( 'NONE', *, *, #2578, .T. ) ;
#1071 = ORIENTED_EDGE ( 'NONE', *, *, #2853, .T. ) ;
#1072 = LINE ( 'NONE', #3726, #3357 ) ;
#1073 = CARTESIAN_POINT ( 'NONE',  ( 1.121884531974087995, 37.17391996697326562, 0.000000000000000000 ) ) ;
#1074 = AXIS2_PLACEMENT_3D ( 'NONE', #1322, #4291, #4002 ) ;
#1075 = EDGE_CURVE ( 'NONE', #1919, #2224, #2791, .T. ) ;
#1076 = ORIENTED_EDGE ( 'NONE', *, *, #4441, .T. ) ;
#1077 = ORIENTED_EDGE ( 'NONE', *, *, #3473, .F. ) ;
#1078 = CARTESIAN_POINT ( 'NONE',  ( -65.30936546802591636, 74.77268863487022088, 1.500000000000000000 ) ) ;
#1079 = EDGE_LOOP ( 'NONE', ( #3629, #2192, #3748, #609 ) ) ;
#1080 = VECTOR ( 'NONE', #4191, 1000.000000000000000 ) ;
#1081 = VECTOR ( 'NONE', #3594, 1000.000000000000000 ) ;
#1082 = DIRECTION ( 'NONE',  ( 1.000000000000000000, 5.594754205932050674E-17, -0.000000000000000000 ) ) ;
#1083 = LINE ( 'NONE', #697, #1550 ) ;
#1084 = EDGE_LOOP ( 'NONE', ( #2534, #492, #1782, #1809 ) ) ;
#1085 = AXIS2_PLACEMENT_3D ( 'NONE', #4006, #2183, #3638 ) ;
#1086 = EDGE_CURVE ( 'NONE', #1361, #3091, #2471, .T. ) ;
#1087 = CARTESIAN_POINT ( 'NONE',  ( -40.88486674321343628, 2.619780989487944911, 1.500000000000000000 ) ) ;
#1088 = ORIENTED_EDGE ( 'NONE', *, *, #2697, .F. ) ;
#1089 = LINE ( 'NONE', #4805, #1549 ) ;
#1090 = CARTESIAN_POINT ( 'NONE',  ( -75.35936546802592773, 19.14540727080201421, 0.000000000000000000 ) ) ;
#1091 = PRODUCT_RELATED_PRODUCT_CATEGORY ( 'part', '', ( #544 ) ) ;
#1092 = EDGE_CURVE ( 'NONE', #3100, #2869, #4758, .T. ) ;
#1093 = ORIENTED_EDGE ( 'NONE', *, *, #1106, .F. ) ;
#1094 = PLANE ( 'NONE',  #2139 ) ;
#1095 = LINE ( 'NONE', #417, #2557 ) ;
#1096 = ORIENTED_EDGE ( 'NONE', *, *, #4117, .F. ) ;
#1097 = AXIS2_PLACEMENT_3D ( 'NONE', #1103, #1035, #740 ) ;
#1098 = LINE ( 'NONE', #1049, #1631 ) ;
#1099 = DIRECTION ( 'NONE',  ( 1.000000000000000000, -0.000000000000000000, -0.000000000000000000 ) ) ;
#1100 = EDGE_CURVE ( 'NONE', #2793, #2197, #614, .T. ) ;
#1101 = ORIENTED_EDGE ( 'NONE', *, *, #3850, .F. ) ;
#1102 = ORIENTED_EDGE ( 'NONE', *, *, #2214, .T. ) ;
#1103 = CARTESIAN_POINT ( 'NONE',  ( -40.88486674321343628, 35.67078353961546355, 1.500000000000000000 ) ) ;
#1104 = DIRECTION ( 'NONE',  ( 0.7071067811865477948, -0.7071067811865473507, -0.000000000000000000 ) ) ;
#1105 = VECTOR ( 'NONE', #1224, 1000.000000000000000 ) ;
#1106 = EDGE_CURVE ( 'NONE', #4791, #1286, #214, .T. ) ;
#1107 = AXIS2_PLACEMENT_3D ( 'NONE', #4750, #3566, #203 ) ;
#1108 = EDGE_CURVE ( 'NONE', #4657, #3343, #1732, .T. ) ;
#1109 = DIRECTION ( 'NONE',  ( -0.000000000000000000, -0.000000000000000000, -1.000000000000000000 ) ) ;
#1110 = CARTESIAN_POINT ( 'NONE',  ( -78.98779938972204206, 54.72160087992026689, 0.000000000000000000 ) ) ;
#1111 = ORIENTED_EDGE ( 'NONE', *, *, #421, .T. ) ;
#1112 = DIRECTION ( 'NONE',  ( -1.000000000000000000, 0.000000000000000000, 0.000000000000000000 ) ) ;
#1114 = EDGE_LOOP ( 'NONE', ( #4418, #3540, #1209, #2051 ) ) ;
#1113 = VECTOR ( 'NONE', #1003, 1000.000000000000114 ) ;
#1115 = CARTESIAN_POINT ( 'NONE',  ( -16.78377918895944987, 3.245407270802034727, 1.500000000000000000 ) ) ;
#1116 = DIRECTION ( 'NONE',  ( -0.000000000000000000, -0.000000000000000000, -1.000000000000000000 ) ) ;
#1117 = ORIENTED_EDGE ( 'NONE', *, *, #3501, .T. ) ;
#1118 = CARTESIAN_POINT ( 'NONE',  ( -101.8906154680258993, 63.03178434324227197, 1.500000000000000000 ) ) ;
#1119 = CARTESIAN_POINT ( 'NONE',  ( -97.89061546802591351, 78.68004703941353739, 1.500000000000000000 ) ) ;
#1120 = ORIENTED_EDGE ( 'NONE', *, *, #3016, .T. ) ;
#1121 = EDGE_CURVE ( 'NONE', #1410, #948, #3182, .T. ) ;
#1122 = CARTESIAN_POINT ( 'NONE',  ( 4.657418437906826192, 33.63838606104052786, 0.000000000000000000 ) ) ;
#1123 = LINE ( 'NONE', #4856, #3033 ) ;
#1124 = EDGE_CURVE ( 'NONE', #2546, #3607, #1316, .T. ) ;
#1125 = EDGE_CURVE ( 'NONE', #2344, #982, #1779, .T. ) ;
#1126 = ORIENTED_EDGE ( 'NONE', *, *, #2868, .T. ) ;
#1127 = ORIENTED_EDGE ( 'NONE', *, *, #1606, .F. ) ;
#1128 = DIRECTION ( 'NONE',  ( 0.000000000000000000, 0.000000000000000000, -1.000000000000000000 ) ) ;
#1129 = DIRECTION ( 'NONE',  ( -0.000000000000000000, 0.000000000000000000, 1.000000000000000000 ) ) ;
#1130 = VECTOR ( 'NONE', #3080, 1000.000000000000000 ) ;
#1131 = EDGE_CURVE ( 'NONE', #4, #3992, #2102, .T. ) ;
#1132 = CYLINDRICAL_SURFACE ( 'NONE', #2210, 5.000000000000000000 ) ;
#1133 = CARTESIAN_POINT ( 'NONE',  ( -16.78377918895946053, 35.04540727080203766, 1.500000000000000000 ) ) ;
#1134 = DIRECTION ( 'NONE',  ( -0.000000000000000000, -0.000000000000000000, -1.000000000000000000 ) ) ;
#1135 = VERTEX_POINT ( 'NONE', #2870 ) ;
#1136 = ORIENTED_EDGE ( 'NONE', *, *, #4284, .F. ) ;
#1137 = CARTESIAN_POINT ( 'NONE',  ( -5.021865468025909607, 97.73004703941359139, 1.500000000000000000 ) ) ;
#1138 = ORIENTED_EDGE ( 'NONE', *, *, #4226, .F. ) ;
#1139 = ADVANCED_FACE ( 'NONE', ( #3647 ), #3628, .T. ) ;
#1140 = PLANE ( 'NONE',  #1909 ) ;
#1141 = DIRECTION ( 'NONE',  ( -0.7071067811865362485, -0.7071067811865587860, 0.000000000000000000 ) ) ;
#1142 = EDGE_LOOP ( 'NONE', ( #4106, #4298, #733, #168 ) ) ;
#1143 = LINE ( 'NONE', #2246, #4044 ) ;
#1144 = DIRECTION ( 'NONE',  ( 0.000000000000000000, 1.000000000000000000, -0.000000000000000000 ) ) ;
#1145 = AXIS2_PLACEMENT_3D ( 'NONE', #4505, #2646, #3821 ) ;
#1146 = ORIENTED_EDGE ( 'NONE', *, *, #2036, .F. ) ;
#1147 = LINE ( 'NONE', #735, #463 ) ;
#1148 = CARTESIAN_POINT ( 'NONE',  ( -19.30936546802593412, 19.14540727080202132, 0.000000000000000000 ) ) ;
#1149 = EDGE_CURVE ( 'NONE', #2500, #2421, #2893, .T. ) ;
#1150 = VECTOR ( 'NONE', #3000, 1000.000000000000000 ) ;
#1151 = ORIENTED_EDGE ( 'NONE', *, *, #4470, .T. ) ;
#1152 = ORIENTED_EDGE ( 'NONE', *, *, #1106, .T. ) ;
#1153 = CARTESIAN_POINT ( 'NONE',  ( -64.34883156209318145, 105.0270809453462988, 0.000000000000000000 ) ) ;
#1154 = CARTESIAN_POINT ( 'NONE',  ( -100.4261493739585944, 66.56731824917505946, 1.500000000000000000 ) ) ;
#1155 = VECTOR ( 'NONE', #2148, 1000.000000000000114 ) ;
#1156 = FACE_OUTER_BOUND ( 'NONE', #4153, .T. ) ;
#1157 = DIRECTION ( 'NONE',  ( 1.000000000000000000, -0.000000000000000000, -0.000000000000000000 ) ) ;
#1158 = LINE ( 'NONE', #1547, #3513 ) ;
#1159 = ORIENTED_EDGE ( 'NONE', *, *, #4108, .T. ) ;
#1160 = VERTEX_POINT ( 'NONE', #4017 ) ;
#1161 = EDGE_CURVE ( 'NONE', #454, #3899, #2150, .T. ) ;
#1162 = EDGE_CURVE ( 'NONE', #2029, #2546, #3318, .T. ) ;
#1163 = VECTOR ( 'NONE', #4700, 1000.000000000000000 ) ;
#1164 = LINE ( 'NONE', #2666, #2463 ) ;
#1165 = VERTEX_POINT ( 'NONE', #2162 ) ;
#1166 = LINE ( 'NONE', #1920, #4345 ) ;
#1167 = LINE ( 'NONE', #2669, #625 ) ;
#1168 = VECTOR ( 'NONE', #3099, 1000.000000000000000 ) ;
#1169 = ADVANCED_FACE ( 'NONE', ( #3735 ), #4077, .T. ) ;
#1170 = VECTOR ( 'NONE', #1708, 1000.000000000000000 ) ;
#1171 = ORIENTED_EDGE ( 'NONE', *, *, #4728, .F. ) ;
#1172 = LINE ( 'NONE', #898, #1904 ) ;
#1173 = PLANE ( 'NONE',  #1333 ) ;
#1174 = ORIENTED_EDGE ( 'NONE', *, *, #2478, .T. ) ;
#1175 = LINE ( 'NONE', #3134, #2497 ) ;
#1176 = LINE ( 'NONE', #2677, #3898 ) ;
#1177 = ORIENTED_EDGE ( 'NONE', *, *, #3518, .F. ) ;
#1178 = EDGE_LOOP ( 'NONE', ( #3288, #2206, #2046, #2443 ) ) ;
#1179 = FACE_OUTER_BOUND ( 'NONE', #1613, .T. ) ;
#1180 = DIRECTION ( 'NONE',  ( -1.000000000000000000, 0.000000000000000000, 0.000000000000000000 ) ) ;
#1181 = AXIS2_PLACEMENT_3D ( 'NONE', #3438, #81, #1594 ) ;
#1182 = CARTESIAN_POINT ( 'NONE',  ( -5.021865468025909607, 97.73004703941359139, 0.000000000000000000 ) ) ;
#1183 = PLANE ( 'NONE',  #608 ) ;
#1184 = FACE_OUTER_BOUND ( 'NONE', #1084, .T. ) ;
#1185 = VECTOR ( 'NONE', #4368, 1000.000000000000000 ) ;
#1186 = VERTEX_POINT ( 'NONE', #4492 ) ;
#1187 = VERTEX_POINT ( 'NONE', #303 ) ;
#1188 = VECTOR ( 'NONE', #607, 1000.000000000000000 ) ;
#1189 = LINE ( 'NONE', #3443, #1365 ) ;
#1190 = ORIENTED_EDGE ( 'NONE', *, *, #4347, .T. ) ;
#1191 = FACE_OUTER_BOUND ( 'NONE', #2020, .T. ) ;
#1192 = CARTESIAN_POINT ( 'NONE',  ( -49.50936546802591209, 74.77268863487022088, 0.000000000000000000 ) ) ;
#1193 = ORIENTED_EDGE ( 'NONE', *, *, #3370, .F. ) ;
#1194 = CARTESIAN_POINT ( 'NONE',  ( -1.053115468025901835, -2.285842729197974599, 0.000000000000000000 ) ) ;
#1195 = CARTESIAN_POINT ( 'NONE',  ( -40.88486674321343628, 2.619780989487944911, 1.500000000000000000 ) ) ;
#1196 = ORIENTED_EDGE ( 'NONE', *, *, #4045, .F. ) ;
#1197 = CARTESIAN_POINT ( 'NONE',  ( -2.783779188959448092, 54.72160087992027400, 0.000000000000000000 ) ) ;
#1198 = PLANE ( 'NONE',  #4051 ) ;
#1199 = ADVANCED_FACE ( 'NONE', ( #2609 ), #1132, .T. ) ;
#1200 = ORIENTED_EDGE ( 'NONE', *, *, #414, .T. ) ;
#1201 = ORIENTED_EDGE ( 'NONE', *, *, #4441, .F. ) ;
#1202 = CARTESIAN_POINT ( 'NONE',  ( -2.783779188959451645, 26.14540727080203197, 1.500000000000000000 ) ) ;
#1203 = ADVANCED_FACE ( 'NONE', ( #3762 ), #4099, .T. ) ;
#1204 = LINE ( 'NONE', #53, #649 ) ;
#1205 = CARTESIAN_POINT ( 'NONE',  ( -21.83474173683936570, 21.67078353961546000, 1.500000000000000000 ) ) ;
#1206 = VECTOR ( 'NONE', #1602, 1000.000000000000000 ) ;
#1207 = LINE ( 'NONE', #4592, #1409 ) ;
#1208 = LINE ( 'NONE', #1596, #781 ) ;
#1209 = ORIENTED_EDGE ( 'NONE', *, *, #554, .T. ) ;
#1210 = DIRECTION ( 'NONE',  ( 0.000000000000000000, -1.000000000000000000, 0.000000000000000000 ) ) ;
#1211 = EDGE_CURVE ( 'NONE', #1573, #1818, #1742, .T. ) ;
#1212 = ORIENTED_EDGE ( 'NONE', *, *, #3922, .T. ) ;
#1213 = DIRECTION ( 'NONE',  ( -0.000000000000000000, -0.000000000000000000, -1.000000000000000000 ) ) ;
#1214 = DIRECTION ( 'NONE',  ( -0.000000000000000000, -0.000000000000000000, -1.000000000000000000 ) ) ;
#1215 = VERTEX_POINT ( 'NONE', #1427 ) ;
#1216 = DIRECTION ( 'NONE',  ( -0.000000000000000000, -0.000000000000000000, -1.000000000000000000 ) ) ;
#1217 = ORIENTED_EDGE ( 'NONE', *, *, #2896, .T. ) ;
#1218 = DIRECTION ( 'NONE',  ( -0.000000000000000000, -1.000000000000000000, -0.000000000000000000 ) ) ;
#1219 = FACE_OUTER_BOUND ( 'NONE', #1789, .T. ) ;
#1220 = ORIENTED_EDGE ( 'NONE', *, *, #2151, .F. ) ;
#1221 = VERTEX_POINT ( 'NONE', #3711 ) ;
#1222 = DIRECTION ( 'NONE',  ( -0.000000000000000000, -0.000000000000000000, -1.000000000000000000 ) ) ;
#1223 = EDGE_CURVE ( 'NONE', #2100, #289, #401, .T. ) ;
#1224 = DIRECTION ( 'NONE',  ( 1.000000000000000000, 1.789119015014421196E-14, -0.000000000000000000 ) ) ;
#1225 = DIRECTION ( 'NONE',  ( 1.000000000000000000, 0.000000000000000000, 0.000000000000000000 ) ) ;
#1226 = ADVANCED_FACE ( 'NONE', ( #1893 ), #4820, .T. ) ;
#1227 = VECTOR ( 'NONE', #1099, 1000.000000000000000 ) ;
#1228 = DIRECTION ( 'NONE',  ( -0.000000000000000000, -0.000000000000000000, -1.000000000000000000 ) ) ;
#1229 = LINE ( 'NONE', #3439, #2181 ) ;
#1230 = VECTOR ( 'NONE', #3067, 1000.000000000000000 ) ;
#1231 = ORIENTED_EDGE ( 'NONE', *, *, #2380, .T. ) ;
#1232 = CARTESIAN_POINT ( 'NONE',  ( -92.98779938972202785, 16.62003100198857553, 0.000000000000000000 ) ) ;
#1233 = ORIENTED_EDGE ( 'NONE', *, *, #706, .T. ) ;
#1234 = DIRECTION ( 'NONE',  ( -0.000000000000000000, -0.000000000000000000, -1.000000000000000000 ) ) ;
#1235 = LINE ( 'NONE', #460, #3989 ) ;
#1236 = EDGE_CURVE ( 'NONE', #3137, #1260, #696, .T. ) ;
#1237 = ORIENTED_EDGE ( 'NONE', *, *, #916, .T. ) ;
#1238 = CARTESIAN_POINT ( 'NONE',  ( -92.98779938972202785, 16.62003100198857553, 1.500000000000000000 ) ) ;
#1239 = VECTOR ( 'NONE', #2225, 1000.000000000000000 ) ;
#1240 = AXIS2_PLACEMENT_3D ( 'NONE', #3367, #13, #1019 ) ;
#1241 = EDGE_LOOP ( 'NONE', ( #2342, #3639, #827, #3449 ) ) ;
#1242 = FACE_OUTER_BOUND ( 'NONE', #2804, .T. ) ;
#1243 = CARTESIAN_POINT ( 'NONE',  ( -92.98779938972202785, 21.67078353961546000, 1.500000000000000000 ) ) ;
#1244 = ORIENTED_EDGE ( 'NONE', *, *, #2942, .T. ) ;
#1245 = VERTEX_POINT ( 'NONE', #1057 ) ;
#1246 = CARTESIAN_POINT ( 'NONE',  ( -35.83386419283842628, 40.72173608680434853, 1.500000000000000000 ) ) ;
#1247 = FACE_OUTER_BOUND ( 'NONE', #1368, .T. ) ;
#1248 = CARTESIAN_POINT ( 'NONE',  ( -2.783779188959448092, 54.72160087992027400, 1.500000000000000000 ) ) ;
#1249 = EDGE_CURVE ( 'NONE', #4610, #4809, #3685, .T. ) ;
#1250 = LINE ( 'NONE', #1914, #3843 ) ;
#1251 = VECTOR ( 'NONE', #2231, 1000.000000000000000 ) ;
#1252 = CYLINDRICAL_SURFACE ( 'NONE', #3671, 1.100000000000000311 ) ;
#1253 = EDGE_CURVE ( 'NONE', #2988, #3790, #328, .T. ) ;
#1254 = ORIENTED_EDGE ( 'NONE', *, *, #1436, .T. ) ;
#1255 = CARTESIAN_POINT ( 'NONE',  ( -73.93093154632981623, 2.619780989487944911, 0.000000000000000000 ) ) ;
#1256 = ORIENTED_EDGE ( 'NONE', *, *, #3668, .F. ) ;
#1257 = DIRECTION ( 'NONE',  ( 0.7071067811865585639, 0.7071067811865364705, -0.000000000000000000 ) ) ;
#1258 = VECTOR ( 'NONE', #2555, 1000.000000000000000 ) ;
#1259 = CARTESIAN_POINT ( 'NONE',  ( -69.31561546802588225, 100.1102970394135099, 1.500000000000000000 ) ) ;
#1260 = VERTEX_POINT ( 'NONE', #2973 ) ;
#1261 = LINE ( 'NONE', #2742, #425 ) ;
#1262 = EDGE_LOOP ( 'NONE', ( #4260, #4835, #2552, #2496 ) ) ;
#1263 = DIRECTION ( 'NONE',  ( -0.7071067811865477948, 0.7071067811865473507, 0.000000000000000000 ) ) ;
#1264 = CARTESIAN_POINT ( 'NONE',  ( -35.83386419283842628, 40.72173608680434853, 1.500000000000000000 ) ) ;
#1265 = EDGE_CURVE ( 'NONE', #92, #369, #1821, .T. ) ;
#1266 = ORIENTED_EDGE ( 'NONE', *, *, #4581, .F. ) ;
#1267 = EDGE_CURVE ( 'NONE', #4659, #4445, #2999, .T. ) ;
#1268 = ORIENTED_EDGE ( 'NONE', *, *, #1595, .T. ) ;
#1269 = LINE ( 'NONE', #2773, #1672 ) ;
#1270 = CARTESIAN_POINT ( 'NONE',  ( -78.98779938972202785, 59.77268863487023509, 1.500000000000000000 ) ) ;
#1271 = PLANE ( 'NONE',  #2278 ) ;
#1272 = FACE_BOUND ( 'NONE', #2937, .T. ) ;
#1273 = EDGE_CURVE ( 'NONE', #928, #2104, #2234, .T. ) ;
#1274 = VECTOR ( 'NONE', #879, 1000.000000000000000 ) ;
#1275 = CARTESIAN_POINT ( 'NONE',  ( -78.98779938972202785, 35.67078353961545645, 0.000000000000000000 ) ) ;
#1276 = LINE ( 'NONE', #573, #934 ) ;
#1277 = ORIENTED_EDGE ( 'NONE', *, *, #652, .T. ) ;
#1278 = EDGE_CURVE ( 'NONE', #643, #600, #376, .T. ) ;
#1279 = VECTOR ( 'NONE', #4245, 1000.000000000000000 ) ;
#1280 = LINE ( 'NONE', #2831, #2664 ) ;
#1281 = VERTEX_POINT ( 'NONE', #3365 ) ;
#1282 = DIRECTION ( 'NONE',  ( 1.000000000000000000, 0.000000000000000000, 0.000000000000000000 ) ) ;
#1283 = ORIENTED_EDGE ( 'NONE', *, *, #1223, .F. ) ;
#1284 = CARTESIAN_POINT ( 'NONE',  ( -2.783779188959449868, 12.14540727080204263, 1.500000000000000000 ) ) ;
#1285 = EDGE_CURVE ( 'NONE', #1874, #1956, #11, .T. ) ;
#1286 = VERTEX_POINT ( 'NONE', #4514 ) ;
#1287 = CARTESIAN_POINT ( 'NONE',  ( 6.121884531974079557, 63.03178434324230039, 1.500000000000000000 ) ) ;
#1288 = CARTESIAN_POINT ( 'NONE',  ( -92.98779938972202785, 73.67113234831137447, 0.000000000000000000 ) ) ;
#1289 = ORIENTED_EDGE ( 'NONE', *, *, #2734, .T. ) ;
#1290 = DIRECTION ( 'NONE',  ( -1.000000000000000000, -5.692061405548903209E-16, 0.000000000000000000 ) ) ;
#1291 = ORIENTED_EDGE ( 'NONE', *, *, #3119, .F. ) ;
#1292 = ORIENTED_EDGE ( 'NONE', *, *, #1265, .T. ) ;
#1293 = CYLINDRICAL_SURFACE ( 'NONE', #3773, 4.999999999999997335 ) ;
#1294 = CARTESIAN_POINT ( 'NONE',  ( -78.98779938972202785, 59.77268863487023509, 1.500000000000000000 ) ) ;
#1295 = DIRECTION ( 'NONE',  ( 0.000000000000000000, 0.000000000000000000, 1.000000000000000000 ) ) ;
#1296 = LINE ( 'NONE', #960, #4008 ) ;
#1297 = DIRECTION ( 'NONE',  ( 1.000000000000000000, 4.956663480669602421E-16, 0.000000000000000000 ) ) ;
#1298 = AXIS2_PLACEMENT_3D ( 'NONE', #1045, #3305, #784 ) ;
#1299 = CARTESIAN_POINT ( 'NONE',  ( -60.81329765616046501, 101.4915470394135184, 0.000000000000000000 ) ) ;
#1300 = ORIENTED_EDGE ( 'NONE', *, *, #3054, .F. ) ;
#1301 = DIRECTION ( 'NONE',  ( 0.000000000000000000, 0.000000000000000000, -1.000000000000000000 ) ) ;
#1302 = ORIENTED_EDGE ( 'NONE', *, *, #2016, .F. ) ;
#1303 = VECTOR ( 'NONE', #430, 1000.000000000000000 ) ;
#1304 = FACE_BOUND ( 'NONE', #2230, .T. ) ;
#1305 = LINE ( 'NONE', #3198, #4772 ) ;
#1306 = ADVANCED_FACE ( 'NONE', ( #1156 ), #2659, .F. ) ;
#1307 = EDGE_CURVE ( 'NONE', #2869, #325, #1207, .T. ) ;
#1308 = ORIENTED_EDGE ( 'NONE', *, *, #4069, .F. ) ;
#1309 = CARTESIAN_POINT ( 'NONE',  ( -16.78377918895944632, 12.14540727080204086, 0.000000000000000000 ) ) ;
#1310 = ORIENTED_EDGE ( 'NONE', *, *, #3710, .F. ) ;
#1311 = CARTESIAN_POINT ( 'NONE',  ( -76.45936546802592204, 19.14540727080201421, 1.500000000000000000 ) ) ;
#1312 = CARTESIAN_POINT ( 'NONE',  ( -35.83386419283842628, 54.72160087992027400, 1.500000000000000000 ) ) ;
#1313 = ADVANCED_FACE ( 'NONE', ( #2731 ), #105, .T. ) ;
#1314 = ORIENTED_EDGE ( 'NONE', *, *, #1092, .F. ) ;
#1315 = VECTOR ( 'NONE', #1953, 1000.000000000000000 ) ;
#1316 = LINE ( 'NONE', #2447, #3078 ) ;
#1317 = AXIS2_PLACEMENT_3D ( 'NONE', #2341, #2315, #1579 ) ;
#1318 = ADVANCED_FACE ( 'NONE', ( #842 ), #4568, .F. ) ;
#1319 = ORIENTED_EDGE ( 'NONE', *, *, #4277, .T. ) ;
#1320 = ORIENTED_EDGE ( 'NONE', *, *, #2949, .F. ) ;
#1321 = DIRECTION ( 'NONE',  ( -1.000000000000000000, 0.000000000000000000, 0.000000000000000000 ) ) ;
#1322 = CARTESIAN_POINT ( 'NONE',  ( -31.41989937395866406, 105.0270809453462562, 1.500000000000000000 ) ) ;
#1323 = FACE_OUTER_BOUND ( 'NONE', #507, .T. ) ;
#1324 = FACE_BOUND ( 'NONE', #1888, .T. ) ;
#1325 = VECTOR ( 'NONE', #1134, 1000.000000000000000 ) ;
#1326 = PLANE ( 'NONE',  #2430 ) ;
#1327 = PLANE ( 'NONE',  #4534 ) ;
#1328 = ORIENTED_EDGE ( 'NONE', *, *, #535, .F. ) ;
#1329 = CARTESIAN_POINT ( 'NONE',  ( -16.78377918895944632, 54.72160087992027400, 0.000000000000000000 ) ) ;
#1330 = VERTEX_POINT ( 'NONE', #3880 ) ;
#1331 = FACE_OUTER_BOUND ( 'NONE', #3706, .T. ) ;
#1332 = ADVANCED_FACE ( 'NONE', ( #1618 ), #865, .F. ) ;
#1333 = AXIS2_PLACEMENT_3D ( 'NONE', #390, #3352, #2673 ) ;
#1334 = LINE ( 'NONE', #3151, #2655 ) ;
#1335 = ORIENTED_EDGE ( 'NONE', *, *, #3090, .F. ) ;
#1336 = CARTESIAN_POINT ( 'NONE',  ( 2.121884531974085331, 99.31654703941354967, 1.500000000000000000 ) ) ;
#1337 = ORIENTED_EDGE ( 'NONE', *, *, #2903, .F. ) ;
#1338 = CARTESIAN_POINT ( 'NONE',  ( -12.30936546802591636, 59.77268863487024220, 0.000000000000000000 ) ) ;
#1339 = DIRECTION ( 'NONE',  ( -0.7071067811865587860, 0.7071067811865362485, 0.000000000000000000 ) ) ;
#1340 = AXIS2_PLACEMENT_3D ( 'NONE', #1697, #2118, #4773 ) ;
#1341 = ORIENTED_EDGE ( 'NONE', *, *, #2551, .F. ) ;
#1342 = DIRECTION ( 'NONE',  ( 1.000000000000000000, 0.000000000000000000, 0.000000000000000000 ) ) ;
#1343 = ORIENTED_EDGE ( 'NONE', *, *, #3946, .T. ) ;
#1344 = ORIENTED_EDGE ( 'NONE', *, *, #3462, .T. ) ;
#1345 = ORIENTED_EDGE ( 'NONE', *, *, #2978, .T. ) ;
#1346 = DIRECTION ( 'NONE',  ( 0.000000000000000000, 1.000000000000000000, 0.000000000000000000 ) ) ;
#1347 = FACE_OUTER_BOUND ( 'NONE', #4636, .T. ) ;
#1348 = LINE ( 'NONE', #3978, #1729 ) ;
#1349 = EDGE_CURVE ( 'NONE', #397, #2806, #795, .T. ) ;
#1350 = DIRECTION ( 'NONE',  ( 0.000000000000000000, 0.000000000000000000, 1.000000000000000000 ) ) ;
#1351 = VECTOR ( 'NONE', #2525, 1000.000000000000000 ) ;
#1352 = EDGE_CURVE ( 'NONE', #1446, #2253, #3121, .T. ) ;
#1353 = CARTESIAN_POINT ( 'NONE',  ( 4.657418437906826192, 33.63838606104052786, 1.500000000000000000 ) ) ;
#1354 = LINE ( 'NONE', #3561, #1790 ) ;
#1355 = ORIENTED_EDGE ( 'NONE', *, *, #3653, .F. ) ;
#1356 = CARTESIAN_POINT ( 'NONE',  ( -27.20936546802591494, 59.77268863487023509, 1.500000000000000000 ) ) ;
#1357 = DIRECTION ( 'NONE',  ( 0.000000000000000000, -1.000000000000000000, 0.000000000000000000 ) ) ;
#1358 = CARTESIAN_POINT ( 'NONE',  ( -16.78377918895945697, 11.24540727080203517, 0.000000000000000000 ) ) ;
#1359 = ADVANCED_FACE ( 'NONE', ( #3463 ), #2779, .F. ) ;
#1360 = CARTESIAN_POINT ( 'NONE',  ( -12.30936546802591636, 59.77268863487024220, 1.500000000000000000 ) ) ;
#1361 = VERTEX_POINT ( 'NONE', #1937 ) ;
#1362 = VECTOR ( 'NONE', #135, 1000.000000000000000 ) ;
#1363 = DIRECTION ( 'NONE',  ( -0.000000000000000000, -0.000000000000000000, -1.000000000000000000 ) ) ;
#1364 = LINE ( 'NONE', #3968, #4522 ) ;
#1365 = VECTOR ( 'NONE', #3793, 1000.000000000000000 ) ;
#1366 = ORIENTED_EDGE ( 'NONE', *, *, #3095, .F. ) ;
#1367 = DIRECTION ( 'NONE',  ( -0.000000000000000000, -0.000000000000000000, -1.000000000000000000 ) ) ;
#1368 = EDGE_LOOP ( 'NONE', ( #915, #629, #1823, #824 ) ) ;
#1369 = ORIENTED_EDGE ( 'NONE', *, *, #2964, .T. ) ;
#1370 = ORIENTED_EDGE ( 'NONE', *, *, #331, .F. ) ;
#1371 = LINE ( 'NONE', #290, #1033 ) ;
#1372 = DIRECTION ( 'NONE',  ( 1.000000000000000000, 0.000000000000000000, 0.000000000000000000 ) ) ;
#1373 = PLANE ( 'NONE',  #4399 ) ;
#1374 = CARTESIAN_POINT ( 'NONE',  ( -78.98779938972202785, 16.62003100198857553, 0.000000000000000000 ) ) ;
#1375 = EDGE_CURVE ( 'NONE', #2897, #1413, #1250, .T. ) ;
#1376 = DIRECTION ( 'NONE',  ( -1.000000000000000000, -4.956400655611514636E-16, 0.000000000000000000 ) ) ;
#1377 = DIRECTION ( 'NONE',  ( 0.000000000000000000, -0.000000000000000000, -1.000000000000000000 ) ) ;
#1378 = ORIENTED_EDGE ( 'NONE', *, *, #373, .T. ) ;
#1379 = EDGE_CURVE ( 'NONE', #1135, #3317, #2011, .T. ) ;
#1380 = EDGE_CURVE ( 'NONE', #3819, #2053, #152, .T. ) ;
#1381 = LINE ( 'NONE', #2883, #2418 ) ;
#1382 = LINE ( 'NONE', #2885, #1812 ) ;
#1383 = CARTESIAN_POINT ( 'NONE',  ( -54.88386419283836659, 54.72160087992026689, 1.500000000000000000 ) ) ;
#1384 = FACE_OUTER_BOUND ( 'NONE', #4210, .T. ) ;
#1385 = VECTOR ( 'NONE', #1395, 1000.000000000000000 ) ;
#1386 = CARTESIAN_POINT ( 'NONE',  ( -54.88386419283835949, 21.67078353961545645, 0.000000000000000000 ) ) ;
#1387 = CARTESIAN_POINT ( 'NONE',  ( -26.30936546802591280, 59.77268863487024220, 0.000000000000000000 ) ) ;
#1388 = VECTOR ( 'NONE', #1682, 1000.000000000000000 ) ;
#1389 = EDGE_LOOP ( 'NONE', ( #4176, #3353, #3577, #4094 ) ) ;
#1390 = CARTESIAN_POINT ( 'NONE',  ( -1.783779188959465412, 35.04540727080203766, 1.500000000000000000 ) ) ;
#1391 = VERTEX_POINT ( 'NONE', #3146 ) ;
#1392 = ORIENTED_EDGE ( 'NONE', *, *, #2747, .F. ) ;
#1393 = VERTEX_POINT ( 'NONE', #1275 ) ;
#1394 = CARTESIAN_POINT ( 'NONE',  ( -78.98779938972204206, 54.72160087992026689, 0.000000000000000000 ) ) ;
#1395 = DIRECTION ( 'NONE',  ( 1.000000000000000000, 0.000000000000000000, 0.000000000000000000 ) ) ;
#1396 = DIRECTION ( 'NONE',  ( -4.956352788505164254E-16, -1.000000000000000000, 0.000000000000000000 ) ) ;
#1397 = VECTOR ( 'NONE', #3986, 1000.000000000000000 ) ;
#1398 = VECTOR ( 'NONE', #4124, 1000.000000000000000 ) ;
#1399 = CARTESIAN_POINT ( 'NONE',  ( -92.98779938972202785, 59.77268863487022799, 0.000000000000000000 ) ) ;
#1400 = FACE_OUTER_BOUND ( 'NONE', #927, .T. ) ;
#1401 = EDGE_LOOP ( 'NONE', ( #2567, #4165, #2350, #3839 ) ) ;
#1402 = EDGE_CURVE ( 'NONE', #1281, #4603, #2283, .T. ) ;
#1403 = VECTOR ( 'NONE', #2129, 1000.000000000000000 ) ;
#1404 = FACE_BOUND ( 'NONE', #3631, .T. ) ;
#1405 = DIRECTION ( 'NONE',  ( 0.000000000000000000, 0.000000000000000000, 1.000000000000000000 ) ) ;
#1406 = DIRECTION ( 'NONE',  ( 1.000000000000000000, -0.000000000000000000, -0.000000000000000000 ) ) ;
#1407 = DIRECTION ( 'NONE',  ( 1.000000000000000000, 0.000000000000000000, 0.000000000000000000 ) ) ;
#1408 = DIRECTION ( 'NONE',  ( -1.000000000000000000, 0.000000000000000000, 0.000000000000000000 ) ) ;
#1409 = VECTOR ( 'NONE', #1986, 1000.000000000000000 ) ;
#1410 = VERTEX_POINT ( 'NONE', #429 ) ;
#1411 = LINE ( 'NONE', #708, #2059 ) ;
#1412 = ORIENTED_EDGE ( 'NONE', *, *, #2853, .F. ) ;
#1413 = VERTEX_POINT ( 'NONE', #1182 ) ;
#1414 = ORIENTED_EDGE ( 'NONE', *, *, #3347, .F. ) ;
#1415 = DIRECTION ( 'NONE',  ( 4.625929269271492816E-16, 1.000000000000000000, 0.000000000000000000 ) ) ;
#1416 = CARTESIAN_POINT ( 'NONE',  ( -21.83474173683936215, 54.72160087992027400, 1.500000000000000000 ) ) ;
#1417 = VECTOR ( 'NONE', #25, 1000.000000000000000 ) ;
#1418 = AXIS2_PLACEMENT_3D ( 'NONE', #3965, #3544, #234 ) ;
#1419 = EDGE_CURVE ( 'NONE', #730, #2916, #450, .T. ) ;
#1420 = ADVANCED_FACE ( 'NONE', ( #4543 ), #3808, .T. ) ;
#1421 = ORIENTED_EDGE ( 'NONE', *, *, #3634, .T. ) ;
#1422 = ORIENTED_EDGE ( 'NONE', *, *, #1627, .F. ) ;
#1423 = CARTESIAN_POINT ( 'NONE',  ( -45.50311546802591778, 81.06129703941358855, 1.500000000000000000 ) ) ;
#1424 = LINE ( 'NONE', #1766, #4696 ) ;
#1425 = ADVANCED_FACE ( 'NONE', ( #2710 ), #4200, .T. ) ;
#1426 = ORIENTED_EDGE ( 'NONE', *, *, #1161, .F. ) ;
#1427 = CARTESIAN_POINT ( 'NONE',  ( -77.55936546802593057, 19.14540727080201421, 0.000000000000000000 ) ) ;
#1428 = LINE ( 'NONE', #354, #2736 ) ;
#1429 = EDGE_LOOP ( 'NONE', ( #1638, #2857, #1277, #4362 ) ) ;
#1430 =( NAMED_UNIT ( * ) SI_UNIT ( $, .STERADIAN. ) SOLID_ANGLE_UNIT ( ) );
#1431 = DIRECTION ( 'NONE',  ( -1.000000000000000000, 0.000000000000000000, 0.000000000000000000 ) ) ;
#1432 = ORIENTED_EDGE ( 'NONE', *, *, #983, .F. ) ;
#1433 = VECTOR ( 'NONE', #4236, 1000.000000000000000 ) ;
#1434 = CARTESIAN_POINT ( 'NONE',  ( 6.121884531974088439, 37.17391996697326562, 1.500000000000000000 ) ) ;
#1435 = DIRECTION ( 'NONE',  ( -1.000000000000000000, -1.487012322605958667E-15, -0.000000000000000000 ) ) ;
#1436 = EDGE_CURVE ( 'NONE', #2385, #1330, #1963, .T. ) ;
#1437 = EDGE_LOOP ( 'NONE', ( #868, #1136, #641, #1445 ) ) ;
#1438 = CARTESIAN_POINT ( 'NONE',  ( -59.93684684209464564, 21.67078353961546000, 1.500000000000000000 ) ) ;
#1439 = AXIS2_PLACEMENT_3D ( 'NONE', #359, #310, #4779 ) ;
#1440 = ORIENTED_EDGE ( 'NONE', *, *, #4276, .T. ) ;
#1441 = ORIENTED_EDGE ( 'NONE', *, *, #96, .T. ) ;
#1442 = ORIENTED_EDGE ( 'NONE', *, *, #4569, .T. ) ;
#1443 = CARTESIAN_POINT ( 'NONE',  ( -21.83474173683936215, 54.72160087992027400, 0.000000000000000000 ) ) ;
#1444 = DIRECTION ( 'NONE',  ( -0.000000000000000000, -0.000000000000000000, -1.000000000000000000 ) ) ;
#1445 = ORIENTED_EDGE ( 'NONE', *, *, #767, .F. ) ;
#1446 = VERTEX_POINT ( 'NONE', #1353 ) ;
#1447 = CARTESIAN_POINT ( 'NONE',  ( -69.31561546802588225, 78.68004703941353739, 1.500000000000000000 ) ) ;
#1448 = CARTESIAN_POINT ( 'NONE',  ( -35.83386419283842628, 16.62003100198858263, 1.500000000000000000 ) ) ;
#1449 = EDGE_CURVE ( 'NONE', #2014, #1410, #4691, .T. ) ;
#1450 = ORIENTED_EDGE ( 'NONE', *, *, #2157, .T. ) ;
#1451 = DIRECTION ( 'NONE',  ( -1.000000000000000000, -0.000000000000000000, -0.000000000000000000 ) ) ;
#1452 = LINE ( 'NONE', #2950, #695 ) ;
#1453 = ADVANCED_FACE ( 'NONE', ( #3535 ), #1326, .T. ) ;
#1454 = VERTEX_POINT ( 'NONE', #4270 ) ;
#1455 = DIRECTION ( 'NONE',  ( -1.000000000000000000, -1.165588477296751518E-14, -0.000000000000000000 ) ) ;
#1456 = ORIENTED_EDGE ( 'NONE', *, *, #1211, .T. ) ;
#1457 = EDGE_CURVE ( 'NONE', #2220, #3084, #173, .T. ) ;
#1458 = CARTESIAN_POINT ( 'NONE',  ( -73.93093154632981623, 35.67078353961544934, 0.000000000000000000 ) ) ;
#1459 = CARTESIAN_POINT ( 'NONE',  ( -97.89061546802592773, 69.10285215510766932, 1.500000000000000000 ) ) ;
#1460 = VECTOR ( 'NONE', #3163, 1000.000000000000000 ) ;
#1461 = EDGE_LOOP ( 'NONE', ( #3973, #243, #202, #1629 ) ) ;
#1462 = LINE ( 'NONE', #4504, #3813 ) ;
#1463 = DIRECTION ( 'NONE',  ( -0.000000000000000000, -1.000000000000000000, -0.000000000000000000 ) ) ;
#1464 = VERTEX_POINT ( 'NONE', #3614 ) ;
#1465 = CARTESIAN_POINT ( 'NONE',  ( -50.40936546802591778, 59.77268863487022799, 1.500000000000000000 ) ) ;
#1466 = FACE_OUTER_BOUND ( 'NONE', #1788, .T. ) ;
#1467 = EDGE_CURVE ( 'NONE', #591, #4384, #4745, .T. ) ;
#1468 = VECTOR ( 'NONE', #186, 1000.000000000000000 ) ;
#1469 = ADVANCED_FACE ( 'NONE', ( #572 ), #275, .T. ) ;
#1470 = ORIENTED_EDGE ( 'NONE', *, *, #2903, .T. ) ;
#1471 = ORIENTED_EDGE ( 'NONE', *, *, #789, .F. ) ;
#1472 = CYLINDRICAL_SURFACE ( 'NONE', #866, 3.174999999999999822 ) ;
#1473 = CARTESIAN_POINT ( 'NONE',  ( -60.81329765616045790, 106.4915470394135610, 1.500000000000000000 ) ) ;
#1474 = VECTOR ( 'NONE', #3823, 1000.000000000000000 ) ;
#1475 = DIRECTION ( 'NONE',  ( -0.000000000000000000, -0.000000000000000000, -1.000000000000000000 ) ) ;
#1476 = DIRECTION ( 'NONE',  ( 0.000000000000000000, 1.000000000000000000, -0.000000000000000000 ) ) ;
#1477 = ORIENTED_EDGE ( 'NONE', *, *, #2904, .F. ) ;
#1478 = EDGE_CURVE ( 'NONE', #2100, #3008, #4323, .T. ) ;
#1479 = CARTESIAN_POINT ( 'NONE',  ( -35.83386419283842628, 16.62003100198858263, 0.000000000000000000 ) ) ;
#1480 = EDGE_CURVE ( 'NONE', #4037, #1919, #2455, .T. ) ;
#1481 = VERTEX_POINT ( 'NONE', #626 ) ;
#1482 = CARTESIAN_POINT ( 'NONE',  ( -27.20936546802591494, 59.77268863487023509, 0.000000000000000000 ) ) ;
#1483 = LINE ( 'NONE', #3375, #2650 ) ;
#1484 = VECTOR ( 'NONE', #1104, 1000.000000000000000 ) ;
#1485 = ADVANCED_FACE ( 'NONE', ( #936 ), #3957, .T. ) ;
#1486 = ORIENTED_EDGE ( 'NONE', *, *, #4028, .F. ) ;
#1487 = FACE_OUTER_BOUND ( 'NONE', #558, .T. ) ;
#1488 = CARTESIAN_POINT ( 'NONE',  ( -59.93684684209464564, 35.67078353961546355, 0.000000000000000000 ) ) ;
#1489 = ORIENTED_EDGE ( 'NONE', *, *, #2624, .T. ) ;
#1490 = VECTOR ( 'NONE', #2136, 1000.000000000000000 ) ;
#1491 = LINE ( 'NONE', #685, #2601 ) ;
#1492 = FACE_OUTER_BOUND ( 'NONE', #2434, .T. ) ;
#1493 = EDGE_CURVE ( 'NONE', #1481, #3936, #3981, .T. ) ;
#1494 = ORIENTED_EDGE ( 'NONE', *, *, #4030, .F. ) ;
#1495 = ORIENTED_EDGE ( 'NONE', *, *, #4803, .F. ) ;
#1496 = LINE ( 'NONE', #1840, #2977 ) ;
#1497 = CARTESIAN_POINT ( 'NONE',  ( -35.20936546802590783, 74.77268863487022088, 1.500000000000000000 ) ) ;
#1498 = VECTOR ( 'NONE', #1935, 1000.000000000000000 ) ;
#1499 = VECTOR ( 'NONE', #2875, 1000.000000000000000 ) ;
#1500 = ADVANCED_FACE ( 'NONE', ( #3587 ), #3168, .T. ) ;
#1501 = DIRECTION ( 'NONE',  ( -0.000000000000000000, -1.000000000000000000, -0.000000000000000000 ) ) ;
#1502 = DIRECTION ( 'NONE',  ( 0.000000000000000000, 1.000000000000000000, 0.000000000000000000 ) ) ;
#1503 = CARTESIAN_POINT ( 'NONE',  ( -5.021865468025911383, 81.06129703941358855, 1.500000000000000000 ) ) ;
#1504 = CARTESIAN_POINT ( 'NONE',  ( -54.88386419283835949, 21.67078353961545645, 1.500000000000000000 ) ) ;
#1505 = ORIENTED_EDGE ( 'NONE', *, *, #3012, .T. ) ;
#1506 =( NAMED_UNIT ( * ) PLANE_ANGLE_UNIT ( ) SI_UNIT ( $, .RADIAN. ) );
#1507 = CARTESIAN_POINT ( 'NONE',  ( -60.81329765616046501, 101.4915470394135184, 1.500000000000000000 ) ) ;
#1508 = VERTEX_POINT ( 'NONE', #2085 ) ;
#1509 = PLANE ( 'NONE',  #2858 ) ;
#1510 = CARTESIAN_POINT ( 'NONE',  ( -16.78377918895946053, 3.245407270802039168, 0.000000000000000000 ) ) ;
#1511 = EDGE_CURVE ( 'NONE', #1906, #2040, #4665, .T. ) ;
#1512 = EDGE_LOOP ( 'NONE', ( #3002, #422, #3846, #480 ) ) ;
#1513 = DIRECTION ( 'NONE',  ( -0.000000000000000000, -1.000000000000000000, -0.000000000000000000 ) ) ;
#1514 = DIRECTION ( 'NONE',  ( 1.586155646917396360E-15, 1.000000000000000000, -0.000000000000000000 ) ) ;
#1515 = ORIENTED_EDGE ( 'NONE', *, *, #3312, .F. ) ;
#1516 = DIRECTION ( 'NONE',  ( 1.000000000000000000, 4.956352788505164254E-16, -0.000000000000000000 ) ) ;
#1517 = DIRECTION ( 'NONE',  ( -0.000000000000000000, -0.000000000000000000, -1.000000000000000000 ) ) ;
#1518 = ORIENTED_EDGE ( 'NONE', *, *, #335, .T. ) ;
#1519 = VERTEX_POINT ( 'NONE', #3267 ) ;
#1520 = CARTESIAN_POINT ( 'NONE',  ( -21.83474173683936570, 16.62003100198858263, 1.500000000000000000 ) ) ;
#1521 = ADVANCED_FACE ( 'NONE', ( #3247 ), #908, .T. ) ;
#1522 = LINE ( 'NONE', #1865, #4308 ) ;
#1523 = DIRECTION ( 'NONE',  ( -0.000000000000000000, -0.000000000000000000, -1.000000000000000000 ) ) ;
#1524 = CARTESIAN_POINT ( 'NONE',  ( -40.88486674321343628, 40.72173608680434853, 1.500000000000000000 ) ) ;
#1525 = CARTESIAN_POINT ( 'NONE',  ( -16.78377918895944987, 26.14540727080203908, 1.500000000000000000 ) ) ;
#1526 = VERTEX_POINT ( 'NONE', #1399 ) ;
#1527 = ORIENTED_EDGE ( 'NONE', *, *, #1636, .T. ) ;
#1528 = EDGE_CURVE ( 'NONE', #4659, #2432, #2403, .T. ) ;
#1529 = LINE ( 'NONE', #457, #4744 ) ;
#1530 = EDGE_LOOP ( 'NONE', ( #4132, #3861, #316, #28 ) ) ;
#1531 = CARTESIAN_POINT ( 'NONE',  ( -3.409365468025916002, 59.77268863487023509, 1.500000000000000000 ) ) ;
#1532 = CARTESIAN_POINT ( 'NONE',  ( -66.93436546802588794, 81.06129703941357434, 1.500000000000000000 ) ) ;
#1533 = VERTEX_POINT ( 'NONE', #4296 ) ;
#1534 = LINE ( 'NONE', #919, #3549 ) ;
#1535 = LINE ( 'NONE', #2596, #2792 ) ;
#1536 = VECTOR ( 'NONE', #785, 1000.000000000000000 ) ;
#1537 = ORIENTED_EDGE ( 'NONE', *, *, #1730, .F. ) ;
#1538 = CARTESIAN_POINT ( 'NONE',  ( -59.93684684209464564, 40.72173608680434853, 1.500000000000000000 ) ) ;
#1539 = DIRECTION ( 'NONE',  ( 1.000000000000000000, 0.000000000000000000, -0.000000000000000000 ) ) ;
#1540 = AXIS2_PLACEMENT_3D ( 'NONE', #3414, #4493, #377 ) ;
#1541 = ORIENTED_EDGE ( 'NONE', *, *, #3327, .F. ) ;
#1542 = ORIENTED_EDGE ( 'NONE', *, *, #1643, .T. ) ;
#1543 = DIRECTION ( 'NONE',  ( -0.000000000000000000, -0.000000000000000000, -1.000000000000000000 ) ) ;
#1544 = LINE ( 'NONE', #426, #3145 ) ;
#1545 = CARTESIAN_POINT ( 'NONE',  ( -54.88386419283836659, 40.72173608680434853, 0.000000000000000000 ) ) ;
#1546 = LINE ( 'NONE', #2032, #4765 ) ;
#1547 = CARTESIAN_POINT ( 'NONE',  ( -65.30936546802591636, 74.77268863487022088, 0.000000000000000000 ) ) ;
#1548 = ORIENTED_EDGE ( 'NONE', *, *, #4221, .T. ) ;
#1549 = VECTOR ( 'NONE', #1877, 1000.000000000000000 ) ;
#1550 = VECTOR ( 'NONE', #1039, 1000.000000000000000 ) ;
#1551 = PLANE ( 'NONE',  #1837 ) ;
#1552 = VERTEX_POINT ( 'NONE', #2429 ) ;
#1553 = CARTESIAN_POINT ( 'NONE',  ( -2.783779188959449868, 12.14540727080204263, 1.500000000000000000 ) ) ;
#1554 = DIRECTION ( 'NONE',  ( -0.000000000000000000, -0.000000000000000000, -1.000000000000000000 ) ) ;
#1555 = VECTOR ( 'NONE', #2711, 1000.000000000000000 ) ;
#1556 = VECTOR ( 'NONE', #4709, 1000.000000000000000 ) ;
#1557 = ORIENTED_EDGE ( 'NONE', *, *, #258, .F. ) ;
#1558 = FACE_OUTER_BOUND ( 'NONE', #3740, .T. ) ;
#1559 = EDGE_CURVE ( 'NONE', #370, #423, #546, .T. ) ;
#1560 = LINE ( 'NONE', #4139, #1536 ) ;
#1561 = VERTEX_POINT ( 'NONE', #3191 ) ;
#1562 = LINE ( 'NONE', #490, #1315 ) ;
#1563 = CARTESIAN_POINT ( 'NONE',  ( -73.93093154632981623, 35.67078353961544934, 1.500000000000000000 ) ) ;
#1564 = ORIENTED_EDGE ( 'NONE', *, *, #1871, .F. ) ;
#1565 = ORIENTED_EDGE ( 'NONE', *, *, #809, .T. ) ;
#1566 = CARTESIAN_POINT ( 'NONE',  ( -92.98779938972202785, 59.77268863487022799, 1.500000000000000000 ) ) ;
#1567 = DIRECTION ( 'NONE',  ( 0.000000000000000000, 1.000000000000000000, 0.000000000000000000 ) ) ;
#1568 = EDGE_CURVE ( 'NONE', #4157, #1221, #4395, .T. ) ;
#1569 = EDGE_CURVE ( 'NONE', #2812, #3900, #1496, .T. ) ;
#1570 = DIRECTION ( 'NONE',  ( -0.000000000000000000, -0.000000000000000000, -1.000000000000000000 ) ) ;
#1571 = DIRECTION ( 'NONE',  ( -0.000000000000000000, 1.000000000000000000, -0.000000000000000000 ) ) ;
#1572 = VECTOR ( 'NONE', #2877, 1000.000000000000000 ) ;
#1573 = VERTEX_POINT ( 'NONE', #3336 ) ;
#1574 = ORIENTED_EDGE ( 'NONE', *, *, #1285, .F. ) ;
#1575 = VECTOR ( 'NONE', #1021, 1000.000000000000000 ) ;
#1576 = CARTESIAN_POINT ( 'NONE',  ( -54.88386419283836659, 54.72160087992026689, 0.000000000000000000 ) ) ;
#1577 = ORIENTED_EDGE ( 'NONE', *, *, #513, .F. ) ;
#1578 = PLANE ( 'NONE',  #973 ) ;
#1579 = DIRECTION ( 'NONE',  ( 0.000000000000000000, -0.000000000000000000, -1.000000000000000000 ) ) ;
#1580 = AXIS2_PLACEMENT_3D ( 'NONE', #4052, #721, #744 ) ;
#1581 = EDGE_LOOP ( 'NONE', ( #2317, #1671, #1735, #4703 ) ) ;
#1582 = FACE_OUTER_BOUND ( 'NONE', #3087, .T. ) ;
#1583 = ADVANCED_FACE ( 'NONE', ( #3707 ), #1472, .T. ) ;
#1584 = CARTESIAN_POINT ( 'NONE',  ( -40.88486674321343628, 21.67078353961545645, 1.500000000000000000 ) ) ;
#1585 = ORIENTED_EDGE ( 'NONE', *, *, #239, .F. ) ;
#1586 = DIRECTION ( 'NONE',  ( 0.000000000000000000, 0.000000000000000000, 1.000000000000000000 ) ) ;
#1587 = DIRECTION ( 'NONE',  ( 0.000000000000000000, -0.000000000000000000, 1.000000000000000000 ) ) ;
#1588 = ADVANCED_FACE ( 'NONE', ( #4467 ), #2630, .T. ) ;
#1589 = ORIENTED_EDGE ( 'NONE', *, *, #4451, .F. ) ;
#1590 = VERTEX_POINT ( 'NONE', #2158 ) ;
#1591 = LINE ( 'NONE', #3094, #3955 ) ;
#1592 = DIRECTION ( 'NONE',  ( -1.000000000000000000, 0.000000000000000000, 0.000000000000000000 ) ) ;
#1593 = AXIS2_PLACEMENT_3D ( 'NONE', #1115, #1773, #3665 ) ;
#1594 = DIRECTION ( 'NONE',  ( 0.000000000000000000, 0.000000000000000000, 1.000000000000000000 ) ) ;
#1595 = EDGE_CURVE ( 'NONE', #3811, #2968, #2604, .T. ) ;
#1596 = CARTESIAN_POINT ( 'NONE',  ( -31.41989937395864274, -4.821376635130702581, 1.500000000000000000 ) ) ;
#1597 = VERTEX_POINT ( 'NONE', #2182 ) ;
#1598 = VECTOR ( 'NONE', #3126, 1000.000000000000000 ) ;
#1599 = CARTESIAN_POINT ( 'NONE',  ( -97.89061546802591351, 100.1102970394135099, 1.500000000000000000 ) ) ;
#1600 = ORIENTED_EDGE ( 'NONE', *, *, #274, .F. ) ;
#1601 = EDGE_CURVE ( 'NONE', #2815, #615, #4120, .T. ) ;
#1602 = DIRECTION ( 'NONE',  ( -0.000000000000000000, -0.000000000000000000, -1.000000000000000000 ) ) ;
#1603 = DIRECTION ( 'NONE',  ( 7.434600983417268502E-16, 1.000000000000000000, -0.000000000000000000 ) ) ;
#1604 = ORIENTED_EDGE ( 'NONE', *, *, #1741, .F. ) ;
#1605 = CARTESIAN_POINT ( 'NONE',  ( -59.93684684209464564, 21.67078353961546000, 0.000000000000000000 ) ) ;
#1606 = EDGE_CURVE ( 'NONE', #2421, #4563, #348, .T. ) ;
#1607 = VERTEX_POINT ( 'NONE', #2580 ) ;
#1608 = CARTESIAN_POINT ( 'NONE',  ( -16.78377918895946053, 27.04540727080203766, 1.500000000000000000 ) ) ;
#1609 = CARTESIAN_POINT ( 'NONE',  ( -78.98779938972202785, 40.72173608680434853, 1.500000000000000000 ) ) ;
#1610 = EDGE_CURVE ( 'NONE', #3884, #1874, #3315, .T. ) ;
#1611 = EDGE_CURVE ( 'NONE', #4623, #3084, #1053, .T. ) ;
#1612 = ORIENTED_EDGE ( 'NONE', *, *, #3538, .T. ) ;
#1613 = EDGE_LOOP ( 'NONE', ( #3108, #3974, #4452, #4218 ) ) ;
#1614 = CARTESIAN_POINT ( 'NONE',  ( -54.88386419283836659, 40.72173608680434853, 0.000000000000000000 ) ) ;
#1615 = FACE_OUTER_BOUND ( 'NONE', #4135, .T. ) ;
#1616 = CARTESIAN_POINT ( 'NONE',  ( -65.30936546802591636, 74.77268863487022088, 1.500000000000000000 ) ) ;
#1617 = VECTOR ( 'NONE', #1157, 1000.000000000000000 ) ;
#1618 = FACE_OUTER_BOUND ( 'NONE', #4645, .T. ) ;
#1619 = DIRECTION ( 'NONE',  ( -0.000000000000000000, -0.000000000000000000, -1.000000000000000000 ) ) ;
#1620 = VECTOR ( 'NONE', #1339, 1000.000000000000000 ) ;
#1621 = EDGE_LOOP ( 'NONE', ( #268, #2172 ) ) ;
#1622 = CARTESIAN_POINT ( 'NONE',  ( -54.88386419283836659, 40.72173608680434853, 1.500000000000000000 ) ) ;
#1623 = EDGE_LOOP ( 'NONE', ( #227, #1489 ) ) ;
#1624 = CARTESIAN_POINT ( 'NONE',  ( -78.98779938972202785, 16.62003100198857553, 1.500000000000000000 ) ) ;
#1625 = DIRECTION ( 'NONE',  ( -1.000000000000000000, 9.251858538542975772E-16, 0.000000000000000000 ) ) ;
#1626 = VECTOR ( 'NONE', #3809, 1000.000000000000000 ) ;
#1627 = EDGE_CURVE ( 'NONE', #3688, #1410, #323, .T. ) ;
#1628 = EDGE_CURVE ( 'NONE', #4809, #801, #3681, .T. ) ;
#1629 = ORIENTED_EDGE ( 'NONE', *, *, #789, .T. ) ;
#1630 = DIRECTION ( 'NONE',  ( 0.000000000000000000, 1.000000000000000000, -0.000000000000000000 ) ) ;
#1631 = VECTOR ( 'NONE', #4507, 1000.000000000000000 ) ;
#1632 = AXIS2_PLACEMENT_3D ( 'NONE', #451, #4570, #1964 ) ;
#1633 = EDGE_LOOP ( 'NONE', ( #2902, #4274, #4729, #617 ) ) ;
#1634 = CARTESIAN_POINT ( 'NONE',  ( -94.71561546802591636, 0.8891572708020266669, 0.000000000000000000 ) ) ;
#1635 = FACE_OUTER_BOUND ( 'NONE', #3396, .T. ) ;
#1636 = EDGE_CURVE ( 'NONE', #1754, #860, #4626, .T. ) ;
#1637 = ORIENTED_EDGE ( 'NONE', *, *, #961, .T. ) ;
#1638 = ORIENTED_EDGE ( 'NONE', *, *, #4373, .F. ) ;
#1639 = LINE ( 'NONE', #3139, #3166 ) ;
#1640 = LINE ( 'NONE', #1133, #134 ) ;
#1641 = CARTESIAN_POINT ( 'NONE',  ( -27.20936546802591494, 59.77268863487023509, 1.500000000000000000 ) ) ;
#1642 = LINE ( 'NONE', #2798, #2 ) ;
#1643 = EDGE_CURVE ( 'NONE', #4363, #2613, #1791, .T. ) ;
#1644 = VECTOR ( 'NONE', #2426, 1000.000000000000000 ) ;
#1645 = DIRECTION ( 'NONE',  ( -0.000000000000000000, -0.000000000000000000, -1.000000000000000000 ) ) ;
#1646 = VECTOR ( 'NONE', #371, 1000.000000000000000 ) ;
#1647 = CARTESIAN_POINT ( 'NONE',  ( -35.20936546802590783, 59.77268863487023509, 1.500000000000000000 ) ) ;
#1648 = ORIENTED_EDGE ( 'NONE', *, *, #1701, .T. ) ;
#1649 = EDGE_CURVE ( 'NONE', #2602, #2548, #2945, .T. ) ;
#1650 = DIRECTION ( 'NONE',  ( -1.000000000000000000, -0.000000000000000000, -0.000000000000000000 ) ) ;
#1651 = ORIENTED_EDGE ( 'NONE', *, *, #4642, .F. ) ;
#1652 = VECTOR ( 'NONE', #1415, 1000.000000000000000 ) ;
#1653 = LINE ( 'NONE', #232, #3201 ) ;
#1654 = VERTEX_POINT ( 'NONE', #1889 ) ;
#1655 = DIRECTION ( 'NONE',  ( -1.000000000000000000, 0.000000000000000000, 0.000000000000000000 ) ) ;
#1656 = ORIENTED_EDGE ( 'NONE', *, *, #1419, .T. ) ;
#1657 = MANIFOLD_SOLID_BREP ( 'Fillet1', #3613 ) ;
#1658 = LINE ( 'NONE', #585, #4379 ) ;
#1659 = CARTESIAN_POINT ( 'NONE',  ( -21.83474173683936570, 16.62003100198858263, 0.000000000000000000 ) ) ;
#1660 = EDGE_LOOP ( 'NONE', ( #2087, #4140, #1302, #254 ) ) ;
#1661 = ORIENTED_EDGE ( 'NONE', *, *, #4322, .T. ) ;
#1662 = CARTESIAN_POINT ( 'NONE',  ( 6.121884531974079557, 63.03178434324230039, 0.000000000000000000 ) ) ;
#1663 = PLANE ( 'NONE',  #1540 ) ;
#1664 = DIRECTION ( 'NONE',  ( -0.000000000000000000, -0.000000000000000000, -1.000000000000000000 ) ) ;
#1665 = FACE_BOUND ( 'NONE', #714, .T. ) ;
#1666 = ADVANCED_FACE ( 'NONE', ( #1615 ), #297, .T. ) ;
#1667 = EDGE_CURVE ( 'NONE', #4384, #4217, #2378, .T. ) ;
#1668 = VECTOR ( 'NONE', #2766, 1000.000000000000000 ) ;
#1669 = CARTESIAN_POINT ( 'NONE',  ( -40.88486674321343628, 16.62003100198857908, 1.500000000000000000 ) ) ;
#1670 = CARTESIAN_POINT ( 'NONE',  ( -50.40936546802591778, 59.77268863487022799, 0.000000000000000000 ) ) ;
#1671 = ORIENTED_EDGE ( 'NONE', *, *, #514, .F. ) ;
#1672 = VECTOR ( 'NONE', #2233, 1000.000000000000000 ) ;
#1673 = CARTESIAN_POINT ( 'NONE',  ( -78.98779938972202785, 35.67078353961545645, 0.000000000000000000 ) ) ;
#1674 = ORIENTED_EDGE ( 'NONE', *, *, #3558, .T. ) ;
#1675 = ADVANCED_FACE ( 'NONE', ( #818 ), #2305, .T. ) ;
#1676 = CARTESIAN_POINT ( 'NONE',  ( -101.8906154680259135, 37.17391996697324430, 1.500000000000000000 ) ) ;
#1677 = DIRECTION ( 'NONE',  ( 0.000000000000000000, 0.000000000000000000, 1.000000000000000000 ) ) ;
#1678 = ORIENTED_EDGE ( 'NONE', *, *, #622, .T. ) ;
#1679 = PLANE ( 'NONE',  #327 ) ;
#1680 = ORIENTED_EDGE ( 'NONE', *, *, #3881, .F. ) ;
#1681 = CARTESIAN_POINT ( 'NONE',  ( -69.31561546802588225, 100.1102970394135099, 1.500000000000000000 ) ) ;
#1682 = DIRECTION ( 'NONE',  ( 1.000000000000000000, 0.000000000000000000, 0.000000000000000000 ) ) ;
#1683 = EDGE_LOOP ( 'NONE', ( #461, #2074, #3491, #3081 ) ) ;
#1684 = CARTESIAN_POINT ( 'NONE',  ( -66.93436546802588794, 81.06129703941357434, 1.500000000000000000 ) ) ;
#1685 = ORIENTED_EDGE ( 'NONE', *, *, #4470, .F. ) ;
#1686 = ORIENTED_EDGE ( 'NONE', *, *, #4045, .T. ) ;
#1687 = LINE ( 'NONE', #2081, #4554 ) ;
#1688 = DIRECTION ( 'NONE',  ( 0.000000000000000000, 0.000000000000000000, 1.000000000000000000 ) ) ;
#1689 = CARTESIAN_POINT ( 'NONE',  ( -60.81329765616042238, -6.285842729197964829, 1.500000000000000000 ) ) ;
#1690 = CARTESIAN_POINT ( 'NONE',  ( -40.88486674321343628, 2.619780989487944911, 0.000000000000000000 ) ) ;
#1691 = CARTESIAN_POINT ( 'NONE',  ( -16.78377918895944632, 40.72173608680434853, 1.500000000000000000 ) ) ;
#1692 = PLANE ( 'NONE',  #2658 ) ;
#1693 = ORIENTED_EDGE ( 'NONE', *, *, #4602, .F. ) ;
#1694 = DIRECTION ( 'NONE',  ( -1.000000000000000000, 2.479223918734477749E-16, -0.000000000000000000 ) ) ;
#1695 = ORIENTED_EDGE ( 'NONE', *, *, #2578, .F. ) ;
#1696 = AXIS2_PLACEMENT_3D ( 'NONE', #1243, #3039, #3848 ) ;
#1697 = CARTESIAN_POINT ( 'NONE',  ( -5.021865468025909607, 97.73004703941359139, 1.500000000000000000 ) ) ;
#1698 = LINE ( 'NONE', #3889, #2178 ) ;
#1699 = VERTEX_POINT ( 'NONE', #3433 ) ;
#1700 = LINE ( 'NONE', #1284, #2281 ) ;
#1701 = EDGE_CURVE ( 'NONE', #1759, #4064, #2328, .T. ) ;
#1702 = EDGE_LOOP ( 'NONE', ( #4039, #3404, #3205, #1378 ) ) ;
#1703 = LINE ( 'NONE', #1287, #1011 ) ;
#1704 = CARTESIAN_POINT ( 'NONE',  ( -20.40936546802593199, 19.14540727080202132, 1.500000000000000000 ) ) ;
#1705 = EDGE_CURVE ( 'NONE', #2993, #4279, #126, .T. ) ;
#1706 = ORIENTED_EDGE ( 'NONE', *, *, #1775, .F. ) ;
#1707 = VECTOR ( 'NONE', #2865, 1000.000000000000000 ) ;
#1708 = DIRECTION ( 'NONE',  ( 1.000000000000000000, -0.000000000000000000, -0.000000000000000000 ) ) ;
#1709 = AXIS2_PLACEMENT_3D ( 'NONE', #3963, #605, #1282 ) ;
#1710 = ORIENTED_EDGE ( 'NONE', *, *, #4429, .T. ) ;
#1711 = VERTEX_POINT ( 'NONE', #424 ) ;
#1712 = ORIENTED_EDGE ( 'NONE', *, *, #4632, .T. ) ;
#1713 = CARTESIAN_POINT ( 'NONE',  ( -26.30936546802591280, 59.77268863487024220, 1.500000000000000000 ) ) ;
#1714 = LINE ( 'NONE', #420, #4125 ) ;
#1715 = DIRECTION ( 'NONE',  ( 0.000000000000000000, -0.000000000000000000, -1.000000000000000000 ) ) ;
#1716 = DIRECTION ( 'NONE',  ( 1.000000000000000000, -3.636590233855834910E-16, -0.000000000000000000 ) ) ;
#1717 = DIRECTION ( 'NONE',  ( -0.000000000000000000, -0.000000000000000000, -1.000000000000000000 ) ) ;
#1718 = CARTESIAN_POINT ( 'NONE',  ( -38.35936546802593483, 76.29879703941352886, 1.500000000000000000 ) ) ;
#1719 = EDGE_CURVE ( 'NONE', #3386, #1526, #77, .T. ) ;
#1720 = ORIENTED_EDGE ( 'NONE', *, *, #2440, .F. ) ;
#1721 = DIRECTION ( 'NONE',  ( 1.000000000000000000, 2.479223918734477749E-16, -0.000000000000000000 ) ) ;
#1722 = AXIS2_PLACEMENT_3D ( 'NONE', #3098, #2756, #4248 ) ;
#1723 = FACE_BOUND ( 'NONE', #342, .T. ) ;
#1724 = CARTESIAN_POINT ( 'NONE',  ( -27.20936546802590783, 74.77268863487022088, 1.500000000000000000 ) ) ;
#1725 = CARTESIAN_POINT ( 'NONE',  ( -54.88386419283836659, 2.619780989487944911, 0.000000000000000000 ) ) ;
#1726 = ORIENTED_EDGE ( 'NONE', *, *, #4393, .F. ) ;
#1727 = DIRECTION ( 'NONE',  ( -5.692061405548903209E-16, 1.000000000000000000, -0.000000000000000000 ) ) ;
#1728 = LINE ( 'NONE', #560, #4601 ) ;
#1729 = VECTOR ( 'NONE', #3904, 1000.000000000000000 ) ;
#1730 = EDGE_CURVE ( 'NONE', #2280, #3884, #3073, .T. ) ;
#1731 = VERTEX_POINT ( 'NONE', #3019 ) ;
#1732 = LINE ( 'NONE', #1684, #726 ) ;
#1733 = ORIENTED_EDGE ( 'NONE', *, *, #4545, .F. ) ;
#1734 = VERTEX_POINT ( 'NONE', #1912 ) ;
#1735 = ORIENTED_EDGE ( 'NONE', *, *, #2523, .F. ) ;
#1736 = FACE_OUTER_BOUND ( 'NONE', #3184, .T. ) ;
#1737 = DIRECTION ( 'NONE',  ( 1.000000000000000000, -0.000000000000000000, -0.000000000000000000 ) ) ;
#1738 = EDGE_CURVE ( 'NONE', #2421, #816, #4566, .T. ) ;
#1739 = FACE_OUTER_BOUND ( 'NONE', #4667, .T. ) ;
#1740 = CARTESIAN_POINT ( 'NONE',  ( -2.783779188959446316, 40.72173608680434853, 1.500000000000000000 ) ) ;
#1741 = EDGE_CURVE ( 'NONE', #1607, #4363, #1204, .T. ) ;
#1742 = CIRCLE ( 'NONE', #1580, 4.999999999999997335 ) ;
#1743 = CARTESIAN_POINT ( 'NONE',  ( -97.89061546802591351, 0.8891572708020264448, 1.500000000000000000 ) ) ;
#1744 = CARTESIAN_POINT ( 'NONE',  ( -21.83474173683937281, 40.72173608680434853, 1.500000000000000000 ) ) ;
#1745 = ORIENTED_EDGE ( 'NONE', *, *, #2730, .F. ) ;
#1746 = FACE_OUTER_BOUND ( 'NONE', #4851, .T. ) ;
#1747 = EDGE_CURVE ( 'NONE', #4018, #3100, #4589, .T. ) ;
#1748 = FACE_BOUND ( 'NONE', #123, .T. ) ;
#1749 = CARTESIAN_POINT ( 'NONE',  ( -11.40936546802590534, 59.77268863487023509, 0.000000000000000000 ) ) ;
#1750 = CARTESIAN_POINT ( 'NONE',  ( -96.89061546802591351, 63.03178434324228618, 1.500000000000000000 ) ) ;
#1751 = DIRECTION ( 'NONE',  ( -1.000000000000000000, -1.487012322605958667E-15, -0.000000000000000000 ) ) ;
#1752 = LINE ( 'NONE', #3257, #4209 ) ;
#1753 = VECTOR ( 'NONE', #4572, 1000.000000000000000 ) ;
#1754 = VERTEX_POINT ( 'NONE', #3829 ) ;
#1755 = DIRECTION ( 'NONE',  ( -0.000000000000000000, -0.000000000000000000, -1.000000000000000000 ) ) ;
#1756 = AXIS2_PLACEMENT_3D ( 'NONE', #732, #1144, #4164 ) ;
#1757 = ORIENTED_EDGE ( 'NONE', *, *, #2007, .T. ) ;
#1758 = EDGE_LOOP ( 'NONE', ( #99, #1341, #4338, #4449 ) ) ;
#1759 = VERTEX_POINT ( 'NONE', #4538 ) ;
#1760 = LINE ( 'NONE', #3609, #877 ) ;
#1761 = DIRECTION ( 'NONE',  ( -0.000000000000000000, -1.000000000000000000, -0.000000000000000000 ) ) ;
#1762 = ADVANCED_FACE ( 'NONE', ( #1179 ), #862, .F. ) ;
#1763 = DIRECTION ( 'NONE',  ( -0.7071067811865585639, -0.7071067811865364705, 0.000000000000000000 ) ) ;
#1764 = ADVANCED_FACE ( 'NONE', ( #1247 ), #4171, .T. ) ;
#1765 = CARTESIAN_POINT ( 'NONE',  ( -21.83474173683937281, 40.72173608680434853, 1.500000000000000000 ) ) ;
#1766 = CARTESIAN_POINT ( 'NONE',  ( -94.71561546802591636, -2.285842729197973267, 1.500000000000000000 ) ) ;
#1767 = ORIENTED_EDGE ( 'NONE', *, *, #3764, .F. ) ;
#1768 = VECTOR ( 'NONE', #3779, 1000.000000000000000 ) ;
#1769 = FACE_BOUND ( 'NONE', #1623, .T. ) ;
#1770 = DIRECTION ( 'NONE',  ( -0.000000000000000000, -0.000000000000000000, -1.000000000000000000 ) ) ;
#1771 = CARTESIAN_POINT ( 'NONE',  ( -16.78377918895946053, 27.04540727080203766, 1.500000000000000000 ) ) ;
#1772 = AXIS2_PLACEMENT_3D ( 'NONE', #1032, #1688, #2476 ) ;
#1773 = DIRECTION ( 'NONE',  ( -2.891205793294678819E-16, 1.000000000000000000, 0.000000000000000000 ) ) ;
#1774 = LINE ( 'NONE', #4849, #4767 ) ;
#1775 = EDGE_CURVE ( 'NONE', #4018, #4657, #3855, .T. ) ;
#1776 = AXIS2_PLACEMENT_3D ( 'NONE', #385, #2957, #4110 ) ;
#1777 = EDGE_CURVE ( 'NONE', #2793, #3193, #496, .T. ) ;
#1778 = ORIENTED_EDGE ( 'NONE', *, *, #983, .T. ) ;
#1779 = LINE ( 'NONE', #2075, #3860 ) ;
#1780 = VERTEX_POINT ( 'NONE', #1520 ) ;
#1781 = ORIENTED_EDGE ( 'NONE', *, *, #4269, .F. ) ;
#1782 = ORIENTED_EDGE ( 'NONE', *, *, #2078, .T. ) ;
#1783 = EDGE_CURVE ( 'NONE', #1413, #4279, #4511, .T. ) ;
#1784 = CARTESIAN_POINT ( 'NONE',  ( -60.81329765616042948, -1.285842729197969936, 1.500000000000000000 ) ) ;
#1785 = CARTESIAN_POINT ( 'NONE',  ( -40.88486674321343628, 40.72173608680434853, 0.000000000000000000 ) ) ;
#1786 = VECTOR ( 'NONE', #2321, 1000.000000000000000 ) ;
#1787 = VECTOR ( 'NONE', #829, 1000.000000000000000 ) ;
#1788 = EDGE_LOOP ( 'NONE', ( #1177, #1096, #2213, #2564 ) ) ;
#1789 = EDGE_LOOP ( 'NONE', ( #4784, #3284, #4235, #3299 ) ) ;
#1790 = VECTOR ( 'NONE', #1619, 1000.000000000000000 ) ;
#1791 = LINE ( 'NONE', #3290, #407 ) ;
#1792 = DIRECTION ( 'NONE',  ( -0.000000000000000000, 1.000000000000000000, -0.000000000000000000 ) ) ;
#1793 = ORIENTED_EDGE ( 'NONE', *, *, #3840, .T. ) ;
#1794 = VECTOR ( 'NONE', #4697, 1000.000000000000000 ) ;
#1795 = CARTESIAN_POINT ( 'NONE',  ( 1.121884531974087995, 37.17391996697326562, 1.500000000000000000 ) ) ;
#1796 = CARTESIAN_POINT ( 'NONE',  ( -75.35936546802592773, 19.14540727080201421, 1.500000000000000000 ) ) ;
#1797 = ADVANCED_FACE ( 'NONE', ( #2477 ), #2775, .T. ) ;
#1798 = ORIENTED_EDGE ( 'NONE', *, *, #2874, .F. ) ;
#1799 = VECTOR ( 'NONE', #4049, 1000.000000000000000 ) ;
#1800 = LINE ( 'NONE', #3715, #2204 ) ;
#1801 = VERTEX_POINT ( 'NONE', #4740 ) ;
#1802 = FACE_OUTER_BOUND ( 'NONE', #4202, .T. ) ;
#1803 = CARTESIAN_POINT ( 'NONE',  ( -64.40936546802592488, 73.67113234831137447, 1.500000000000000000 ) ) ;
#1804 = VECTOR ( 'NONE', #2111, 1000.000000000000000 ) ;
#1805 = ORIENTED_EDGE ( 'NONE', *, *, #4216, .F. ) ;
#1806 = CARTESIAN_POINT ( 'NONE',  ( 2.121884531974085775, 102.4915470394135184, 1.500000000000000000 ) ) ;
#1807 = ORIENTED_EDGE ( 'NONE', *, *, #3119, .T. ) ;
#1808 = ORIENTED_EDGE ( 'NONE', *, *, #1967, .F. ) ;
#1809 = ORIENTED_EDGE ( 'NONE', *, *, #447, .T. ) ;
#1810 = CARTESIAN_POINT ( 'NONE',  ( -1.053115468025914270, 99.31654703941354967, 1.500000000000000000 ) ) ;
#1811 = CARTESIAN_POINT ( 'NONE',  ( -35.20936546802590783, 59.77268863487023509, 1.500000000000000000 ) ) ;
#1812 = VECTOR ( 'NONE', #3541, 1000.000000000000000 ) ;
#1813 = VECTOR ( 'NONE', #2465, 1000.000000000000000 ) ;
#1814 = ORIENTED_EDGE ( 'NONE', *, *, #1738, .T. ) ;
#1815 = ORIENTED_EDGE ( 'NONE', *, *, #2807, .T. ) ;
#1816 = CARTESIAN_POINT ( 'NONE',  ( -65.30936546802591636, 74.77268863487022088, 1.500000000000000000 ) ) ;
#1817 = DIRECTION ( 'NONE',  ( 1.000000000000000000, 0.000000000000000000, 0.000000000000000000 ) ) ;
#1818 = VERTEX_POINT ( 'NONE', #1689 ) ;
#1819 = EDGE_CURVE ( 'NONE', #3453, #2320, #171, .T. ) ;
#1820 = EDGE_CURVE ( 'NONE', #859, #1956, #3929, .T. ) ;
#1821 = LINE ( 'NONE', #768, #101 ) ;
#1822 = DIRECTION ( 'NONE',  ( -9.912801311223031243E-16, 1.000000000000000000, -0.000000000000000000 ) ) ;
#1823 = ORIENTED_EDGE ( 'NONE', *, *, #2469, .T. ) ;
#1824 = PLANE ( 'NONE',  #2682 ) ;
#1825 = EDGE_CURVE ( 'NONE', #2220, #365, #2679, .T. ) ;
#1826 = ORIENTED_EDGE ( 'NONE', *, *, #1777, .T. ) ;
#1827 = PLANE ( 'NONE',  #4577 ) ;
#1828 = FACE_OUTER_BOUND ( 'NONE', #3314, .T. ) ;
#1829 = EDGE_CURVE ( 'NONE', #577, #4436, #4267, .T. ) ;
#1830 = ORIENTED_EDGE ( 'NONE', *, *, #2288, .T. ) ;
#1831 = PLANE ( 'NONE',  #1041 ) ;
#1832 = VECTOR ( 'NONE', #539, 1000.000000000000000 ) ;
#1833 = LINE ( 'NONE', #2273, #1768 ) ;
#1834 = ORIENTED_EDGE ( 'NONE', *, *, #3311, .T. ) ;
#1835 = PLANE ( 'NONE',  #4613 ) ;
#1836 = DIRECTION ( 'NONE',  ( -1.000000000000000000, 0.000000000000000000, 0.000000000000000000 ) ) ;
#1837 = AXIS2_PLACEMENT_3D ( 'NONE', #3395, #1968, #847 ) ;
#1838 = VERTEX_POINT ( 'NONE', #906 ) ;
#1839 = ORIENTED_EDGE ( 'NONE', *, *, #90, .T. ) ;
#1840 = CARTESIAN_POINT ( 'NONE',  ( -92.98779938972202785, 35.67078353961545645, 1.500000000000000000 ) ) ;
#1841 = LINE ( 'NONE', #4818, #549 ) ;
#1842 = ORIENTED_EDGE ( 'NONE', *, *, #2480, .T. ) ;
#1843 = ADVANCED_FACE ( 'NONE', ( #2851 ), #2425, .T. ) ;
#1844 = DIRECTION ( 'NONE',  ( 0.000000000000000000, 0.000000000000000000, -1.000000000000000000 ) ) ;
#1845 = EDGE_CURVE ( 'NONE', #4314, #749, #2797, .T. ) ;
#1846 = CARTESIAN_POINT ( 'NONE',  ( -78.98779938972204206, 73.67113234831137447, 1.500000000000000000 ) ) ;
#1847 = ORIENTED_EDGE ( 'NONE', *, *, #1379, .T. ) ;
#1848 = CARTESIAN_POINT ( 'NONE',  ( -73.93093154632981623, 21.67078353961545645, 0.000000000000000000 ) ) ;
#1849 = EDGE_LOOP ( 'NONE', ( #1896, #2961, #4747, #4168 ) ) ;
#1850 = DIRECTION ( 'NONE',  ( 0.000000000000000000, 0.000000000000000000, 1.000000000000000000 ) ) ;
#1851 = DIRECTION ( 'NONE',  ( -0.000000000000000000, 0.000000000000000000, 1.000000000000000000 ) ) ;
#1852 = VECTOR ( 'NONE', #905, 1000.000000000000000 ) ;
#1853 = ORIENTED_EDGE ( 'NONE', *, *, #3477, .F. ) ;
#1854 = ADVANCED_FACE ( 'NONE', ( #1323 ), #959, .T. ) ;
#1855 = DIRECTION ( 'NONE',  ( -0.000000000000000000, -0.000000000000000000, -1.000000000000000000 ) ) ;
#1856 = DIRECTION ( 'NONE',  ( 9.251858538542975772E-16, 1.000000000000000000, 0.000000000000000000 ) ) ;
#1857 = EDGE_LOOP ( 'NONE', ( #836, #4047, #1981, #1793 ) ) ;
#1858 = DIRECTION ( 'NONE',  ( -2.478176394252580155E-16, 1.000000000000000000, -0.000000000000000000 ) ) ;
#1859 = DIRECTION ( 'NONE',  ( -1.000000000000000000, 9.912801311223015466E-16, 0.000000000000000000 ) ) ;
#1860 = AXIS2_PLACEMENT_3D ( 'NONE', #950, #2521, #4383 ) ;
#1861 = EDGE_CURVE ( 'NONE', #709, #2500, #1348, .T. ) ;
#1862 = ORIENTED_EDGE ( 'NONE', *, *, #1402, .T. ) ;
#1863 = VERTEX_POINT ( 'NONE', #541 ) ;
#1864 = CARTESIAN_POINT ( 'NONE',  ( 2.121884531974091992, 31.10285215510787182, 1.500000000000000000 ) ) ;
#1865 = CARTESIAN_POINT ( 'NONE',  ( -49.50936546802591209, 59.77268863487022088, 1.500000000000000000 ) ) ;
#1866 = AXIS2_PLACEMENT_3D ( 'NONE', #1810, #2572, #3309 ) ;
#1867 = VECTOR ( 'NONE', #4255, 1000.000000000000000 ) ;
#1868 = DIRECTION ( 'NONE',  ( -0.000000000000000000, -1.000000000000000000, -0.000000000000000000 ) ) ;
#1869 = DIRECTION ( 'NONE',  ( -0.000000000000000000, -1.000000000000000000, -0.000000000000000000 ) ) ;
#1870 = FACE_OUTER_BOUND ( 'NONE', #2229, .T. ) ;
#1871 = EDGE_CURVE ( 'NONE', #2819, #4037, #2033, .T. ) ;
#1872 = LINE ( 'NONE', #1846, #854 ) ;
#1873 = ORIENTED_EDGE ( 'NONE', *, *, #2240, .T. ) ;
#1874 = VERTEX_POINT ( 'NONE', #4343 ) ;
#1875 = FACE_OUTER_BOUND ( 'NONE', #752, .T. ) ;
#1876 = ORIENTED_EDGE ( 'NONE', *, *, #4408, .T. ) ;
#1877 = DIRECTION ( 'NONE',  ( -0.000000000000000000, -0.000000000000000000, -1.000000000000000000 ) ) ;
#1878 = DIRECTION ( 'NONE',  ( 0.000000000000000000, -0.000000000000000000, -1.000000000000000000 ) ) ;
#1879 = ORIENTED_EDGE ( 'NONE', *, *, #2506, .F. ) ;
#1880 = DIRECTION ( 'NONE',  ( -0.000000000000000000, 0.000000000000000000, 1.000000000000000000 ) ) ;
#1881 = ADVANCED_FACE ( 'NONE', ( #1739 ), #1373, .F. ) ;
#1882 = CARTESIAN_POINT ( 'NONE',  ( -11.40936546802590534, 59.77268863487023509, 1.500000000000000000 ) ) ;
#1883 = ORIENTED_EDGE ( 'NONE', *, *, #447, .F. ) ;
#1884 = VECTOR ( 'NONE', #4024, 1000.000000000000000 ) ;
#1885 = CARTESIAN_POINT ( 'NONE',  ( -40.88486674321343628, 16.62003100198857908, 0.000000000000000000 ) ) ;
#1886 = CARTESIAN_POINT ( 'NONE',  ( -66.88436546802589078, -2.285842729197971490, 1.500000000000000000 ) ) ;
#1887 = ORIENTED_EDGE ( 'NONE', *, *, #4241, .F. ) ;
#1888 = EDGE_LOOP ( 'NONE', ( #1266, #2821, #3570, #183 ) ) ;
#1889 = CARTESIAN_POINT ( 'NONE',  ( -100.4261493739585944, 66.56731824917505946, 0.000000000000000000 ) ) ;
#1890 = EDGE_CURVE ( 'NONE', #749, #289, #4317, .T. ) ;
#1891 = DIRECTION ( 'NONE',  ( 0.000000000000000000, -1.000000000000000000, 0.000000000000000000 ) ) ;
#1892 = VECTOR ( 'NONE', #2752, 1000.000000000000000 ) ;
#1893 = FACE_OUTER_BOUND ( 'NONE', #440, .T. ) ;
#1894 = CARTESIAN_POINT ( 'NONE',  ( -26.30936546802591280, 59.77268863487024220, 1.500000000000000000 ) ) ;
#1895 = LINE ( 'NONE', #3835, #1555 ) ;
#1896 = ORIENTED_EDGE ( 'NONE', *, *, #3991, .T. ) ;
#1897 = ORIENTED_EDGE ( 'NONE', *, *, #3525, .T. ) ;
#1898 = DIRECTION ( 'NONE',  ( -1.000000000000000000, -0.000000000000000000, -0.000000000000000000 ) ) ;
#1899 = ORIENTED_EDGE ( 'NONE', *, *, #2878, .F. ) ;
#1900 = CARTESIAN_POINT ( 'NONE',  ( -54.88386419283835949, 35.67078353961546355, 1.500000000000000000 ) ) ;
#1901 = LINE ( 'NONE', #3447, #1787 ) ;
#1902 = ORIENTED_EDGE ( 'NONE', *, *, #1967, .T. ) ;
#1903 = DIRECTION ( 'NONE',  ( 1.000000000000000000, 0.000000000000000000, 0.000000000000000000 ) ) ;
#1904 = VECTOR ( 'NONE', #139, 1000.000000000000000 ) ;
#1905 = CARTESIAN_POINT ( 'NONE',  ( -35.83386419283842628, 21.67078353961545645, 0.000000000000000000 ) ) ;
#1906 = VERTEX_POINT ( 'NONE', #4292 ) ;
#1907 = LINE ( 'NONE', #2549, #1941 ) ;
#1908 = LINE ( 'NONE', #1811, #4285 ) ;
#1909 = AXIS2_PLACEMENT_3D ( 'NONE', #2241, #3325, #4825 ) ;
#1910 = ORIENTED_EDGE ( 'NONE', *, *, #452, .F. ) ;
#1911 = ORIENTED_EDGE ( 'NONE', *, *, #27, .F. ) ;
#1912 = CARTESIAN_POINT ( 'NONE',  ( -31.41989937395866406, 105.0270809453462562, 0.000000000000000000 ) ) ;
#1913 = DIRECTION ( 'NONE',  ( -1.982560262244606249E-15, -1.000000000000000000, -0.000000000000000000 ) ) ;
#1914 = CARTESIAN_POINT ( 'NONE',  ( -5.021865468025911383, 81.06129703941358855, 0.000000000000000000 ) ) ;
#1915 = DIRECTION ( 'NONE',  ( -1.000000000000000000, -3.018909654835916877E-16, 0.000000000000000000 ) ) ;
#1916 = DIRECTION ( 'NONE',  ( -0.000000000000000000, 0.000000000000000000, 1.000000000000000000 ) ) ;
#1917 = VERTEX_POINT ( 'NONE', #3531 ) ;
#1918 = DIRECTION ( 'NONE',  ( -0.7071067811865474617, -0.7071067811865474617, 0.000000000000000000 ) ) ;
#1919 = VERTEX_POINT ( 'NONE', #594 ) ;
#1920 = CARTESIAN_POINT ( 'NONE',  ( -97.89061546802592773, 69.10285215510766932, 1.500000000000000000 ) ) ;
#1921 = CARTESIAN_POINT ( 'NONE',  ( -27.20936546802590783, 74.77268863487022088, 1.500000000000000000 ) ) ;
#1922 = ORIENTED_EDGE ( 'NONE', *, *, #1705, .F. ) ;
#1923 = CARTESIAN_POINT ( 'NONE',  ( -54.88386419283835949, 21.67078353961545645, 0.000000000000000000 ) ) ;
#1924 = FACE_OUTER_BOUND ( 'NONE', #3695, .T. ) ;
#1925 = VECTOR ( 'NONE', #1855, 1000.000000000000000 ) ;
#1926 = ORIENTED_EDGE ( 'NONE', *, *, #233, .F. ) ;
#1927 = ADVANCED_FACE ( 'NONE', ( #2505 ), #4003, .T. ) ;
#1928 = DIRECTION ( 'NONE',  ( 1.165588477296751518E-14, -1.000000000000000000, 0.000000000000000000 ) ) ;
#1929 = DIRECTION ( 'NONE',  ( 1.000000000000000000, 0.000000000000000000, 0.000000000000000000 ) ) ;
#1930 = EDGE_CURVE ( 'NONE', #3481, #3926, #2135, .T. ) ;
#1931 = ADVANCED_FACE ( 'NONE', ( #4639 ), #1271, .F. ) ;
#1932 = AXIS2_PLACEMENT_3D ( 'NONE', #2649, #1517, #4508 ) ;
#1933 = ORIENTED_EDGE ( 'NONE', *, *, #858, .T. ) ;
#1934 = ORIENTED_EDGE ( 'NONE', *, *, #1930, .F. ) ;
#1935 = DIRECTION ( 'NONE',  ( -0.000000000000000000, -0.000000000000000000, -1.000000000000000000 ) ) ;
#1936 = DIRECTION ( 'NONE',  ( -0.000000000000000000, -0.000000000000000000, -1.000000000000000000 ) ) ;
#1937 = CARTESIAN_POINT ( 'NONE',  ( -21.83474173683936925, 35.67078353961547066, 0.000000000000000000 ) ) ;
#1938 = LINE ( 'NONE', #1525, #1626 ) ;
#1939 = ORIENTED_EDGE ( 'NONE', *, *, #2661, .F. ) ;
#1940 = ORIENTED_EDGE ( 'NONE', *, *, #910, .T. ) ;
#1941 = VECTOR ( 'NONE', #2173, 1000.000000000000000 ) ;
#1942 = VECTOR ( 'NONE', #1554, 1000.000000000000000 ) ;
#1943 = LINE ( 'NONE', #1232, #3875 ) ;
#1944 = ORIENTED_EDGE ( 'NONE', *, *, #1273, .T. ) ;
#1945 = ADVANCED_FACE ( 'NONE', ( #273 ), #3265, .T. ) ;
#1946 = DIRECTION ( 'NONE',  ( -1.000000000000000000, 0.000000000000000000, 0.000000000000000000 ) ) ;
#1947 = DIRECTION ( 'NONE',  ( -0.000000000000000000, -0.000000000000000000, -1.000000000000000000 ) ) ;
#1948 = VECTOR ( 'NONE', #3049, 1000.000000000000000 ) ;
#1949 = VERTEX_POINT ( 'NONE', #4010 ) ;
#1950 = CARTESIAN_POINT ( 'NONE',  ( -40.88486674321343628, 21.67078353961545645, 1.500000000000000000 ) ) ;
#1951 = LINE ( 'NONE', #3749, #4513 ) ;
#1952 = ORIENTED_EDGE ( 'NONE', *, *, #964, .F. ) ;
#1953 = DIRECTION ( 'NONE',  ( 1.000000000000000000, 0.000000000000000000, 0.000000000000000000 ) ) ;
#1954 = CARTESIAN_POINT ( 'NONE',  ( -78.98779938972202785, 59.77268863487023509, 0.000000000000000000 ) ) ;
#1955 = ADVANCED_FACE ( 'NONE', ( #231, #4302, #3985, #3962, #1404, #1748, #942, #2489, #654, #604, #2515, #3939, #4724, #1304, #3273, #1723, #4353, #2141, #1331, #1769, #3173, #3593, #3227, #2436, #2462, #578, #2066, #2835, #4402 ), #2808, .T. ) ;
#1956 = VERTEX_POINT ( 'NONE', #3641 ) ;
#1957 = ORIENTED_EDGE ( 'NONE', *, *, #79, .T. ) ;
#1958 = VECTOR ( 'NONE', #1856, 1000.000000000000000 ) ;
#1959 = CARTESIAN_POINT ( 'NONE',  ( -66.93436546802588794, 97.73004703941356297, 0.000000000000000000 ) ) ;
#1960 = DIRECTION ( 'NONE',  ( -0.000000000000000000, -0.000000000000000000, -1.000000000000000000 ) ) ;
#1961 = CARTESIAN_POINT ( 'NONE',  ( -92.98779938972202785, 2.619780989487944911, 1.500000000000000000 ) ) ;
#1962 = ADVANCED_FACE ( 'NONE', ( #631 ), #278, .T. ) ;
#1963 = LINE ( 'NONE', #225, #2675 ) ;
#1964 = DIRECTION ( 'NONE',  ( 1.000000000000000000, 0.000000000000000000, 0.000000000000000000 ) ) ;
#1965 = VECTOR ( 'NONE', #1038, 1000.000000000000000 ) ;
#1966 = ORIENTED_EDGE ( 'NONE', *, *, #3478, .T. ) ;
#1967 = EDGE_CURVE ( 'NONE', #1519, #3704, #993, .T. ) ;
#1968 = DIRECTION ( 'NONE',  ( 0.000000000000000000, 1.000000000000000000, -0.000000000000000000 ) ) ;
#1969 = EDGE_LOOP ( 'NONE', ( #3050, #4095, #3522, #1217 ) ) ;
#1970 = CARTESIAN_POINT ( 'NONE',  ( -73.93093154632981623, 40.72173608680434853, 1.500000000000000000 ) ) ;
#1971 = CARTESIAN_POINT ( 'NONE',  ( -16.78377918895944632, 12.14540727080204086, 1.500000000000000000 ) ) ;
#1972 = EDGE_CURVE ( 'NONE', #883, #4623, #4377, .T. ) ;
#1973 = AXIS2_PLACEMENT_3D ( 'NONE', #3339, #2558, #3294 ) ;
#1974 = EDGE_LOOP ( 'NONE', ( #4786, #2368, #2923, #1051 ) ) ;
#1975 = CARTESIAN_POINT ( 'NONE',  ( -1.783779188959456086, 11.24540727080203695, 0.000000000000000000 ) ) ;
#1976 = EDGE_LOOP ( 'NONE', ( #1733, #837, #3578, #941 ) ) ;
#1977 = ADVANCED_FACE ( 'NONE', ( #3621 ), #1018, .T. ) ;
#1978 = DIRECTION ( 'NONE',  ( -1.000000000000000000, 0.000000000000000000, 0.000000000000000000 ) ) ;
#1979 = FACE_OUTER_BOUND ( 'NONE', #2691, .T. ) ;
#1980 = ORIENTED_EDGE ( 'NONE', *, *, #3881, .T. ) ;
#1981 = ORIENTED_EDGE ( 'NONE', *, *, #345, .T. ) ;
#1982 = LINE ( 'NONE', #1202, #3797 ) ;
#1983 = CARTESIAN_POINT ( 'NONE',  ( -31.41989937395866406, 105.0270809453462562, 1.500000000000000000 ) ) ;
#1984 = PLANE ( 'NONE',  #2345 ) ;
#1985 = AXIS2_PLACEMENT_3D ( 'NONE', #3719, #4109, #1407 ) ;
#1986 = DIRECTION ( 'NONE',  ( -0.000000000000000000, -1.000000000000000000, -0.000000000000000000 ) ) ;
#1987 = EDGE_CURVE ( 'NONE', #4836, #3262, #4328, .T. ) ;
#1988 = CARTESIAN_POINT ( 'NONE',  ( -26.30936546802591280, 59.77268863487024220, 1.500000000000000000 ) ) ;
#1989 = EDGE_CURVE ( 'NONE', #2681, #1561, #4029, .T. ) ;
#1990 = ORIENTED_EDGE ( 'NONE', *, *, #2942, .F. ) ;
#1991 = VECTOR ( 'NONE', #1455, 1000.000000000000000 ) ;
#1992 = PLANE ( 'NONE',  #2627 ) ;
#1993 = EDGE_LOOP ( 'NONE', ( #1494, #1335, #4325, #1067 ) ) ;
#1994 = EDGE_CURVE ( 'NONE', #956, #4473, #1382, .T. ) ;
#1995 = FACE_OUTER_BOUND ( 'NONE', #2619, .T. ) ;
#1996 = DIRECTION ( 'NONE',  ( -0.000000000000000000, -1.000000000000000000, -0.000000000000000000 ) ) ;
#1997 = ORIENTED_EDGE ( 'NONE', *, *, #4675, .T. ) ;
#1998 = CARTESIAN_POINT ( 'NONE',  ( -66.93436546802588794, 81.06129703941357434, 1.500000000000000000 ) ) ;
#1999 = EDGE_CURVE ( 'NONE', #217, #3052, #178, .T. ) ;
#2000 = EDGE_LOOP ( 'NONE', ( #2123, #4488, #4651, #3999 ) ) ;
#2001 = CARTESIAN_POINT ( 'NONE',  ( -50.40936546802591778, 59.77268863487022799, 1.500000000000000000 ) ) ;
#2002 = DIRECTION ( 'NONE',  ( -0.000000000000000000, -0.000000000000000000, -1.000000000000000000 ) ) ;
#2003 = ORIENTED_EDGE ( 'NONE', *, *, #3238, .T. ) ;
#2004 = ORIENTED_EDGE ( 'NONE', *, *, #1994, .F. ) ;
#2005 = LINE ( 'NONE', #838, #2144 ) ;
#2006 = LINE ( 'NONE', #402, #2165 ) ;
#2007 = EDGE_CURVE ( 'NONE', #3729, #749, #1687, .T. ) ;
#2008 = DIRECTION ( 'NONE',  ( 1.487012322605958667E-15, -1.000000000000000000, 0.000000000000000000 ) ) ;
#2009 = FACE_BOUND ( 'NONE', #2556, .T. ) ;
#2010 = VECTOR ( 'NONE', #1836, 1000.000000000000000 ) ;
#2011 = LINE ( 'NONE', #3510, #4234 ) ;
#2012 = DIRECTION ( 'NONE',  ( 0.000000000000000000, 0.000000000000000000, -1.000000000000000000 ) ) ;
#2013 = VECTOR ( 'NONE', #3326, 1000.000000000000000 ) ;
#2014 = VERTEX_POINT ( 'NONE', #4341 ) ;
#2015 = CARTESIAN_POINT ( 'NONE',  ( -59.93684684209464564, 16.62003100198857553, 0.000000000000000000 ) ) ;
#2016 = EDGE_CURVE ( 'NONE', #1874, #3575, #4290, .T. ) ;
#2017 = ORIENTED_EDGE ( 'NONE', *, *, #2541, .F. ) ;
#2018 = LINE ( 'NONE', #3517, #3278 ) ;
#2019 = VECTOR ( 'NONE', #3746, 1000.000000000000114 ) ;
#2020 = EDGE_LOOP ( 'NONE', ( #3320, #4489, #4698, #3150 ) ) ;
#2021 = CARTESIAN_POINT ( 'NONE',  ( -35.83386419283842628, 16.62003100198858263, 0.000000000000000000 ) ) ;
#2022 = VECTOR ( 'NONE', #1571, 1000.000000000000000 ) ;
#2023 = ORIENTED_EDGE ( 'NONE', *, *, #1730, .T. ) ;
#2024 = LINE ( 'NONE', #4655, #853 ) ;
#2025 = DIRECTION ( 'NONE',  ( 1.449045151055239742E-15, 1.000000000000000000, 0.000000000000000000 ) ) ;
#2026 = VECTOR ( 'NONE', #2486, 1000.000000000000000 ) ;
#2027 = EDGE_CURVE ( 'NONE', #4056, #4079, #984, .T. ) ;
#2028 = EDGE_CURVE ( 'NONE', #2461, #2457, #1760, .T. ) ;
#2029 = VERTEX_POINT ( 'NONE', #1008 ) ;
#2030 = ORIENTED_EDGE ( 'NONE', *, *, #4033, .F. ) ;
#2031 = CARTESIAN_POINT ( 'NONE',  ( -92.98779938972202785, 35.67078353961545645, 1.500000000000000000 ) ) ;
#2032 = CARTESIAN_POINT ( 'NONE',  ( -73.93093154632978781, 54.72160087992026689, 1.500000000000000000 ) ) ;
#2033 = LINE ( 'NONE', #3583, #251 ) ;
#2034 = FACE_BOUND ( 'NONE', #2254, .T. ) ;
#2035 = AXIS2_PLACEMENT_3D ( 'NONE', #987, #621, #4741 ) ;
#2036 = EDGE_CURVE ( 'NONE', #1165, #2958, #2475, .T. ) ;
#2037 = CARTESIAN_POINT ( 'NONE',  ( -40.88486674321343628, 35.67078353961546355, 1.500000000000000000 ) ) ;
#2038 = VECTOR ( 'NONE', #2632, 1000.000000000000000 ) ;
#2039 = DIRECTION ( 'NONE',  ( 1.982560262244605854E-15, 1.000000000000000000, 0.000000000000000000 ) ) ;
#2040 = VERTEX_POINT ( 'NONE', #646 ) ;
#2041 = DIRECTION ( 'NONE',  ( -1.000000000000000000, 0.000000000000000000, 0.000000000000000000 ) ) ;
#2042 = ORIENTED_EDGE ( 'NONE', *, *, #1819, .T. ) ;
#2043 = VECTOR ( 'NONE', #366, 1000.000000000000000 ) ;
#2044 = VECTOR ( 'NONE', #971, 1000.000000000000000 ) ;
#2045 = CARTESIAN_POINT ( 'NONE',  ( -78.98779938972202785, 35.67078353961545645, 1.500000000000000000 ) ) ;
#2046 = ORIENTED_EDGE ( 'NONE', *, *, #1994, .T. ) ;
#2047 = PLANE ( 'NONE',  #1418 ) ;
#2048 = ORIENTED_EDGE ( 'NONE', *, *, #3972, .F. ) ;
#2049 = DIRECTION ( 'NONE',  ( -0.000000000000000000, -0.000000000000000000, -1.000000000000000000 ) ) ;
#2050 = LINE ( 'NONE', #2890, #1001 ) ;
#2051 = ORIENTED_EDGE ( 'NONE', *, *, #4641, .T. ) ;
#2052 = CARTESIAN_POINT ( 'NONE',  ( -78.98779938972204206, 73.67113234831137447, 1.500000000000000000 ) ) ;
#2053 = VERTEX_POINT ( 'NONE', #668 ) ;
#2054 = ORIENTED_EDGE ( 'NONE', *, *, #2678, .T. ) ;
#2055 = CARTESIAN_POINT ( 'NONE',  ( -101.8906154680259135, 37.17391996697324430, 1.500000000000000000 ) ) ;
#2056 = CARTESIAN_POINT ( 'NONE',  ( -100.4261493739585944, 66.56731824917505946, 1.500000000000000000 ) ) ;
#2057 = DIRECTION ( 'NONE',  ( -1.000000000000000000, 0.000000000000000000, 0.000000000000000000 ) ) ;
#2058 = CARTESIAN_POINT ( 'NONE',  ( -39.45936546802594336, 76.29879703941352886, 0.000000000000000000 ) ) ;
#2059 = VECTOR ( 'NONE', #2196, 1000.000000000000000 ) ;
#2060 = DIRECTION ( 'NONE',  ( -1.000000000000000000, -2.478132139680213250E-16, 0.000000000000000000 ) ) ;
#2061 = FACE_OUTER_BOUND ( 'NONE', #2419, .T. ) ;
#2062 = ORIENTED_EDGE ( 'NONE', *, *, #2992, .T. ) ;
#2063 = VECTOR ( 'NONE', #2365, 1000.000000000000000 ) ;
#2064 = CARTESIAN_POINT ( 'NONE',  ( -94.71561546802591636, -2.285842729197973267, 0.000000000000000000 ) ) ;
#2065 = ORIENTED_EDGE ( 'NONE', *, *, #3054, .T. ) ;
#2066 = FACE_BOUND ( 'NONE', #3025, .T. ) ;
#2067 = CARTESIAN_POINT ( 'NONE',  ( -64.34883156209315302, -4.821376635130707911, 1.500000000000000000 ) ) ;
#2068 = EDGE_CURVE ( 'NONE', #1731, #3241, #957, .T. ) ;
#2069 = ORIENTED_EDGE ( 'NONE', *, *, #2803, .F. ) ;
#2070 = LINE ( 'NONE', #3571, #2044 ) ;
#2071 = EDGE_LOOP ( 'NONE', ( #2898, #602, #2195, #3018 ) ) ;
#2072 = CARTESIAN_POINT ( 'NONE',  ( -40.88486674321343628, 16.62003100198857908, 1.500000000000000000 ) ) ;
#2073 = DIRECTION ( 'NONE',  ( -0.000000000000000000, -0.000000000000000000, -1.000000000000000000 ) ) ;
#2074 = ORIENTED_EDGE ( 'NONE', *, *, #1092, .T. ) ;
#2075 = CARTESIAN_POINT ( 'NONE',  ( -64.40936546802592488, 59.77268863487022799, 0.000000000000000000 ) ) ;
#2076 = VECTOR ( 'NONE', #2223, 1000.000000000000000 ) ;
#2077 = ORIENTED_EDGE ( 'NONE', *, *, #3602, .T. ) ;
#2078 = EDGE_CURVE ( 'NONE', #216, #3658, #3975, .T. ) ;
#2079 = ORIENTED_EDGE ( 'NONE', *, *, #1, .F. ) ;
#2080 = ORIENTED_EDGE ( 'NONE', *, *, #952, .T. ) ;
#2081 = CARTESIAN_POINT ( 'NONE',  ( -16.78377918895944987, 3.245407270802034727, 0.000000000000000000 ) ) ;
#2082 = DIRECTION ( 'NONE',  ( -1.449045151055239742E-15, -1.000000000000000000, -0.000000000000000000 ) ) ;
#2083 = DIRECTION ( 'NONE',  ( -0.000000000000000000, -1.000000000000000000, -0.000000000000000000 ) ) ;
#2084 = CARTESIAN_POINT ( 'NONE',  ( 2.121884531974099097, -2.285842729197975931, 0.000000000000000000 ) ) ;
#2085 = CARTESIAN_POINT ( 'NONE',  ( -50.40936546802591778, 59.77268863487022799, 1.500000000000000000 ) ) ;
#2086 = LINE ( 'NONE', #3958, #3437 ) ;
#2087 = ORIENTED_EDGE ( 'NONE', *, *, #4756, .T. ) ;
#2088 = VECTOR ( 'NONE', #2082, 1000.000000000000000 ) ;
#2089 = LINE ( 'NONE', #1255, #2026 ) ;
#2090 = ORIENTED_EDGE ( 'NONE', *, *, #300, .T. ) ;
#2091 = VECTOR ( 'NONE', #4455, 1000.000000000000000 ) ;
#2092 = CARTESIAN_POINT ( 'NONE',  ( -92.98779938972202785, 54.72160087992026689, 1.500000000000000000 ) ) ;
#2093 = CARTESIAN_POINT ( 'NONE',  ( -59.93684684209464564, 2.619780989487944911, 0.000000000000000000 ) ) ;
#2094 = ADVANCED_FACE ( 'NONE', ( #1736 ), #3580, .T. ) ;
#2095 = CARTESIAN_POINT ( 'NONE',  ( -21.83474173683936925, 35.67078353961547066, 1.500000000000000000 ) ) ;
#2096 = EDGE_CURVE ( 'NONE', #825, #1919, #3632, .T. ) ;
#2097 = ORIENTED_EDGE ( 'NONE', *, *, #3589, .F. ) ;
#2098 = CARTESIAN_POINT ( 'NONE',  ( -3.409365468025916002, 59.77268863487023509, 1.500000000000000000 ) ) ;
#2099 = CARTESIAN_POINT ( 'NONE',  ( -2.783779188959446316, 40.72173608680434853, 0.000000000000000000 ) ) ;
#2100 = VERTEX_POINT ( 'NONE', #3951 ) ;
#2101 = AXIS2_PLACEMENT_3D ( 'NONE', #813, #2721, #3847 ) ;
#2102 = LINE ( 'NONE', #3237, #2606 ) ;
#2103 = VECTOR ( 'NONE', #304, 1000.000000000000000 ) ;
#2104 = VERTEX_POINT ( 'NONE', #4763 ) ;
#2105 = ORIENTED_EDGE ( 'NONE', *, *, #2469, .F. ) ;
#2106 = ORIENTED_EDGE ( 'NONE', *, *, #1890, .F. ) ;
#2107 = DIRECTION ( 'NONE',  ( -0.000000000000000000, -0.000000000000000000, -1.000000000000000000 ) ) ;
#2108 = PLANE ( 'NONE',  #1074 ) ;
#2109 = CARTESIAN_POINT ( 'NONE',  ( -49.50936546802591209, 59.77268863487022088, 1.500000000000000000 ) ) ;
#2110 = ADVANCED_FACE ( 'NONE', ( #218 ), #271, .T. ) ;
#2111 = DIRECTION ( 'NONE',  ( -0.000000000000000000, -0.000000000000000000, -1.000000000000000000 ) ) ;
#2112 = VECTOR ( 'NONE', #399, 1000.000000000000000 ) ;
#2113 = LINE ( 'NONE', #937, #3046 ) ;
#2114 = ORIENTED_EDGE ( 'NONE', *, *, #1058, .T. ) ;
#2115 = EDGE_CURVE ( 'NONE', #1699, #3548, #2849, .T. ) ;
#2116 = DIRECTION ( 'NONE',  ( -0.000000000000000000, -1.000000000000000000, -0.000000000000000000 ) ) ;
#2117 = VECTOR ( 'NONE', #1645, 1000.000000000000000 ) ;
#2118 = DIRECTION ( 'NONE',  ( 3.428201403813976241E-16, -1.000000000000000000, 0.000000000000000000 ) ) ;
#2119 = DIRECTION ( 'NONE',  ( 0.000000000000000000, 0.000000000000000000, 1.000000000000000000 ) ) ;
#2120 = DIRECTION ( 'NONE',  ( 0.000000000000000000, 1.000000000000000000, 0.000000000000000000 ) ) ;
#2121 = EDGE_CURVE ( 'NONE', #2271, #4314, #4737, .T. ) ;
#2122 = AXIS2_PLACEMENT_3D ( 'NONE', #4491, #1180, #448 ) ;
#2123 = ORIENTED_EDGE ( 'NONE', *, *, #3228, .F. ) ;
#2124 = CARTESIAN_POINT ( 'NONE',  ( -1.783779188959465412, 35.04540727080203766, 0.000000000000000000 ) ) ;
#2125 = FACE_OUTER_BOUND ( 'NONE', #1758, .T. ) ;
#2126 = VECTOR ( 'NONE', #2354, 1000.000000000000000 ) ;
#2127 = EDGE_CURVE ( 'NONE', #2806, #2793, #1371, .T. ) ;
#2128 = ORIENTED_EDGE ( 'NONE', *, *, #3478, .F. ) ;
#2129 = DIRECTION ( 'NONE',  ( -1.000000000000000000, -0.000000000000000000, -0.000000000000000000 ) ) ;
#2130 = VERTEX_POINT ( 'NONE', #1394 ) ;
#2131 = ORIENTED_EDGE ( 'NONE', *, *, #4247, .F. ) ;
#2132 = VERTEX_POINT ( 'NONE', #2899 ) ;
#2133 = DIRECTION ( 'NONE',  ( 4.625929269271486900E-16, -1.000000000000000000, 0.000000000000000000 ) ) ;
#2134 = DIRECTION ( 'NONE',  ( -0.000000000000000000, 0.000000000000000000, 1.000000000000000000 ) ) ;
#2135 = LINE ( 'NONE', #1641, #2202 ) ;
#2136 = DIRECTION ( 'NONE',  ( 0.000000000000000000, 1.000000000000000000, 0.000000000000000000 ) ) ;
#2137 = CARTESIAN_POINT ( 'NONE',  ( -50.26561546802592062, 81.06129703941358855, 0.000000000000000000 ) ) ;
#2138 = ORIENTED_EDGE ( 'NONE', *, *, #1236, .F. ) ;
#2139 = AXIS2_PLACEMENT_3D ( 'NONE', #4038, #3009, #3280 ) ;
#2140 = EDGE_CURVE ( 'NONE', #3222, #21, #4390, .T. ) ;
#2141 = FACE_BOUND ( 'NONE', #1683, .T. ) ;
#2142 = ADVANCED_FACE ( 'NONE', ( #2529 ), #1293, .T. ) ;
#2143 = FACE_OUTER_BOUND ( 'NONE', #4102, .T. ) ;
#2144 = VECTOR ( 'NONE', #2376, 1000.000000000000000 ) ;
#2145 = ADVANCED_FACE ( 'NONE', ( #2795 ), #3927, .F. ) ;
#2146 = DIRECTION ( 'NONE',  ( -0.000000000000000000, -0.000000000000000000, -1.000000000000000000 ) ) ;
#2147 = CARTESIAN_POINT ( 'NONE',  ( -11.40936546802589824, 59.77268863487023509, 0.000000000000000000 ) ) ;
#2148 = DIRECTION ( 'NONE',  ( 0.7071067811865585639, 0.7071067811865364705, -0.000000000000000000 ) ) ;
#2149 = ORIENTED_EDGE ( 'NONE', *, *, #4276, .F. ) ;
#2150 = LINE ( 'NONE', #286, #962 ) ;
#2151 = EDGE_CURVE ( 'NONE', #1508, #982, #2250, .T. ) ;
#2152 = EDGE_LOOP ( 'NONE', ( #52, #688, #138, #1138 ) ) ;
#2153 = VERTEX_POINT ( 'NONE', #2917 ) ;
#2154 = VERTEX_POINT ( 'NONE', #4787 ) ;
#2155 = CARTESIAN_POINT ( 'NONE',  ( -2.783779188959446316, 40.72173608680434853, 1.500000000000000000 ) ) ;
#2156 = CARTESIAN_POINT ( 'NONE',  ( -50.26561546802592062, 97.73004703941356297, 0.000000000000000000 ) ) ;
#2157 = EDGE_CURVE ( 'NONE', #2375, #2569, #4067, .T. ) ;
#2158 = CARTESIAN_POINT ( 'NONE',  ( -97.89061546802591351, 78.68004703941353739, 0.000000000000000000 ) ) ;
#2159 = DIRECTION ( 'NONE',  ( 0.000000000000000000, 1.000000000000000000, -0.000000000000000000 ) ) ;
#2160 = ORIENTED_EDGE ( 'NONE', *, *, #1061, .F. ) ;
#2161 = VECTOR ( 'NONE', #1463, 1000.000000000000000 ) ;
#2162 = CARTESIAN_POINT ( 'NONE',  ( -12.30936546802591636, 59.77268863487024220, 1.500000000000000000 ) ) ;
#2163 = CARTESIAN_POINT ( 'NONE',  ( -78.98779938972202785, 2.619780989487944911, 1.500000000000000000 ) ) ;
#2164 = CARTESIAN_POINT ( 'NONE',  ( -92.98779938972202785, 73.67113234831137447, 1.500000000000000000 ) ) ;
#2165 = VECTOR ( 'NONE', #57, 1000.000000000000000 ) ;
#2166 = FACE_OUTER_BOUND ( 'NONE', #4721, .T. ) ;
#2167 = CARTESIAN_POINT ( 'NONE',  ( -59.93684684209464564, 35.67078353961546355, 1.500000000000000000 ) ) ;
#2168 = ORIENTED_EDGE ( 'NONE', *, *, #197, .F. ) ;
#2169 = LINE ( 'NONE', #4808, #1066 ) ;
#2170 = ORIENTED_EDGE ( 'NONE', *, *, #471, .T. ) ;
#2171 = EDGE_LOOP ( 'NONE', ( #4417, #411, #1029, #4578 ) ) ;
#2172 = ORIENTED_EDGE ( 'NONE', *, *, #4585, .F. ) ;
#2173 = DIRECTION ( 'NONE',  ( -1.000000000000000000, -0.000000000000000000, -0.000000000000000000 ) ) ;
#2174 = DIRECTION ( 'NONE',  ( 1.000000000000000000, 0.000000000000000000, 0.000000000000000000 ) ) ;
#2175 = EDGE_CURVE ( 'NONE', #2154, #37, #1491, .T. ) ;
#2176 = EDGE_CURVE ( 'NONE', #4605, #200, #4414, .T. ) ;
#2177 = VECTOR ( 'NONE', #2981, 1000.000000000000000 ) ;
#2178 = VECTOR ( 'NONE', #3542, 1000.000000000000000 ) ;
#2179 = VERTEX_POINT ( 'NONE', #787 ) ;
#2180 = ORIENTED_EDGE ( 'NONE', *, *, #4680, .T. ) ;
#2181 = VECTOR ( 'NONE', #3392, 1000.000000000000000 ) ;
#2182 = CARTESIAN_POINT ( 'NONE',  ( -26.30936546802591280, 59.77268863487024220, 0.000000000000000000 ) ) ;
#2183 = DIRECTION ( 'NONE',  ( 1.156482317317871478E-16, -1.000000000000000000, 0.000000000000000000 ) ) ;
#2184 = VERTEX_POINT ( 'NONE', #3332 ) ;
#2185 = EDGE_CURVE ( 'NONE', #2969, #707, #3781, .T. ) ;
#2186 = VECTOR ( 'NONE', #1721, 1000.000000000000000 ) ;
#2187 = DIRECTION ( 'NONE',  ( 9.912801311223015466E-16, 1.000000000000000000, -0.000000000000000000 ) ) ;
#2188 = CARTESIAN_POINT ( 'NONE',  ( -92.98779938972202785, 40.72173608680434853, 1.500000000000000000 ) ) ;
#2189 = VERTEX_POINT ( 'NONE', #2989 ) ;
#2190 = AXIS2_PLACEMENT_3D ( 'NONE', #1205, #4567, #4198 ) ;
#2191 = PLANE ( 'NONE',  #4400 ) ;
#2192 = ORIENTED_EDGE ( 'NONE', *, *, #1649, .F. ) ;
#2193 = DIRECTION ( 'NONE',  ( -0.000000000000000000, 0.000000000000000000, 1.000000000000000000 ) ) ;
#2194 = PLANE ( 'NONE',  #374 ) ;
#2195 = ORIENTED_EDGE ( 'NONE', *, *, #4226, .T. ) ;
#2196 = DIRECTION ( 'NONE',  ( -0.7071067811865552333, -0.7071067811865398012, -0.000000000000000000 ) ) ;
#2197 = VERTEX_POINT ( 'NONE', #4462 ) ;
#2198 = ORIENTED_EDGE ( 'NONE', *, *, #2639, .F. ) ;
#2199 = ORIENTED_EDGE ( 'NONE', *, *, #2394, .F. ) ;
#2200 = CARTESIAN_POINT ( 'NONE',  ( -92.98779938972202785, 35.67078353961545645, 0.000000000000000000 ) ) ;
#2201 = CARTESIAN_POINT ( 'NONE',  ( -16.78377918895944987, 3.245407270802034727, 1.500000000000000000 ) ) ;
#2202 = VECTOR ( 'NONE', #932, 1000.000000000000000 ) ;
#2203 = EDGE_CURVE ( 'NONE', #4, #2602, #4042, .T. ) ;
#2204 = VECTOR ( 'NONE', #1406, 1000.000000000000000 ) ;
#2205 = EDGE_LOOP ( 'NONE', ( #702, #215, #1268, #1037 ) ) ;
#2206 = ORIENTED_EDGE ( 'NONE', *, *, #4498, .F. ) ;
#2207 = SURFACE_SIDE_STYLE ('',( #4792 ) ) ;
#2208 = DIRECTION ( 'NONE',  ( 0.000000000000000000, -1.000000000000000000, 0.000000000000000000 ) ) ;
#2209 = ORIENTED_EDGE ( 'NONE', *, *, #488, .T. ) ;
#2210 = AXIS2_PLACEMENT_3D ( 'NONE', #1795, #1475, #4122 ) ;
#2211 = DIRECTION ( 'NONE',  ( -0.000000000000000000, -0.000000000000000000, -1.000000000000000000 ) ) ;
#2212 = DIRECTION ( 'NONE',  ( 0.000000000000000000, 0.000000000000000000, 1.000000000000000000 ) ) ;
#2213 = ORIENTED_EDGE ( 'NONE', *, *, #1056, .T. ) ;
#2214 = EDGE_CURVE ( 'NONE', #1526, #3385, #4485, .T. ) ;
#2215 = CARTESIAN_POINT ( 'NONE',  ( -78.98779938972202785, 35.67078353961545645, 1.500000000000000000 ) ) ;
#2216 = ORIENTED_EDGE ( 'NONE', *, *, #554, .F. ) ;
#2217 = EDGE_CURVE ( 'NONE', #3704, #2104, #2598, .T. ) ;
#2218 = DIRECTION ( 'NONE',  ( -0.000000000000000000, -0.000000000000000000, -1.000000000000000000 ) ) ;
#2219 = FACE_OUTER_BOUND ( 'NONE', #1660, .T. ) ;
#2220 = VERTEX_POINT ( 'NONE', #4090 ) ;
#2221 = CARTESIAN_POINT ( 'NONE',  ( -97.89061546802591351, 31.10285215510783274, 1.500000000000000000 ) ) ;
#2222 = AXIS2_PLACEMENT_3D ( 'NONE', #3901, #10, #2751 ) ;
#2223 = DIRECTION ( 'NONE',  ( -0.000000000000000000, -0.000000000000000000, -1.000000000000000000 ) ) ;
#2224 = VERTEX_POINT ( 'NONE', #1443 ) ;
#2225 = DIRECTION ( 'NONE',  ( -1.000000000000000000, 4.956352788505164254E-16, 0.000000000000000000 ) ) ;
#2226 = DIRECTION ( 'NONE',  ( -9.912801311223015466E-16, -1.000000000000000000, 0.000000000000000000 ) ) ;
#2227 = AXIS2_PLACEMENT_3D ( 'NONE', #255, #3591, #3223 ) ;
#2228 = EDGE_CURVE ( 'NONE', #3537, #3011, #4437, .T. ) ;
#2229 = EDGE_LOOP ( 'NONE', ( #4695, #2364, #4843, #3444 ) ) ;
#2230 = EDGE_LOOP ( 'NONE', ( #466, #1757, #3418, #807 ) ) ;
#2231 = DIRECTION ( 'NONE',  ( -0.000000000000000000, -0.000000000000000000, -1.000000000000000000 ) ) ;
#2232 = CARTESIAN_POINT ( 'NONE',  ( -40.88486674321343628, 40.72173608680434853, 1.500000000000000000 ) ) ;
#2233 = DIRECTION ( 'NONE',  ( 1.000000000000000000, -0.000000000000000000, -0.000000000000000000 ) ) ;
#2234 = LINE ( 'NONE', #4447, #3526 ) ;
#2235 = CARTESIAN_POINT ( 'NONE',  ( -78.98779938972202785, 21.67078353961546000, 1.500000000000000000 ) ) ;
#2236 = CARTESIAN_POINT ( 'NONE',  ( -3.409365468025916002, 59.77268863487023509, 1.500000000000000000 ) ) ;
#2237 = ORIENTED_EDGE ( 'NONE', *, *, #1419, .F. ) ;
#2238 = DIRECTION ( 'NONE',  ( -0.000000000000000000, -0.000000000000000000, -1.000000000000000000 ) ) ;
#2239 = ORIENTED_EDGE ( 'NONE', *, *, #3102, .F. ) ;
#2240 = EDGE_CURVE ( 'NONE', #3008, #3950, #1098, .T. ) ;
#2241 = CARTESIAN_POINT ( 'NONE',  ( -54.88386419283835949, 35.67078353961546355, 1.500000000000000000 ) ) ;
#2242 = CARTESIAN_POINT ( 'NONE',  ( -54.88386419283836659, 54.72160087992026689, 0.000000000000000000 ) ) ;
#2243 = EDGE_CURVE ( 'NONE', #2130, #3106, #1147, .T. ) ;
#2244 = VECTOR ( 'NONE', #3652, 1000.000000000000000 ) ;
#2245 = ORIENTED_EDGE ( 'NONE', *, *, #3016, .F. ) ;
#2246 = CARTESIAN_POINT ( 'NONE',  ( -97.89061546802591351, -2.285842729197973267, 1.500000000000000000 ) ) ;
#2247 = EDGE_CURVE ( 'NONE', #777, #1361, #1072, .T. ) ;
#2248 = DIRECTION ( 'NONE',  ( 1.000000000000000000, 2.478353871009933577E-16, -0.000000000000000000 ) ) ;
#2249 = ORIENTED_EDGE ( 'NONE', *, *, #90, .F. ) ;
#2250 = LINE ( 'NONE', #1465, #3690 ) ;
#2251 = CARTESIAN_POINT ( 'NONE',  ( -35.20936546802590783, 74.77268863487022088, 1.500000000000000000 ) ) ;
#2252 = CIRCLE ( 'NONE', #137, 5.000000000000000000 ) ;
#2253 = VERTEX_POINT ( 'NONE', #1122 ) ;
#2254 = EDGE_LOOP ( 'NONE', ( #1564, #1495, #4237, #845 ) ) ;
#2255 = DIRECTION ( 'NONE',  ( 1.000000000000000000, 0.000000000000000000, 0.000000000000000000 ) ) ;
#2256 = CARTESIAN_POINT ( 'NONE',  ( -16.78377918895944276, 54.72160087992027400, 1.500000000000000000 ) ) ;
#2257 = VECTOR ( 'NONE', #3859, 1000.000000000000000 ) ;
#2258 = VECTOR ( 'NONE', #3429, 1000.000000000000000 ) ;
#2259 = VECTOR ( 'NONE', #4371, 1000.000000000000000 ) ;
#2260 = CARTESIAN_POINT ( 'NONE',  ( -16.78377918895944632, 54.72160087992027400, 1.500000000000000000 ) ) ;
#2261 = CARTESIAN_POINT ( 'NONE',  ( -73.93093154632981623, 16.62003100198857908, 1.500000000000000000 ) ) ;
#2262 = CARTESIAN_POINT ( 'NONE',  ( -1.783779188959455642, 3.245407270802039168, 1.500000000000000000 ) ) ;
#2263 = ORIENTED_EDGE ( 'NONE', *, *, #2635, .T. ) ;
#2264 = EDGE_LOOP ( 'NONE', ( #4119, #3728, #2105, #2138 ) ) ;
#2265 = DIRECTION ( 'NONE',  ( 1.000000000000000000, -0.000000000000000000, -0.000000000000000000 ) ) ;
#2266 = ORIENTED_EDGE ( 'NONE', *, *, #2709, .T. ) ;
#2267 = DIRECTION ( 'NONE',  ( -1.000000000000000000, -9.916895674937910995E-16, -0.000000000000000000 ) ) ;
#2268 = CARTESIAN_POINT ( 'NONE',  ( -78.98779938972202785, 2.619780989487944911, 1.500000000000000000 ) ) ;
#2269 = VECTOR ( 'NONE', #1716, 1000.000000000000000 ) ;
#2270 = EDGE_CURVE ( 'NONE', #2912, #3361, #2625, .T. ) ;
#2271 = VERTEX_POINT ( 'NONE', #759 ) ;
#2272 = CARTESIAN_POINT ( 'NONE',  ( -54.88386419283835949, 35.67078353961546355, 1.500000000000000000 ) ) ;
#2273 = CARTESIAN_POINT ( 'NONE',  ( -54.88386419283836659, 16.62003100198857908, 0.000000000000000000 ) ) ;
#2274 = EDGE_LOOP ( 'NONE', ( #3334, #3528, #3617, #3304 ) ) ;
#2275 = VECTOR ( 'NONE', #690, 1000.000000000000000 ) ;
#2276 = DIRECTION ( 'NONE',  ( -1.000000000000000000, -0.000000000000000000, -0.000000000000000000 ) ) ;
#2277 = CARTESIAN_POINT ( 'NONE',  ( -31.41989937395866406, 105.0270809453462562, 1.500000000000000000 ) ) ;
#2278 = AXIS2_PLACEMENT_3D ( 'NONE', #195, #4766, #1763 ) ;
#2279 = EDGE_LOOP ( 'NONE', ( #2680, #871, #538, #1052 ) ) ;
#2280 = VERTEX_POINT ( 'NONE', #419 ) ;
#2281 = VECTOR ( 'NONE', #3176, 1000.000000000000000 ) ;
#2282 = LINE ( 'NONE', #3760, #2519 ) ;
#2283 = LINE ( 'NONE', #3047, #9 ) ;
#2284 = CARTESIAN_POINT ( 'NONE',  ( -16.78377918895946053, 35.04540727080203766, 1.500000000000000000 ) ) ;
#2285 = CARTESIAN_POINT ( 'NONE',  ( -100.4261493739585944, 33.63838606104043549, 1.500000000000000000 ) ) ;
#2286 = EDGE_LOOP ( 'NONE', ( #4484, #4571 ) ) ;
#2287 = ORIENTED_EDGE ( 'NONE', *, *, #3864, .F. ) ;
#2288 = EDGE_CURVE ( 'NONE', #2391, #312, #1907, .T. ) ;
#2289 = DIRECTION ( 'NONE',  ( -0.000000000000000000, -0.000000000000000000, -1.000000000000000000 ) ) ;
#2290 = ADVANCED_FACE ( 'NONE', ( #3676 ), #318, .T. ) ;
#2291 = VERTEX_POINT ( 'NONE', #4812 ) ;
#2292 = DIRECTION ( 'NONE',  ( -1.000000000000000000, 0.000000000000000000, 0.000000000000000000 ) ) ;
#2293 = CARTESIAN_POINT ( 'NONE',  ( -41.50936546802593341, 59.77268863487022088, 1.500000000000000000 ) ) ;
#2294 = EDGE_CURVE ( 'NONE', #1393, #3900, #712, .T. ) ;
#2295 = ORIENTED_EDGE ( 'NONE', *, *, #4208, .T. ) ;
#2296 = CARTESIAN_POINT ( 'NONE',  ( -66.93436546802588794, 81.06129703941357434, 0.000000000000000000 ) ) ;
#2297 = VECTOR ( 'NONE', #2936, 1000.000000000000000 ) ;
#2298 = DIRECTION ( 'NONE',  ( -1.000000000000000000, 0.000000000000000000, 0.000000000000000000 ) ) ;
#2299 = ORIENTED_EDGE ( 'NONE', *, *, #2228, .T. ) ;
#2300 = LINE ( 'NONE', #3802, #1786 ) ;
#2301 = CARTESIAN_POINT ( 'NONE',  ( -50.40936546802591778, 73.67113234831137447, 1.500000000000000000 ) ) ;
#2302 = AXIS2_PLACEMENT_3D ( 'NONE', #1042, #3006, #2542 ) ;
#2303 = ORIENTED_EDGE ( 'NONE', *, *, #622, .F. ) ;
#2304 = EDGE_LOOP ( 'NONE', ( #3308, #3798, #1957, #4536 ) ) ;
#2305 = PLANE ( 'NONE',  #3619 ) ;
#2306 = DIRECTION ( 'NONE',  ( -1.000000000000000000, 0.000000000000000000, 0.000000000000000000 ) ) ;
#2307 = ADVANCED_FACE ( 'NONE', ( #343 ), #1835, .F. ) ;
#2308 = DIRECTION ( 'NONE',  ( -0.7071067811865585639, 0.7071067811865364705, 0.000000000000000000 ) ) ;
#2309 = LINE ( 'NONE', #1504, #1012 ) ;
#2310 = ORIENTED_EDGE ( 'NONE', *, *, #912, .T. ) ;
#2311 = EDGE_LOOP ( 'NONE', ( #1542, #2955, #45, #4016 ) ) ;
#2312 = CARTESIAN_POINT ( 'NONE',  ( -31.41989937395864274, -4.821376635130702581, 1.500000000000000000 ) ) ;
#2313 = ORIENTED_EDGE ( 'NONE', *, *, #3208, .F. ) ;
#2314 = CARTESIAN_POINT ( 'NONE',  ( -35.83386419283842628, 2.619780989487944911, 1.500000000000000000 ) ) ;
#2315 = DIRECTION ( 'NONE',  ( 0.000000000000000000, -1.000000000000000000, 0.000000000000000000 ) ) ;
#2316 = EDGE_CURVE ( 'NONE', #325, #2771, #2300, .T. ) ;
#2317 = ORIENTED_EDGE ( 'NONE', *, *, #1349, .F. ) ;
#2318 = CARTESIAN_POINT ( 'NONE',  ( 2.121884531974098209, 0.8891572708020246685, 1.500000000000000000 ) ) ;
#2319 = FACE_OUTER_BOUND ( 'NONE', #1512, .T. ) ;
#2320 = VERTEX_POINT ( 'NONE', #834 ) ;
#2321 = DIRECTION ( 'NONE',  ( 1.000000000000000000, 8.325631980691103681E-16, 0.000000000000000000 ) ) ;
#2322 = DIRECTION ( 'NONE',  ( 0.000000000000000000, 1.000000000000000000, 0.000000000000000000 ) ) ;
#2323 = ADVANCED_FACE ( 'NONE', ( #2676 ), #4261, .T. ) ;
#2324 = AXIS2_PLACEMENT_3D ( 'NONE', #534, #491, #2025 ) ;
#2325 = ORIENTED_EDGE ( 'NONE', *, *, #2247, .T. ) ;
#2326 = ORIENTED_EDGE ( 'NONE', *, *, #1449, .T. ) ;
#2327 = LINE ( 'NONE', #3828, #664 ) ;
#2328 = LINE ( 'NONE', #446, #3224 ) ;
#2329 = ADVANCED_FACE ( 'NONE', ( #3454 ), #881, .T. ) ;
#2330 = LINE ( 'NONE', #1961, #2112 ) ;
#2331 = CARTESIAN_POINT ( 'NONE',  ( -34.95543327989140181, 101.4915470394135326, 1.500000000000000000 ) ) ;
#2332 = DIRECTION ( 'NONE',  ( -1.000000000000000000, -0.000000000000000000, -0.000000000000000000 ) ) ;
#2333 = EDGE_CURVE ( 'NONE', #644, #3386, #441, .T. ) ;
#2334 = ORIENTED_EDGE ( 'NONE', *, *, #2761, .T. ) ;
#2335 = VECTOR ( 'NONE', #4753, 1000.000000000000000 ) ;
#2336 = VECTOR ( 'NONE', #1770, 1000.000000000000000 ) ;
#2337 = EDGE_CURVE ( 'NONE', #3548, #791, #72, .T. ) ;
#2338 = CARTESIAN_POINT ( 'NONE',  ( -41.50936546802593341, 59.77268863487022088, 1.500000000000000000 ) ) ;
#2339 = ORIENTED_EDGE ( 'NONE', *, *, #394, .T. ) ;
#2340 = PLANE ( 'NONE',  #741 ) ;
#2341 = CARTESIAN_POINT ( 'NONE',  ( -27.20936546802590783, 74.77268863487022088, 1.500000000000000000 ) ) ;
#2342 = ORIENTED_EDGE ( 'NONE', *, *, #912, .F. ) ;
#2343 = LINE ( 'NONE', #3845, #1668 ) ;
#2344 = VERTEX_POINT ( 'NONE', #3871 ) ;
#2345 = AXIS2_PLACEMENT_3D ( 'NONE', #1248, #542, #221 ) ;
#2346 = DIRECTION ( 'NONE',  ( -0.000000000000000000, -0.000000000000000000, -1.000000000000000000 ) ) ;
#2347 = FACE_OUTER_BOUND ( 'NONE', #666, .T. ) ;
#2348 = AXIS2_PLACEMENT_3D ( 'NONE', #3413, #4617, #2308 ) ;
#2349 = ADVANCED_FACE ( 'NONE', ( #2700 ), #533, .F. ) ;
#2350 = ORIENTED_EDGE ( 'NONE', *, *, #3825, .T. ) ;
#2351 = EDGE_CURVE ( 'NONE', #4573, #2472, #1562, .T. ) ;
#2352 = ORIENTED_EDGE ( 'NONE', *, *, #4798, .T. ) ;
#2353 = DIRECTION ( 'NONE',  ( 0.000000000000000000, -1.000000000000000000, 0.000000000000000000 ) ) ;
#2354 = DIRECTION ( 'NONE',  ( -0.000000000000000000, -0.000000000000000000, -1.000000000000000000 ) ) ;
#2355 = LINE ( 'NONE', #3856, #3761 ) ;
#2356 = EDGE_CURVE ( 'NONE', #3819, #2704, #3088, .T. ) ;
#2357 =( GEOMETRIC_REPRESENTATION_CONTEXT ( 3 ) GLOBAL_UNCERTAINTY_ASSIGNED_CONTEXT ( ( #580 ) ) GLOBAL_UNIT_ASSIGNED_CONTEXT ( ( #4048, #716, #2653 ) ) REPRESENTATION_CONTEXT ( 'NONE', 'WORKASPACE' ) );
#2358 = CARTESIAN_POINT ( 'NONE',  ( -60.81329765616042238, -6.285842729197963052, 1.500000000000000000 ) ) ;
#2359 = LINE ( 'NONE', #2634, #4616 ) ;
#2360 = AXIS2_PLACEMENT_3D ( 'NONE', #648, #3555, #1295 ) ;
#2361 = EDGE_LOOP ( 'NONE', ( #2629, #3916, #2473, #2441 ) ) ;
#2362 = ADVANCED_FACE ( 'NONE', ( #2392 ), #97, .T. ) ;
#2363 = CARTESIAN_POINT ( 'NONE',  ( -73.30936546802591636, 74.77268863487022088, 1.500000000000000000 ) ) ;
#2364 = ORIENTED_EDGE ( 'NONE', *, *, #3922, .F. ) ;
#2365 = DIRECTION ( 'NONE',  ( -0.000000000000000000, -0.000000000000000000, -1.000000000000000000 ) ) ;
#2366 = LINE ( 'NONE', #3866, #3509 ) ;
#2367 = VECTOR ( 'NONE', #1523, 1000.000000000000000 ) ;
#2368 = ORIENTED_EDGE ( 'NONE', *, *, #4243, .T. ) ;
#2369 = DIRECTION ( 'NONE',  ( -0.000000000000000000, -0.000000000000000000, -1.000000000000000000 ) ) ;
#2370 = EDGE_CURVE ( 'NONE', #816, #556, #120, .T. ) ;
#2371 = ORIENTED_EDGE ( 'NONE', *, *, #3409, .F. ) ;
#2372 = CARTESIAN_POINT ( 'NONE',  ( -34.95543327989140181, 101.4915470394135326, 0.000000000000000000 ) ) ;
#2373 = PLANE ( 'NONE',  #2324 ) ;
#2374 = ORIENTED_EDGE ( 'NONE', *, *, #3991, .F. ) ;
#2375 = VERTEX_POINT ( 'NONE', #4214 ) ;
#2376 = DIRECTION ( 'NONE',  ( -0.000000000000000000, -0.000000000000000000, -1.000000000000000000 ) ) ;
#2377 = DIRECTION ( 'NONE',  ( 3.018909654835916877E-16, -1.000000000000000000, 0.000000000000000000 ) ) ;
#2378 = LINE ( 'NONE', #1153, #2595 ) ;
#2379 = DIRECTION ( 'NONE',  ( -1.000000000000000000, -0.000000000000000000, -0.000000000000000000 ) ) ;
#2380 = EDGE_CURVE ( 'NONE', #1734, #3209, #3124, .T. ) ;
#2381 = DIRECTION ( 'NONE',  ( 1.000000000000000000, 2.478176394252582127E-16, -0.000000000000000000 ) ) ;
#2382 = DIRECTION ( 'NONE',  ( -1.000000000000000000, 0.000000000000000000, 0.000000000000000000 ) ) ;
#2383 = ORIENTED_EDGE ( 'NONE', *, *, #1436, .F. ) ;
#2384 = CARTESIAN_POINT ( 'NONE',  ( -69.31561546802588225, 100.1102970394135099, 0.000000000000000000 ) ) ;
#2385 = VERTEX_POINT ( 'NONE', #511 ) ;
#2386 = CARTESIAN_POINT ( 'NONE',  ( -92.98779938972202785, 35.67078353961545645, 1.500000000000000000 ) ) ;
#2387 = LINE ( 'NONE', #970, #2575 ) ;
#2388 = EDGE_CURVE ( 'NONE', #4436, #4336, #1175, .T. ) ;
#2389 = ORIENTED_EDGE ( 'NONE', *, *, #4089, .T. ) ;
#2390 = CARTESIAN_POINT ( 'NONE',  ( -60.81329765616042238, -6.285842729197964829, 1.500000000000000000 ) ) ;
#2391 = VERTEX_POINT ( 'NONE', #3109 ) ;
#2392 = FACE_OUTER_BOUND ( 'NONE', #3938, .T. ) ;
#2393 = DIRECTION ( 'NONE',  ( 0.000000000000000000, 0.000000000000000000, -1.000000000000000000 ) ) ;
#2394 = EDGE_CURVE ( 'NONE', #928, #1906, #3755, .T. ) ;
#2395 = VECTOR ( 'NONE', #2545, 1000.000000000000000 ) ;
#2396 = ORIENTED_EDGE ( 'NONE', *, *, #3451, .F. ) ;
#2397 = ORIENTED_EDGE ( 'NONE', *, *, #2657, .T. ) ;
#2398 = DIRECTION ( 'NONE',  ( -0.000000000000000000, -0.000000000000000000, -1.000000000000000000 ) ) ;
#2399 = CARTESIAN_POINT ( 'NONE',  ( -40.88486674321343628, 2.619780989487944911, 0.000000000000000000 ) ) ;
#2400 = CARTESIAN_POINT ( 'NONE',  ( -54.88386419283836659, 16.62003100198857908, 1.500000000000000000 ) ) ;
#2401 = DIRECTION ( 'NONE',  ( -1.000000000000000000, -1.156482317317871478E-16, -0.000000000000000000 ) ) ;
#2402 = AXIS2_PLACEMENT_3D ( 'NONE', #1148, #4438, #2174 ) ;
#2403 = LINE ( 'NONE', #1691, #3684 ) ;
#2404 = CARTESIAN_POINT ( 'NONE',  ( 4.657418437906814646, 66.56731824917504525, 0.000000000000000000 ) ) ;
#2405 = AXIS2_PLACEMENT_3D ( 'NONE', #4036, #360, #1408 ) ;
#2406 = ORIENTED_EDGE ( 'NONE', *, *, #1161, .T. ) ;
#2407 = CARTESIAN_POINT ( 'NONE',  ( -34.95543327989140181, 106.4915470394135468, 1.500000000000000000 ) ) ;
#2408 = ORIENTED_EDGE ( 'NONE', *, *, #143, .F. ) ;
#2409 = CARTESIAN_POINT ( 'NONE',  ( -97.89061546802592773, 69.10285215510766932, 0.000000000000000000 ) ) ;
#2410 = AXIS2_PLACEMENT_3D ( 'NONE', #141, #467, #1263 ) ;
#2411 = VECTOR ( 'NONE', #655, 1000.000000000000000 ) ;
#2412 = ORIENTED_EDGE ( 'NONE', *, *, #445, .T. ) ;
#2413 = CARTESIAN_POINT ( 'NONE',  ( -60.81329765616045790, 106.4915470394135610, 0.000000000000000000 ) ) ;
#2414 = VECTOR ( 'NONE', #1916, 1000.000000000000000 ) ;
#2415 = VERTEX_POINT ( 'NONE', #3405 ) ;
#2416 = CARTESIAN_POINT ( 'NONE',  ( -54.88386419283836659, 54.72160087992026689, 1.500000000000000000 ) ) ;
#2417 = CARTESIAN_POINT ( 'NONE',  ( -97.89061546802591351, 31.10285215510783274, 1.500000000000000000 ) ) ;
#2418 = VECTOR ( 'NONE', #4374, 1000.000000000000000 ) ;
#2419 = EDGE_LOOP ( 'NONE', ( #1193, #341, #1117, #4701 ) ) ;
#2420 = CARTESIAN_POINT ( 'NONE',  ( -21.83474173683936215, 54.72160087992027400, 0.000000000000000000 ) ) ;
#2421 = VERTEX_POINT ( 'NONE', #4630 ) ;
#2422 = ORIENTED_EDGE ( 'NONE', *, *, #2439, .F. ) ;
#2423 = DIRECTION ( 'NONE',  ( 1.000000000000000000, 2.891205793294679312E-16, 0.000000000000000000 ) ) ;
#2424 = LINE ( 'NONE', #1785, #4446 ) ;
#2425 = PLANE ( 'NONE',  #3298 ) ;
#2426 = DIRECTION ( 'NONE',  ( 1.000000000000000000, 2.478353871009933577E-16, -0.000000000000000000 ) ) ;
#2427 = VECTOR ( 'NONE', #4148, 1000.000000000000000 ) ;
#2428 = ADVANCED_FACE ( 'NONE', ( #1242 ), #47, .T. ) ;
#2429 = CARTESIAN_POINT ( 'NONE',  ( -78.98779938972202785, 2.619780989487944911, 0.000000000000000000 ) ) ;
#2430 = AXIS2_PLACEMENT_3D ( 'NONE', #2854, #2879, #4370 ) ;
#2431 = CARTESIAN_POINT ( 'NONE',  ( -59.93684684209465274, 54.72160087992026689, 0.000000000000000000 ) ) ;
#2432 = VERTEX_POINT ( 'NONE', #3038 ) ;
#2433 = PLANE ( 'NONE',  #4537 ) ;
#2434 = EDGE_LOOP ( 'NONE', ( #2984, #1171, #4854, #1289 ) ) ;
#2435 = VECTOR ( 'NONE', #969, 1000.000000000000000 ) ;
#2436 = FACE_BOUND ( 'NONE', #493, .T. ) ;
#2437 = VECTOR ( 'NONE', #4845, 1000.000000000000000 ) ;
#2438 = CARTESIAN_POINT ( 'NONE',  ( -101.8906154680259135, 37.17391996697324430, 0.000000000000000000 ) ) ;
#2439 = EDGE_CURVE ( 'NONE', #1573, #3172, #4532, .T. ) ;
#2440 = EDGE_CURVE ( 'NONE', #3421, #1533, #2024, .T. ) ;
#2441 = ORIENTED_EDGE ( 'NONE', *, *, #452, .T. ) ;
#2442 = DIRECTION ( 'NONE',  ( -1.000000000000000000, 0.000000000000000000, 0.000000000000000000 ) ) ;
#2443 = ORIENTED_EDGE ( 'NONE', *, *, #770, .T. ) ;
#2444 = CARTESIAN_POINT ( 'NONE',  ( -54.88386419283836659, 40.72173608680434853, 1.500000000000000000 ) ) ;
#2445 = LINE ( 'NONE', #3156, #2488 ) ;
#2446 = ORIENTED_EDGE ( 'NONE', *, *, #1989, .F. ) ;
#2447 = CARTESIAN_POINT ( 'NONE',  ( -21.83474173683936570, 16.62003100198858263, 0.000000000000000000 ) ) ;
#2448 = VERTEX_POINT ( 'NONE', #3256 ) ;
#2449 = VERTEX_POINT ( 'NONE', #4309 ) ;
#2450 = DIRECTION ( 'NONE',  ( -0.000000000000000000, -1.000000000000000000, -0.000000000000000000 ) ) ;
#2451 = DIRECTION ( 'NONE',  ( 0.000000000000000000, 0.000000000000000000, 1.000000000000000000 ) ) ;
#2452 = DIRECTION ( 'NONE',  ( -1.000000000000000000, -3.428201403813976241E-16, 0.000000000000000000 ) ) ;
#2453 = PLANE ( 'NONE',  #314 ) ;
#2454 = EDGE_CURVE ( 'NONE', #2958, #3262, #3944, .T. ) ;
#2455 = LINE ( 'NONE', #1765, #944 ) ;
#2456 = CARTESIAN_POINT ( 'NONE',  ( -16.78377918895944632, 54.72160087992027400, 0.000000000000000000 ) ) ;
#2457 = VERTEX_POINT ( 'NONE', #4334 ) ;
#2458 = EDGE_CURVE ( 'NONE', #2571, #2184, #1703, .T. ) ;
#2459 = VECTOR ( 'NONE', #677, 1000.000000000000000 ) ;
#2460 = DIRECTION ( 'NONE',  ( 0.000000000000000000, -0.000000000000000000, -1.000000000000000000 ) ) ;
#2461 = VERTEX_POINT ( 'NONE', #1386 ) ;
#2462 = FACE_BOUND ( 'NONE', #1461, .T. ) ;
#2463 = VECTOR ( 'NONE', #4156, 1000.000000000000000 ) ;
#2464 = CARTESIAN_POINT ( 'NONE',  ( -73.93093154632981623, 2.619780989487944911, 1.500000000000000000 ) ) ;
#2465 = DIRECTION ( 'NONE',  ( -0.000000000000000000, -0.000000000000000000, -1.000000000000000000 ) ) ;
#2466 = ORIENTED_EDGE ( 'NONE', *, *, #1738, .F. ) ;
#2467 = DIRECTION ( 'NONE',  ( 1.000000000000000000, 2.478331740334800717E-16, -0.000000000000000000 ) ) ;
#2468 = DIRECTION ( 'NONE',  ( -1.000000000000000000, -3.428201403813976241E-16, 0.000000000000000000 ) ) ;
#2469 = EDGE_CURVE ( 'NONE', #1260, #3496, #921, .T. ) ;
#2470 = VERTEX_POINT ( 'NONE', #637 ) ;
#2471 = LINE ( 'NONE', #3259, #4303 ) ;
#2472 = VERTEX_POINT ( 'NONE', #2098 ) ;
#2473 = ORIENTED_EDGE ( 'NONE', *, *, #2356, .T. ) ;
#2474 = ORIENTED_EDGE ( 'NONE', *, *, #3030, .F. ) ;
#2475 = LINE ( 'NONE', #592, #3620 ) ;
#2476 = DIRECTION ( 'NONE',  ( 1.000000000000000000, 0.000000000000000000, 0.000000000000000000 ) ) ;
#2477 = FACE_OUTER_BOUND ( 'NONE', #1702, .T. ) ;
#2478 = EDGE_CURVE ( 'NONE', #37, #777, #2840, .T. ) ;
#2479 = PLANE ( 'NONE',  #2035 ) ;
#2480 = EDGE_CURVE ( 'NONE', #2184, #2915, #1658, .T. ) ;
#2481 = CARTESIAN_POINT ( 'NONE',  ( -59.93684684209465274, 54.72160087992026689, 1.500000000000000000 ) ) ;
#2482 = DIRECTION ( 'NONE',  ( -4.956400655611515622E-16, 1.000000000000000000, -0.000000000000000000 ) ) ;
#2483 = ORIENTED_EDGE ( 'NONE', *, *, #1267, .F. ) ;
#2484 = ADVANCED_FACE ( 'NONE', ( #949 ), #3155, .T. ) ;
#2485 = AXIS2_PLACEMENT_3D ( 'NONE', #1886, #319, #3014 ) ;
#2486 = DIRECTION ( 'NONE',  ( -0.000000000000000000, -1.000000000000000000, -0.000000000000000000 ) ) ;
#2487 = EDGE_CURVE ( 'NONE', #3947, #1393, #974, .T. ) ;
#2488 = VECTOR ( 'NONE', #3945, 1000.000000000000000 ) ;
#2489 = FACE_BOUND ( 'NONE', #3998, .T. ) ;
#2490 = CARTESIAN_POINT ( 'NONE',  ( -64.40936546802592488, 73.67113234831137447, 0.000000000000000000 ) ) ;
#2491 = EDGE_CURVE ( 'NONE', #244, #3222, #3919, .T. ) ;
#2492 = CARTESIAN_POINT ( 'NONE',  ( -27.20936546802590783, 74.77268863487022088, 1.500000000000000000 ) ) ;
#2493 = ORIENTED_EDGE ( 'NONE', *, *, #846, .T. ) ;
#2494 = DIRECTION ( 'NONE',  ( 0.000000000000000000, -0.000000000000000000, -1.000000000000000000 ) ) ;
#2495 = FACE_OUTER_BOUND ( 'NONE', #1079, .T. ) ;
#2496 = ORIENTED_EDGE ( 'NONE', *, *, #2454, .T. ) ;
#2497 = VECTOR ( 'NONE', #2346, 1000.000000000000000 ) ;
#2498 = DIRECTION ( 'NONE',  ( -0.000000000000000000, -1.000000000000000000, -0.000000000000000000 ) ) ;
#2499 = VECTOR ( 'NONE', #3622, 1000.000000000000000 ) ;
#2500 = VERTEX_POINT ( 'NONE', #2072 ) ;
#2501 = ORIENTED_EDGE ( 'NONE', *, *, #4404, .F. ) ;
#2502 = ORIENTED_EDGE ( 'NONE', *, *, #4798, .F. ) ;
#2503 = DIRECTION ( 'NONE',  ( 1.000000000000000000, 2.891205793294679312E-16, 0.000000000000000000 ) ) ;
#2504 = CARTESIAN_POINT ( 'NONE',  ( -40.88486674321343628, 21.67078353961545645, 1.500000000000000000 ) ) ;
#2505 = FACE_OUTER_BOUND ( 'NONE', #772, .T. ) ;
#2506 = EDGE_CURVE ( 'NONE', #3884, #859, #4282, .T. ) ;
#2507 = ADVANCED_FACE ( 'NONE', ( #3233 ), #4704, .T. ) ;
#2508 = DIRECTION ( 'NONE',  ( -1.000000000000000000, -1.156482317317871478E-16, -0.000000000000000000 ) ) ;
#2509 = AXIS2_PLACEMENT_3D ( 'NONE', #1744, #2159, #350 ) ;
#2510 = DIRECTION ( 'NONE',  ( -0.000000000000000000, 0.000000000000000000, -1.000000000000000000 ) ) ;
#2511 = EDGE_CURVE ( 'NONE', #1464, #1160, #3434, .T. ) ;
#2512 = EDGE_LOOP ( 'NONE', ( #3579, #1604, #4535, #1842 ) ) ;
#2513 = FACE_OUTER_BOUND ( 'NONE', #792, .T. ) ;
#2514 = AXIS2_PLACEMENT_3D ( 'NONE', #3362, #4816, #2255 ) ;
#2515 = FACE_BOUND ( 'NONE', #351, .T. ) ;
#2516 = CARTESIAN_POINT ( 'NONE',  ( -94.81643493697380620, 102.4915470394135610, 0.000000000000000000 ) ) ;
#2517 = EDGE_CURVE ( 'NONE', #3130, #4336, #2520, .T. ) ;
#2518 = LINE ( 'NONE', #1336, #4321 ) ;
#2519 = VECTOR ( 'NONE', #840, 1000.000000000000000 ) ;
#2520 = LINE ( 'NONE', #610, #3043 ) ;
#2521 = DIRECTION ( 'NONE',  ( -2.479223918734477749E-16, -1.000000000000000000, 0.000000000000000000 ) ) ;
#2522 = VECTOR ( 'NONE', #2452, 1000.000000000000000 ) ;
#2523 = EDGE_CURVE ( 'NONE', #2714, #1917, #924, .T. ) ;
#2524 = ORIENTED_EDGE ( 'NONE', *, *, #3887, .F. ) ;
#2525 = DIRECTION ( 'NONE',  ( -1.000000000000000000, -0.000000000000000000, -0.000000000000000000 ) ) ;
#2526 = ORIENTED_EDGE ( 'NONE', *, *, #1820, .T. ) ;
#2527 = EDGE_LOOP ( 'NONE', ( #1706, #2474, #3471, #486 ) ) ;
#2528 = ORIENTED_EDGE ( 'NONE', *, *, #427, .F. ) ;
#2529 = FACE_OUTER_BOUND ( 'NONE', #1142, .T. ) ;
#2530 = CARTESIAN_POINT ( 'NONE',  ( -60.81329765616046501, 101.4915470394135184, 1.500000000000000000 ) ) ;
#2531 = DIRECTION ( 'NONE',  ( -0.000000000000000000, -1.000000000000000000, -0.000000000000000000 ) ) ;
#2532 = LINE ( 'NONE', #3248, #469 ) ;
#2533 = EDGE_CURVE ( 'NONE', #1533, #2291, #3546, .T. ) ;
#2534 = ORIENTED_EDGE ( 'NONE', *, *, #2247, .F. ) ;
#2535 = VECTOR ( 'NONE', #831, 1000.000000000000000 ) ;
#2536 = CARTESIAN_POINT ( 'NONE',  ( -12.30936546802591636, 73.67113234831137447, 1.500000000000000000 ) ) ;
#2537 = LINE ( 'NONE', #4031, #2811 ) ;
#2538 = AXIS2_PLACEMENT_3D ( 'NONE', #4611, #3505, #146 ) ;
#2539 = FACE_OUTER_BOUND ( 'NONE', #748, .T. ) ;
#2540 = EDGE_CURVE ( 'NONE', #2750, #2671, #163, .T. ) ;
#2541 = EDGE_CURVE ( 'NONE', #2993, #3811, #4357, .T. ) ;
#2542 = DIRECTION ( 'NONE',  ( 1.000000000000000000, 0.000000000000000000, 0.000000000000000000 ) ) ;
#2543 = CARTESIAN_POINT ( 'NONE',  ( -64.40936546802592488, 73.67113234831137447, 0.000000000000000000 ) ) ;
#2544 = EDGE_LOOP ( 'NONE', ( #2738, #3214, #269, #4509 ) ) ;
#2545 = DIRECTION ( 'NONE',  ( 1.688550965067719734E-16, 1.000000000000000000, -0.000000000000000000 ) ) ;
#2546 = VERTEX_POINT ( 'NONE', #3276 ) ;
#2547 = ORIENTED_EDGE ( 'NONE', *, *, #595, .F. ) ;
#2548 = VERTEX_POINT ( 'NONE', #4454 ) ;
#2549 = CARTESIAN_POINT ( 'NONE',  ( -73.93093154632978781, 54.72160087992026689, 0.000000000000000000 ) ) ;
#2550 = LINE ( 'NONE', #713, #1227 ) ;
#2551 = EDGE_CURVE ( 'NONE', #2743, #4217, #1089, .T. ) ;
#2552 = ORIENTED_EDGE ( 'NONE', *, *, #3598, .T. ) ;
#2553 = EDGE_LOOP ( 'NONE', ( #1693, #4760, #978, #763 ) ) ;
#2554 = CARTESIAN_POINT ( 'NONE',  ( -54.88386419283836659, 2.619780989487941802, 1.500000000000000000 ) ) ;
#2555 = DIRECTION ( 'NONE',  ( 0.000000000000000000, 1.000000000000000000, 0.000000000000000000 ) ) ;
#2556 = EDGE_LOOP ( 'NONE', ( #2017, #235, #1300, #4531 ) ) ;
#2557 = VECTOR ( 'NONE', #2960, 1000.000000000000000 ) ;
#2558 = DIRECTION ( 'NONE',  ( 0.000000000000000000, -1.000000000000000000, 0.000000000000000000 ) ) ;
#2559 = DIRECTION ( 'NONE',  ( -0.000000000000000000, -0.000000000000000000, -1.000000000000000000 ) ) ;
#2560 = ORIENTED_EDGE ( 'NONE', *, *, #2868, .F. ) ;
#2561 = EDGE_CURVE ( 'NONE', #21, #2470, #660, .T. ) ;
#2562 = CARTESIAN_POINT ( 'NONE',  ( -28.88436546802590499, -2.285842729197964829, 0.000000000000000000 ) ) ;
#2563 = AXIS2_PLACEMENT_3D ( 'NONE', #121, #882, #2393 ) ;
#2564 = ORIENTED_EDGE ( 'NONE', *, *, #4351, .T. ) ;
#2565 = PLANE ( 'NONE',  #1593 ) ;
#2566 = CARTESIAN_POINT ( 'NONE',  ( -50.40936546802591778, 73.67113234831137447, 0.000000000000000000 ) ) ;
#2567 = ORIENTED_EDGE ( 'NONE', *, *, #1075, .F. ) ;
#2568 = LINE ( 'NONE', #4482, #2297 ) ;
#2569 = VERTEX_POINT ( 'NONE', #3745 ) ;
#2570 = ORIENTED_EDGE ( 'NONE', *, *, #976, .T. ) ;
#2571 = VERTEX_POINT ( 'NONE', #1434 ) ;
#2572 = DIRECTION ( 'NONE',  ( 0.000000000000000000, 0.000000000000000000, -1.000000000000000000 ) ) ;
#2573 = CARTESIAN_POINT ( 'NONE',  ( -12.30936546802591636, 73.67113234831137447, 0.000000000000000000 ) ) ;
#2574 = AXIS2_PLACEMENT_3D ( 'NONE', #2001, #4238, #1586 ) ;
#2575 = VECTOR ( 'NONE', #994, 1000.000000000000000 ) ;
#2576 = EDGE_LOOP ( 'NONE', ( #3282, #4497, #2042, #3258 ) ) ;
#2577 = VERTEX_POINT ( 'NONE', #728 ) ;
#2578 = EDGE_CURVE ( 'NONE', #3489, #4548, #2810, .T. ) ;
#2579 = AXIS2_PLACEMENT_3D ( 'NONE', #1718, #4349, #3882 ) ;
#2580 = CARTESIAN_POINT ( 'NONE',  ( 4.657418437906814646, 66.56731824917504525, 1.500000000000000000 ) ) ;
#2581 = DIRECTION ( 'NONE',  ( 0.000000000000000000, -1.000000000000000000, 0.000000000000000000 ) ) ;
#2582 = ORIENTED_EDGE ( 'NONE', *, *, #3710, .T. ) ;
#2583 = ADVANCED_FACE ( 'NONE', ( #4406 ), #384, .F. ) ;
#2584 = CARTESIAN_POINT ( 'NONE',  ( -21.83474173683936215, 2.619780989487944911, 1.500000000000000000 ) ) ;
#2585 = CARTESIAN_POINT ( 'NONE',  ( -73.93093154632981623, 40.72173608680434853, 0.000000000000000000 ) ) ;
#2586 = ORIENTED_EDGE ( 'NONE', *, *, #3230, .F. ) ;
#2587 = CARTESIAN_POINT ( 'NONE',  ( -2.783779188959451645, 26.14540727080203197, 0.000000000000000000 ) ) ;
#2588 = EDGE_LOOP ( 'NONE', ( #4118, #478, #315, #2727 ) ) ;
#2589 = AXIS2_PLACEMENT_3D ( 'NONE', #1882, #2987, #3380 ) ;
#2590 = FACE_OUTER_BOUND ( 'NONE', #3608, .T. ) ;
#2591 = LINE ( 'NONE', #4084, #3272 ) ;
#2592 = ADVANCED_FACE ( 'NONE', ( #4501 ), #4058, .T. ) ;
#2593 = VERTEX_POINT ( 'NONE', #2147 ) ;
#2594 = DIRECTION ( 'NONE',  ( 0.000000000000000000, 0.000000000000000000, 1.000000000000000000 ) ) ;
#2595 = VECTOR ( 'NONE', #793, 1000.000000000000114 ) ;
#2596 = CARTESIAN_POINT ( 'NONE',  ( -78.98779938972204206, 73.67113234831137447, 1.500000000000000000 ) ) ;
#2597 = ORIENTED_EDGE ( 'NONE', *, *, #4347, .F. ) ;
#2598 = LINE ( 'NONE', #2940, #4057 ) ;
#2599 = ADVANCED_FACE ( 'NONE', ( #336 ), #1827, .T. ) ;
#2600 = CARTESIAN_POINT ( 'NONE',  ( -73.93093154632981623, 2.619780989487944911, 0.000000000000000000 ) ) ;
#2601 = VECTOR ( 'NONE', #4855, 1000.000000000000000 ) ;
#2602 = VERTEX_POINT ( 'NONE', #3693 ) ;
#2603 = ORIENTED_EDGE ( 'NONE', *, *, #1845, .F. ) ;
#2604 = LINE ( 'NONE', #1423, #3369 ) ;
#2605 = FACE_OUTER_BOUND ( 'NONE', #4660, .T. ) ;
#2606 = VECTOR ( 'NONE', #1367, 1000.000000000000000 ) ;
#2607 = ADVANCED_FACE ( 'NONE', ( #1802 ), #1140, .T. ) ;
#2608 = CARTESIAN_POINT ( 'NONE',  ( -2.783779188959448092, 54.72160087992027400, 1.500000000000000000 ) ) ;
#2609 = FACE_OUTER_BOUND ( 'NONE', #2872, .T. ) ;
#2610 = DIRECTION ( 'NONE',  ( -0.000000000000000000, -0.000000000000000000, -1.000000000000000000 ) ) ;
#2611 = EDGE_CURVE ( 'NONE', #4657, #2869, #282, .T. ) ;
#2612 = ORIENTED_EDGE ( 'NONE', *, *, #1825, .F. ) ;
#2613 = VERTEX_POINT ( 'NONE', #2956 ) ;
#2614 = ADVANCED_FACE ( 'NONE', ( #2590 ), #1509, .T. ) ;
#2615 = LINE ( 'NONE', #2953, #3692 ) ;
#2616 = EDGE_LOOP ( 'NONE', ( #4506, #1745, #1980, #1847 ) ) ;
#2617 = CARTESIAN_POINT ( 'NONE',  ( -28.88436546802590499, -2.285842729197964829, 1.500000000000000000 ) ) ;
#2618 = CARTESIAN_POINT ( 'NONE',  ( -97.89061546802591351, 31.10285215510783274, 1.500000000000000000 ) ) ;
#2619 = EDGE_LOOP ( 'NONE', ( #2048, #3401, #4250, #3774 ) ) ;
#2620 = LINE ( 'NONE', #1806, #2395 ) ;
#2621 = VECTOR ( 'NONE', #1257, 1000.000000000000114 ) ;
#2622 = LINE ( 'NONE', #70, #1958 ) ;
#2623 = ORIENTED_EDGE ( 'NONE', *, *, #1124, .T. ) ;
#2624 = EDGE_CURVE ( 'NONE', #3725, #1215, #428, .T. ) ;
#2625 = LINE ( 'NONE', #4115, #3595 ) ;
#2626 = PLANE ( 'NONE',  #2485 ) ;
#2627 = AXIS2_PLACEMENT_3D ( 'NONE', #4230, #4521, #1918 ) ;
#2628 = EDGE_LOOP ( 'NONE', ( #2054, #4458, #3283, #51 ) ) ;
#2629 = ORIENTED_EDGE ( 'NONE', *, *, #575, .F. ) ;
#2630 = PLANE ( 'NONE',  #1097 ) ;
#2631 = DIRECTION ( 'NONE',  ( -0.000000000000000000, -0.000000000000000000, -1.000000000000000000 ) ) ;
#2632 = DIRECTION ( 'NONE',  ( -0.000000000000000000, -0.000000000000000000, -1.000000000000000000 ) ) ;
#2633 = CARTESIAN_POINT ( 'NONE',  ( -12.30936546802591636, 59.77268863487024220, 0.000000000000000000 ) ) ;
#2634 = CARTESIAN_POINT ( 'NONE',  ( -92.98779938972202785, 59.77268863487022799, 0.000000000000000000 ) ) ;
#2635 = EDGE_CURVE ( 'NONE', #955, #698, #3348, .T. ) ;
#2636 = ORIENTED_EDGE ( 'NONE', *, *, #3893, .T. ) ;
#2637 = ORIENTED_EDGE ( 'NONE', *, *, #421, .F. ) ;
#2638 = PLANE ( 'NONE',  #4579 ) ;
#2639 = EDGE_CURVE ( 'NONE', #3241, #2375, #4035, .T. ) ;
#2640 = ORIENTED_EDGE ( 'NONE', *, *, #1628, .F. ) ;
#2641 = DIRECTION ( 'NONE',  ( -0.000000000000000000, -0.000000000000000000, -1.000000000000000000 ) ) ;
#2642 = FACE_OUTER_BOUND ( 'NONE', #340, .T. ) ;
#2643 = VECTOR ( 'NONE', #540, 1000.000000000000000 ) ;
#2644 = ORIENTED_EDGE ( 'NONE', *, *, #1783, .F. ) ;
#2645 = DIRECTION ( 'NONE',  ( 0.000000000000000000, 0.000000000000000000, -1.000000000000000000 ) ) ;
#2646 = DIRECTION ( 'NONE',  ( -0.000000000000000000, 0.000000000000000000, 1.000000000000000000 ) ) ;
#2647 = EDGE_LOOP ( 'NONE', ( #2160, #1101, #4710, #3289 ) ) ;
#2648 = DIRECTION ( 'NONE',  ( -0.000000000000000000, -0.000000000000000000, -1.000000000000000000 ) ) ;
#2649 = CARTESIAN_POINT ( 'NONE',  ( -34.95543327989138049, -1.285842729197964163, 1.500000000000000000 ) ) ;
#2650 = VECTOR ( 'NONE', #3666, 1000.000000000000000 ) ;
#2651 = EDGE_LOOP ( 'NONE', ( #3770, #347, #1366, #1254 ) ) ;
#2652 = ORIENTED_EDGE ( 'NONE', *, *, #4797, .F. ) ;
#2653 =( NAMED_UNIT ( * ) SI_UNIT ( $, .STERADIAN. ) SOLID_ANGLE_UNIT ( ) );
#2654 = CARTESIAN_POINT ( 'NONE',  ( -37.25936546802593341, 76.29879703941352886, 1.500000000000000000 ) ) ;
#2655 = VECTOR ( 'NONE', #2836, 1000.000000000000000 ) ;
#2656 = ADVANCED_FACE ( 'NONE', ( #2166 ), #2565, .T. ) ;
#2657 = EDGE_CURVE ( 'NONE', #2432, #4587, #3302, .T. ) ;
#2658 = AXIS2_PLACEMENT_3D ( 'NONE', #522, #3122, #2039 ) ;
#2659 = PLANE ( 'NONE',  #1722 ) ;
#2660 = LINE ( 'NONE', #1524, #1617 ) ;
#2661 = EDGE_CURVE ( 'NONE', #3172, #583, #3479, .T. ) ;
#2662 = CARTESIAN_POINT ( 'NONE',  ( -78.98779938972204206, 73.67113234831137447, 0.000000000000000000 ) ) ;
#2663 = ORIENTED_EDGE ( 'NONE', *, *, #872, .T. ) ;
#2664 = VECTOR ( 'NONE', #4300, 1000.000000000000000 ) ;
#2665 = ORIENTED_EDGE ( 'NONE', *, *, #1569, .T. ) ;
#2666 = CARTESIAN_POINT ( 'NONE',  ( -73.93093154632981623, 40.72173608680434853, 1.500000000000000000 ) ) ;
#2667 = ORIENTED_EDGE ( 'NONE', *, *, #1568, .F. ) ;
#2668 = CARTESIAN_POINT ( 'NONE',  ( -78.98779938972204206, 73.67113234831137447, 1.500000000000000000 ) ) ;
#2669 = CARTESIAN_POINT ( 'NONE',  ( -92.98779938972202785, 21.67078353961546000, 1.500000000000000000 ) ) ;
#2670 = VECTOR ( 'NONE', #1592, 1000.000000000000000 ) ;
#2671 = VERTEX_POINT ( 'NONE', #3422 ) ;
#2672 = PLANE ( 'NONE',  #4256 ) ;
#2673 = DIRECTION ( 'NONE',  ( -8.673617379884035472E-16, 1.000000000000000000, 0.000000000000000000 ) ) ;
#2674 = ORIENTED_EDGE ( 'NONE', *, *, #2855, .F. ) ;
#2675 = VECTOR ( 'NONE', #963, 1000.000000000000000 ) ;
#2676 = FACE_OUTER_BOUND ( 'NONE', #4288, .T. ) ;
#2677 = CARTESIAN_POINT ( 'NONE',  ( -73.93093154632981623, 21.67078353961545645, 0.000000000000000000 ) ) ;
#2678 = EDGE_CURVE ( 'NONE', #3084, #2253, #2692, .T. ) ;
#2679 = CIRCLE ( 'NONE', #4320, 3.174999999999999822 ) ;
#2680 = ORIENTED_EDGE ( 'NONE', *, *, #3931, .F. ) ;
#2681 = VERTEX_POINT ( 'NONE', #778 ) ;
#2682 = AXIS2_PLACEMENT_3D ( 'NONE', #2215, #1112, #4080 ) ;
#2683 = CARTESIAN_POINT ( 'NONE',  ( -0.2593654680259245282, 102.4915470394135468, 1.500000000000000000 ) ) ;
#2684 = LINE ( 'NONE', #3807, #4783 ) ;
#2685 = DIRECTION ( 'NONE',  ( -1.000000000000000000, 0.000000000000000000, 0.000000000000000000 ) ) ;
#2686 = LINE ( 'NONE', #2235, #2643 ) ;
#2687 = PLANE ( 'NONE',  #74 ) ;
#2688 = ORIENTED_EDGE ( 'NONE', *, *, #2533, .F. ) ;
#2689 = EDGE_LOOP ( 'NONE', ( #4050, #1879, #1537, #140 ) ) ;
#2690 = FACE_OUTER_BOUND ( 'NONE', #95, .T. ) ;
#2691 = EDGE_LOOP ( 'NONE', ( #1412, #1585, #1834, #2389 ) ) ;
#2692 = LINE ( 'NONE', #2739, #2621 ) ;
#2693 = PLANE ( 'NONE',  #3596 ) ;
#2694 = ORIENTED_EDGE ( 'NONE', *, *, #1783, .T. ) ;
#2695 = DIRECTION ( 'NONE',  ( -0.000000000000000000, -0.000000000000000000, -1.000000000000000000 ) ) ;
#2696 = ADVANCED_FACE ( 'NONE', ( #3446 ), #2340, .T. ) ;
#2697 = EDGE_CURVE ( 'NONE', #4603, #2681, #4575, .T. ) ;
#2698 = CARTESIAN_POINT ( 'NONE',  ( -35.83386419283842628, 21.67078353961545645, 1.500000000000000000 ) ) ;
#2699 = ORIENTED_EDGE ( 'NONE', *, *, #1457, .F. ) ;
#2700 = FACE_OUTER_BOUND ( 'NONE', #981, .T. ) ;
#2701 = FACE_OUTER_BOUND ( 'NONE', #2205, .T. ) ;
#2702 = VECTOR ( 'NONE', #64, 1000.000000000000000 ) ;
#2703 = EDGE_CURVE ( 'NONE', #1780, #956, #4133, .T. ) ;
#2704 = VERTEX_POINT ( 'NONE', #1553 ) ;
#2705 = ORIENTED_EDGE ( 'NONE', *, *, #3850, .T. ) ;
#2706 = LINE ( 'NONE', #102, #3321 ) ;
#2707 = DIRECTION ( 'NONE',  ( -0.000000000000000000, -0.000000000000000000, -1.000000000000000000 ) ) ;
#2708 = LINE ( 'NONE', #1154, #2427 ) ;
#2709 = EDGE_CURVE ( 'NONE', #3699, #1838, #459, .T. ) ;
#2710 = FACE_OUTER_BOUND ( 'NONE', #4411, .T. ) ;
#2711 = DIRECTION ( 'NONE',  ( -0.000000000000000000, -0.000000000000000000, -1.000000000000000000 ) ) ;
#2712 = ORIENTED_EDGE ( 'NONE', *, *, #3893, .F. ) ;
#2713 = CARTESIAN_POINT ( 'NONE',  ( -21.83474173683936570, 21.67078353961546000, 0.000000000000000000 ) ) ;
#2714 = VERTEX_POINT ( 'NONE', #482 ) ;
#2715 = CARTESIAN_POINT ( 'NONE',  ( -27.20936546802590783, 74.77268863487022088, 0.000000000000000000 ) ) ;
#2716 = CYLINDRICAL_SURFACE ( 'NONE', #4138, 3.174999999999997158 ) ;
#2717 = ADVANCED_FACE ( 'NONE', ( #504 ), #3082, .F. ) ;
#2718 = EDGE_LOOP ( 'NONE', ( #3064, #2524, #4286, #3674 ) ) ;
#2719 = LINE ( 'NONE', #4211, #4650 ) ;
#2720 = ORIENTED_EDGE ( 'NONE', *, *, #2370, .T. ) ;
#2721 = DIRECTION ( 'NONE',  ( 1.000000000000000000, 0.000000000000000000, -0.000000000000000000 ) ) ;
#2722 = DIRECTION ( 'NONE',  ( 0.000000000000000000, -1.000000000000000000, 0.000000000000000000 ) ) ;
#2723 = ADVANCED_FACE ( 'NONE', ( #1995 ), #1578, .T. ) ;
#2724 = VECTOR ( 'NONE', #1761, 1000.000000000000000 ) ;
#2725 = VECTOR ( 'NONE', #4358, 1000.000000000000000 ) ;
#2726 = ORIENTED_EDGE ( 'NONE', *, *, #2007, .F. ) ;
#2727 = ORIENTED_EDGE ( 'NONE', *, *, #3857, .T. ) ;
#2728 = LINE ( 'NONE', #4265, #33 ) ;
#2729 = LINE ( 'NONE', #2232, #80 ) ;
#2730 = EDGE_CURVE ( 'NONE', #4481, #2448, #4158, .T. ) ;
#2731 = FACE_OUTER_BOUND ( 'NONE', #715, .T. ) ;
#2732 = DIRECTION ( 'NONE',  ( 2.478176394252580155E-16, -1.000000000000000000, 0.000000000000000000 ) ) ;
#2733 = ORIENTED_EDGE ( 'NONE', *, *, #1121, .T. ) ;
#2734 = EDGE_CURVE ( 'NONE', #1260, #4070, #849, .T. ) ;
#2735 = VECTOR ( 'NONE', #3179, 1000.000000000000000 ) ;
#2736 = VECTOR ( 'NONE', #4101, 1000.000000000000000 ) ;
#2737 = CARTESIAN_POINT ( 'NONE',  ( -2.783779188959448092, 54.72160087992027400, 0.000000000000000000 ) ) ;
#2738 = ORIENTED_EDGE ( 'NONE', *, *, #1125, .F. ) ;
#2739 = CARTESIAN_POINT ( 'NONE',  ( 4.657418437906826192, 33.63838606104052786, 0.000000000000000000 ) ) ;
#2740 = CARTESIAN_POINT ( 'NONE',  ( -64.40936546802592488, 59.77268863487022799, 1.500000000000000000 ) ) ;
#2741 = ORIENTED_EDGE ( 'NONE', *, *, #2121, .F. ) ;
#2742 = CARTESIAN_POINT ( 'NONE',  ( -78.98779938972204206, 54.72160087992026689, 1.500000000000000000 ) ) ;
#2743 = VERTEX_POINT ( 'NONE', #805 ) ;
#2744 = VECTOR ( 'NONE', #3979, 1000.000000000000000 ) ;
#2745 = DIRECTION ( 'NONE',  ( 0.000000000000000000, 1.000000000000000000, -0.000000000000000000 ) ) ;
#2746 = DIRECTION ( 'NONE',  ( 0.000000000000000000, 1.000000000000000000, -0.000000000000000000 ) ) ;
#2747 = EDGE_CURVE ( 'NONE', #3331, #3815, #412, .T. ) ;
#2748 = VECTOR ( 'NONE', #822, 1000.000000000000000 ) ;
#2749 = ORIENTED_EDGE ( 'NONE', *, *, #3559, .F. ) ;
#2750 = VERTEX_POINT ( 'NONE', #1900 ) ;
#2751 = DIRECTION ( 'NONE',  ( 1.000000000000000000, 9.916895674937910995E-16, 0.000000000000000000 ) ) ;
#2752 = DIRECTION ( 'NONE',  ( -1.000000000000000000, -0.000000000000000000, -0.000000000000000000 ) ) ;
#2753 = FACE_BOUND ( 'NONE', #4757, .T. ) ;
#2754 = AXIS2_PLACEMENT_3D ( 'NONE', #2929, #4032, #4844 ) ;
#2755 = COLOUR_RGB ( '',0.7921568627450980005, 0.8196078431372548767, 0.9333333333333333481 ) ;
#2756 = DIRECTION ( 'NONE',  ( 1.000000000000000000, 0.000000000000000000, 0.000000000000000000 ) ) ;
#2757 = CARTESIAN_POINT ( 'NONE',  ( -92.98779938972202785, 21.67078353961546000, 0.000000000000000000 ) ) ;
#2758 = ORIENTED_EDGE ( 'NONE', *, *, #2540, .F. ) ;
#2759 = CARTESIAN_POINT ( 'NONE',  ( -73.93093154632981623, 21.67078353961545645, 1.500000000000000000 ) ) ;
#2760 = ORIENTED_EDGE ( 'NONE', *, *, #1131, .F. ) ;
#2761 = EDGE_CURVE ( 'NONE', #2569, #1731, #435, .T. ) ;
#2762 = CARTESIAN_POINT ( 'NONE',  ( -16.78377918895944987, 26.14540727080203908, 0.000000000000000000 ) ) ;
#2763 = CARTESIAN_POINT ( 'NONE',  ( -94.71561546802591636, 0.8891572708020266669, 1.500000000000000000 ) ) ;
#2764 = ADVANCED_FACE ( 'NONE', ( #1191 ), #40, .T. ) ;
#2765 = ORIENTED_EDGE ( 'NONE', *, *, #3338, .F. ) ;
#2766 = DIRECTION ( 'NONE',  ( -1.000000000000000000, -0.000000000000000000, -0.000000000000000000 ) ) ;
#2767 = VERTEX_POINT ( 'NONE', #828 ) ;
#2768 = DIRECTION ( 'NONE',  ( -6.938893903907229364E-16, 1.000000000000000000, 0.000000000000000000 ) ) ;
#2769 = LINE ( 'NONE', #3872, #3582 ) ;
#2770 = AXIS2_PLACEMENT_3D ( 'NONE', #4063, #416, #4782 ) ;
#2771 = VERTEX_POINT ( 'NONE', #3492 ) ;
#2772 = ORIENTED_EDGE ( 'NONE', *, *, #205, .T. ) ;
#2773 = CARTESIAN_POINT ( 'NONE',  ( -78.98779938972202785, 40.72173608680434853, 0.000000000000000000 ) ) ;
#2774 = CARTESIAN_POINT ( 'NONE',  ( -100.4261493739585944, 33.63838606104043549, 1.500000000000000000 ) ) ;
#2775 = PLANE ( 'NONE',  #3226 ) ;
#2776 = FACE_BOUND ( 'NONE', #4327, .T. ) ;
#2777 = EDGE_CURVE ( 'NONE', #3575, #3691, #1166, .T. ) ;
#2778 = VECTOR ( 'NONE', #3072, 1000.000000000000000 ) ;
#2779 = PLANE ( 'NONE',  #2348 ) ;
#2780 = CARTESIAN_POINT ( 'NONE',  ( -16.78377918895946053, 27.04540727080203766, 0.000000000000000000 ) ) ;
#2781 = ORIENTED_EDGE ( 'NONE', *, *, #408, .T. ) ;
#2782 = DIRECTION ( 'NONE',  ( -4.625929269271491830E-16, -1.000000000000000000, 0.000000000000000000 ) ) ;
#2783 = EDGE_LOOP ( 'NONE', ( #4019, #2674, #2299, #1876 ) ) ;
#2784 = DIRECTION ( 'NONE',  ( 5.782411586589365527E-16, -1.000000000000000000, -0.000000000000000000 ) ) ;
#2785 = EDGE_LOOP ( 'NONE', ( #918, #710, #2822, #616 ) ) ;
#2786 = DIRECTION ( 'NONE',  ( 0.000000000000000000, 1.000000000000000000, 0.000000000000000000 ) ) ;
#2787 = VERTEX_POINT ( 'NONE', #4524 ) ;
#2788 = DIRECTION ( 'NONE',  ( -0.000000000000000000, -0.000000000000000000, -1.000000000000000000 ) ) ;
#2789 = LINE ( 'NONE', #1312, #3112 ) ;
#2790 = ORIENTED_EDGE ( 'NONE', *, *, #2214, .F. ) ;
#2791 = LINE ( 'NONE', #2420, #1556 ) ;
#2792 = VECTOR ( 'NONE', #4087, 1000.000000000000000 ) ;
#2793 = VERTEX_POINT ( 'NONE', #3816 ) ;
#2794 = ORIENTED_EDGE ( 'NONE', *, *, #2807, .F. ) ;
#2795 = FACE_OUTER_BOUND ( 'NONE', #470, .T. ) ;
#2796 = DIRECTION ( 'NONE',  ( 1.000000000000000000, 0.000000000000000000, 0.000000000000000000 ) ) ;
#2797 = LINE ( 'NONE', #570, #562 ) ;
#2798 = CARTESIAN_POINT ( 'NONE',  ( -16.78377918895945697, 11.24540727080203517, 0.000000000000000000 ) ) ;
#2799 = VECTOR ( 'NONE', #3455, 1000.000000000000000 ) ;
#2800 = CARTESIAN_POINT ( 'NONE',  ( -21.83474173683936570, 16.62003100198858263, 1.500000000000000000 ) ) ;
#2801 = EDGE_CURVE ( 'NONE', #2153, #2613, #4232, .T. ) ;
#2802 = LINE ( 'NONE', #599, #3281 ) ;
#2803 = EDGE_CURVE ( 'NONE', #92, #4814, #3865, .T. ) ;
#2804 = EDGE_LOOP ( 'NONE', ( #2667, #980, #130, #2781 ) ) ;
#2805 = CARTESIAN_POINT ( 'NONE',  ( -59.93684684209464564, 21.67078353961546000, 1.500000000000000000 ) ) ;
#2806 = VERTEX_POINT ( 'NONE', #3888 ) ;
#2807 = EDGE_CURVE ( 'NONE', #3983, #2053, #4254, .T. ) ;
#2808 = PLANE ( 'NONE',  #1107 ) ;
#2809 = LINE ( 'NONE', #158, #1397 ) ;
#2810 = CIRCLE ( 'NONE', #1985, 1.100000000000000311 ) ;
#2811 = VECTOR ( 'NONE', #2610, 1000.000000000000000 ) ;
#2812 = VERTEX_POINT ( 'NONE', #2386 ) ;
#2813 = CARTESIAN_POINT ( 'NONE',  ( -35.83386419283842628, 54.72160087992027400, 1.500000000000000000 ) ) ;
#2814 = VECTOR ( 'NONE', #2829, 1000.000000000000000 ) ;
#2815 = VERTEX_POINT ( 'NONE', #527 ) ;
#2816 = DIRECTION ( 'NONE',  ( 0.000000000000000000, 0.000000000000000000, 1.000000000000000000 ) ) ;
#2817 = DIRECTION ( 'NONE',  ( -0.7071067811865552333, -0.7071067811865398012, -0.000000000000000000 ) ) ;
#2818 = CIRCLE ( 'NONE', #308, 3.174999999999997158 ) ;
#2819 = VERTEX_POINT ( 'NONE', #1246 ) ;
#2820 = CARTESIAN_POINT ( 'NONE',  ( -50.40936546802591778, 73.67113234831137447, 1.500000000000000000 ) ) ;
#2821 = ORIENTED_EDGE ( 'NONE', *, *, #108, .F. ) ;
#2822 = ORIENTED_EDGE ( 'NONE', *, *, #3120, .T. ) ;
#2823 = CARTESIAN_POINT ( 'NONE',  ( -21.83474173683936925, 35.67078353961547066, 1.500000000000000000 ) ) ;
#2824 = DIRECTION ( 'NONE',  ( -1.000000000000000000, 0.000000000000000000, 0.000000000000000000 ) ) ;
#2825 = ADVANCED_FACE ( 'NONE', ( #495 ), #4195, .T. ) ;
#2826 = CARTESIAN_POINT ( 'NONE',  ( -78.98779938972204206, 54.72160087992026689, 1.500000000000000000 ) ) ;
#2827 = FACE_BOUND ( 'NONE', #1530, .T. ) ;
#2828 = DIRECTION ( 'NONE',  ( -2.078216572391037947E-16, 1.000000000000000000, -0.000000000000000000 ) ) ;
#2829 = DIRECTION ( 'NONE',  ( -0.000000000000000000, -1.000000000000000000, -0.000000000000000000 ) ) ;
#2830 = ORIENTED_EDGE ( 'NONE', *, *, #3903, .T. ) ;
#2831 = CARTESIAN_POINT ( 'NONE',  ( -92.98779938972202785, 35.67078353961545645, 1.500000000000000000 ) ) ;
#2832 = ORIENTED_EDGE ( 'NONE', *, *, #2337, .T. ) ;
#2833 = ADVANCED_FACE ( 'NONE', ( #3529 ), #885, .T. ) ;
#2834 = AXIS2_PLACEMENT_3D ( 'NONE', #929, #2133, #4713 ) ;
#2835 = FACE_BOUND ( 'NONE', #945, .T. ) ;
#2836 = DIRECTION ( 'NONE',  ( -9.985137972241661414E-16, 1.000000000000000000, -0.000000000000000000 ) ) ;
#2837 = DIRECTION ( 'NONE',  ( 1.000000000000000000, 1.239088197126291063E-16, 0.000000000000000000 ) ) ;
#2838 = EDGE_CURVE ( 'NONE', #801, #3331, #2706, .T. ) ;
#2839 = ORIENTED_EDGE ( 'NONE', *, *, #108, .T. ) ;
#2840 = LINE ( 'NONE', #3523, #694 ) ;
#2841 = CARTESIAN_POINT ( 'NONE',  ( -2.783779188959459194, 26.14540727080203197, 1.500000000000000000 ) ) ;
#2842 = VECTOR ( 'NONE', #2211, 1000.000000000000000 ) ;
#2843 = EDGE_CURVE ( 'NONE', #3751, #4573, #3876, .T. ) ;
#2844 = ORIENTED_EDGE ( 'NONE', *, *, #2127, .T. ) ;
#2845 = DIRECTION ( 'NONE',  ( 0.000000000000000000, -1.000000000000000000, 0.000000000000000000 ) ) ;
#2846 = EDGE_LOOP ( 'NONE', ( #2597, #3196, #4085, #2030 ) ) ;
#2847 = ORIENTED_EDGE ( 'NONE', *, *, #4498, .T. ) ;
#2848 = ORIENTED_EDGE ( 'NONE', *, *, #652, .F. ) ;
#2849 = LINE ( 'NONE', #2155, #3144 ) ;
#2850 = DIRECTION ( 'NONE',  ( 0.000000000000000000, 0.000000000000000000, -1.000000000000000000 ) ) ;
#2851 = FACE_OUTER_BOUND ( 'NONE', #4811, .T. ) ;
#2852 = FACE_BOUND ( 'NONE', #2846, .T. ) ;
#2853 = EDGE_CURVE ( 'NONE', #4596, #2415, #1269, .T. ) ;
#2854 = CARTESIAN_POINT ( 'NONE',  ( -73.30936546802590215, 59.77268863487022088, 1.500000000000000000 ) ) ;
#2855 = EDGE_CURVE ( 'NONE', #3537, #718, #1982, .T. ) ;
#2856 = DIRECTION ( 'NONE',  ( 1.000000000000000000, 0.000000000000000000, 0.000000000000000000 ) ) ;
#2857 = ORIENTED_EDGE ( 'NONE', *, *, #408, .F. ) ;
#2858 = AXIS2_PLACEMENT_3D ( 'NONE', #2910, #4083, #1850 ) ;
#2859 = FACE_OUTER_BOUND ( 'NONE', #3713, .T. ) ;
#2860 = DIRECTION ( 'NONE',  ( 0.000000000000000000, -0.000000000000000000, -1.000000000000000000 ) ) ;
#2861 = VECTOR ( 'NONE', #3371, 1000.000000000000000 ) ;
#2862 = CARTESIAN_POINT ( 'NONE',  ( -50.26561546802592062, 97.73004703941356297, 1.500000000000000000 ) ) ;
#2863 = DIRECTION ( 'NONE',  ( -0.000000000000000000, -0.000000000000000000, 1.000000000000000000 ) ) ;
#2864 = ORIENTED_EDGE ( 'NONE', *, *, #4359, .T. ) ;
#2865 = DIRECTION ( 'NONE',  ( -0.000000000000000000, -0.000000000000000000, -1.000000000000000000 ) ) ;
#2866 = CARTESIAN_POINT ( 'NONE',  ( -12.30936546802591636, 73.67113234831137447, 0.000000000000000000 ) ) ;
#2867 = EDGE_CURVE ( 'NONE', #3343, #325, #2327, .T. ) ;
#2868 = EDGE_CURVE ( 'NONE', #1863, #953, #2005, .T. ) ;
#2869 = VERTEX_POINT ( 'NONE', #1959 ) ;
#2870 = CARTESIAN_POINT ( 'NONE',  ( -73.93093154632981623, 2.619780989487944911, 1.500000000000000000 ) ) ;
#2871 = ORIENTED_EDGE ( 'NONE', *, *, #734, .F. ) ;
#2872 = EDGE_LOOP ( 'NONE', ( #4182, #4684, #2934, #636 ) ) ;
#2873 = EDGE_LOOP ( 'NONE', ( #1044, #1283, #4364, #1873 ) ) ;
#2874 = EDGE_CURVE ( 'NONE', #2593, #2014, #2728, .T. ) ;
#2875 = DIRECTION ( 'NONE',  ( -2.478176394252580155E-16, 1.000000000000000000, -0.000000000000000000 ) ) ;
#2876 = CARTESIAN_POINT ( 'NONE',  ( -34.95543327989140181, 106.4915470394135468, 0.000000000000000000 ) ) ;
#2877 = DIRECTION ( 'NONE',  ( -1.000000000000000000, -0.000000000000000000, -0.000000000000000000 ) ) ;
#2878 = EDGE_CURVE ( 'NONE', #3091, #37, #1591, .T. ) ;
#2879 = DIRECTION ( 'NONE',  ( 1.000000000000000000, 9.251858538542975772E-16, -0.000000000000000000 ) ) ;
#2880 = DIRECTION ( 'NONE',  ( -1.000000000000000000, -0.000000000000000000, -0.000000000000000000 ) ) ;
#2881 = ORIENTED_EDGE ( 'NONE', *, *, #720, .F. ) ;
#2882 = VECTOR ( 'NONE', #518, 1000.000000000000000 ) ;
#2883 = CARTESIAN_POINT ( 'NONE',  ( 2.121884531974085775, 102.4915470394135184, 0.000000000000000000 ) ) ;
#2884 = CIRCLE ( 'NONE', #295, 3.174999999999997158 ) ;
#2885 = CARTESIAN_POINT ( 'NONE',  ( -35.83386419283842628, 2.619780989487944911, 1.500000000000000000 ) ) ;
#2886 = LINE ( 'NONE', #1796, #2411 ) ;
#2887 = EDGE_CURVE ( 'NONE', #1464, #1215, #473, .T. ) ;
#2888 = CARTESIAN_POINT ( 'NONE',  ( -1.783779188959465412, 35.04540727080203766, 1.500000000000000000 ) ) ;
#2889 = DIRECTION ( 'NONE',  ( 0.000000000000000000, 1.000000000000000000, 0.000000000000000000 ) ) ;
#2890 = CARTESIAN_POINT ( 'NONE',  ( -64.40936546802592488, 59.77268863487022799, 1.500000000000000000 ) ) ;
#2891 = VECTOR ( 'NONE', #1214, 1000.000000000000000 ) ;
#2892 = EDGE_LOOP ( 'NONE', ( #2446, #1088, #848, #2848 ) ) ;
#2893 = LINE ( 'NONE', #1027, #1351 ) ;
#2894 = VECTOR ( 'NONE', #2332, 1000.000000000000000 ) ;
#2895 = ORIENTED_EDGE ( 'NONE', *, *, #4694, .F. ) ;
#2896 = EDGE_CURVE ( 'NONE', #2571, #2132, #3459, .T. ) ;
#2897 = VERTEX_POINT ( 'NONE', #4219 ) ;
#2898 = ORIENTED_EDGE ( 'NONE', *, *, #2176, .F. ) ;
#2899 = CARTESIAN_POINT ( 'NONE',  ( 6.121884531974088439, 37.17391996697326562, 0.000000000000000000 ) ) ;
#2900 = LINE ( 'NONE', #4316, #2088 ) ;
#2901 = FACE_OUTER_BOUND ( 'NONE', #2718, .T. ) ;
#2902 = ORIENTED_EDGE ( 'NONE', *, *, #3451, .T. ) ;
#2903 = EDGE_CURVE ( 'NONE', #4279, #3040, #861, .T. ) ;
#2904 = EDGE_CURVE ( 'NONE', #1286, #1906, #3854, .T. ) ;
#2905 = CARTESIAN_POINT ( 'NONE',  ( 2.121884531974091992, 31.10285215510787182, 1.500000000000000000 ) ) ;
#2906 = CYLINDRICAL_SURFACE ( 'NONE', #4850, 3.174999999999997158 ) ;
#2907 = DIRECTION ( 'NONE',  ( 0.000000000000000000, -1.000000000000000000, 0.000000000000000000 ) ) ;
#2908 = VECTOR ( 'NONE', #1031, 1000.000000000000000 ) ;
#2909 = AXIS2_PLACEMENT_3D ( 'NONE', #4280, #2786, #3231 ) ;
#2910 = CARTESIAN_POINT ( 'NONE',  ( -78.98779938972202785, 16.62003100198857553, 1.500000000000000000 ) ) ;
#2911 = DIRECTION ( 'NONE',  ( -0.000000000000000000, -0.000000000000000000, -1.000000000000000000 ) ) ;
#2912 = VERTEX_POINT ( 'NONE', #4098 ) ;
#2913 = LINE ( 'NONE', #681, #659 ) ;
#2914 = DIRECTION ( 'NONE',  ( -1.000000000000000000, -4.625929269271486900E-16, -0.000000000000000000 ) ) ;
#2915 = VERTEX_POINT ( 'NONE', #1662 ) ;
#2916 = VERTEX_POINT ( 'NONE', #1614 ) ;
#2917 = CARTESIAN_POINT ( 'NONE',  ( 2.121884531974080446, 69.10285215510769774, 1.500000000000000000 ) ) ;
#2918 = CARTESIAN_POINT ( 'NONE',  ( -66.93436546802588794, 81.06129703941357434, 1.500000000000000000 ) ) ;
#2919 = ORIENTED_EDGE ( 'NONE', *, *, #995, .F. ) ;
#2920 = ORIENTED_EDGE ( 'NONE', *, *, #4108, .F. ) ;
#2921 = SURFACE_STYLE_USAGE ( .BOTH. , #2207 ) ;
#2922 = CARTESIAN_POINT ( 'NONE',  ( -54.88386419283836659, 2.619780989487941802, 1.500000000000000000 ) ) ;
#2923 = ORIENTED_EDGE ( 'NONE', *, *, #3931, .T. ) ;
#2924 = VECTOR ( 'NONE', #67, 1000.000000000000000 ) ;
#2925 = DIRECTION ( 'NONE',  ( -0.000000000000000000, -0.000000000000000000, -1.000000000000000000 ) ) ;
#2926 = FACE_OUTER_BOUND ( 'NONE', #206, .T. ) ;
#2927 = EDGE_LOOP ( 'NONE', ( #2237, #1486, #683, #2493 ) ) ;
#2928 = VECTOR ( 'NONE', #3128, 1000.000000000000000 ) ;
#2929 = CARTESIAN_POINT ( 'NONE',  ( 0.000000000000000000, 0.000000000000000000, 0.000000000000000000 ) ) ;
#2930 = LINE ( 'NONE', #3643, #3093 ) ;
#2931 = ORIENTED_EDGE ( 'NONE', *, *, #2388, .T. ) ;
#2932 = CARTESIAN_POINT ( 'NONE',  ( -16.78377918895944632, 40.72173608680434853, 1.500000000000000000 ) ) ;
#2933 = LINE ( 'NONE', #704, #2013 ) ;
#2934 = ORIENTED_EDGE ( 'NONE', *, *, #3616, .F. ) ;
#2935 = ADVANCED_FACE ( 'NONE', ( #3115 ), #3162, .T. ) ;
#2936 = DIRECTION ( 'NONE',  ( -0.000000000000000000, 1.000000000000000000, -0.000000000000000000 ) ) ;
#2937 = EDGE_LOOP ( 'NONE', ( #3381, #3069, #3003, #564 ) ) ;
#2938 = EDGE_LOOP ( 'NONE', ( #897, #1174, #2325, #3971 ) ) ;
#2939 = ORIENTED_EDGE ( 'NONE', *, *, #705, .F. ) ;
#2940 = CARTESIAN_POINT ( 'NONE',  ( -66.88436546802589078, -2.285842729197971490, 1.500000000000000000 ) ) ;
#2941 = LINE ( 'NONE', #2201, #2799 ) ;
#2942 = EDGE_CURVE ( 'NONE', #1863, #3061, #1639, .T. ) ;
#2943 = ORIENTED_EDGE ( 'NONE', *, *, #1249, .F. ) ;
#2944 = VERTEX_POINT ( 'NONE', #2608 ) ;
#2945 = LINE ( 'NONE', #398, #250 ) ;
#2946 = PLANE ( 'NONE',  #2972 ) ;
#2947 = ORIENTED_EDGE ( 'NONE', *, *, #1972, .T. ) ;
#2948 = CARTESIAN_POINT ( 'NONE',  ( -49.50936546802591209, 74.77268863487022088, 1.500000000000000000 ) ) ;
#2949 = EDGE_CURVE ( 'NONE', #4177, #4824, #743, .T. ) ;
#2950 = CARTESIAN_POINT ( 'NONE',  ( -5.021865468025911383, 81.06129703941358855, 1.500000000000000000 ) ) ;
#2951 = VECTOR ( 'NONE', #3355, 1000.000000000000000 ) ;
#2952 = ORIENTED_EDGE ( 'NONE', *, *, #4620, .F. ) ;
#2953 = CARTESIAN_POINT ( 'NONE',  ( -40.88486674321343628, 35.67078353961546355, 1.500000000000000000 ) ) ;
#2954 = VECTOR ( 'NONE', #2002, 1000.000000000000000 ) ;
#2955 = ORIENTED_EDGE ( 'NONE', *, *, #2801, .F. ) ;
#2956 = CARTESIAN_POINT ( 'NONE',  ( 2.121884531974080446, 69.10285215510769774, 0.000000000000000000 ) ) ;
#2957 = DIRECTION ( 'NONE',  ( -1.000000000000000000, -1.239088197126291556E-16, 0.000000000000000000 ) ) ;
#2958 = VERTEX_POINT ( 'NONE', #2633 ) ;
#2959 = DIRECTION ( 'NONE',  ( 1.000000000000000000, 0.000000000000000000, 0.000000000000000000 ) ) ;
#2960 = DIRECTION ( 'NONE',  ( -0.000000000000000000, -1.000000000000000000, -0.000000000000000000 ) ) ;
#2961 = ORIENTED_EDGE ( 'NONE', *, *, #4259, .F. ) ;
#2962 = DIRECTION ( 'NONE',  ( -0.000000000000000000, -0.000000000000000000, -1.000000000000000000 ) ) ;
#2963 = DIRECTION ( 'NONE',  ( 0.000000000000000000, -0.000000000000000000, -1.000000000000000000 ) ) ;
#2964 = EDGE_CURVE ( 'NONE', #4603, #312, #1546, .T. ) ;
#2965 = AXIS2_PLACEMENT_3D ( 'NONE', #1311, #2816, #3573 ) ;
#2966 = CIRCLE ( 'NONE', #3832, 1.100000000000003642 ) ;
#2967 = ADVANCED_FACE ( 'NONE', ( #170 ), #1183, .T. ) ;
#2968 = VERTEX_POINT ( 'NONE', #3048 ) ;
#2969 = VERTEX_POINT ( 'NONE', #2399 ) ;
#2970 = DIRECTION ( 'NONE',  ( -1.000000000000000000, 0.000000000000000000, 0.000000000000000000 ) ) ;
#2971 = CARTESIAN_POINT ( 'NONE',  ( -64.40936546802592488, 73.67113234831137447, 1.500000000000000000 ) ) ;
#2972 = AXIS2_PLACEMENT_3D ( 'NONE', #1078, #2581, #4073 ) ;
#2973 = CARTESIAN_POINT ( 'NONE',  ( -40.88486674321342207, 54.72160087992028821, 1.500000000000000000 ) ) ;
#2974 = DIRECTION ( 'NONE',  ( 0.000000000000000000, 0.000000000000000000, 1.000000000000000000 ) ) ;
#2975 = ORIENTED_EDGE ( 'NONE', *, *, #4775, .T. ) ;
#2976 =( LENGTH_UNIT ( ) NAMED_UNIT ( * ) SI_UNIT ( .MILLI., .METRE. ) );
#2977 = VECTOR ( 'NONE', #4490, 1000.000000000000000 ) ;
#2978 = EDGE_CURVE ( 'NONE', #3899, #2787, #1640, .T. ) ;
#2979 = CARTESIAN_POINT ( 'NONE',  ( -92.98779938972202785, 16.62003100198857553, 1.500000000000000000 ) ) ;
#2980 = ORIENTED_EDGE ( 'NONE', *, *, #2803, .T. ) ;
#2981 = DIRECTION ( 'NONE',  ( -1.000000000000000000, -9.916895674937910995E-16, -0.000000000000000000 ) ) ;
#2982 = DIRECTION ( 'NONE',  ( 0.000000000000000000, -1.000000000000000000, 0.000000000000000000 ) ) ;
#2983 = EDGE_CURVE ( 'NONE', #3323, #3079, #4151, .T. ) ;
#2984 = ORIENTED_EDGE ( 'NONE', *, *, #4755, .F. ) ;
#2985 = CARTESIAN_POINT ( 'NONE',  ( -94.81643493697376357, 102.4915470394135468, 1.500000000000000000 ) ) ;
#2986 = PRESENTATION_LAYER_ASSIGNMENT (  '', '', ( #4474 ) ) ;
#2987 = DIRECTION ( 'NONE',  ( 1.000000000000000000, 5.782411586589365527E-16, -0.000000000000000000 ) ) ;
#2988 = VERTEX_POINT ( 'NONE', #3902 ) ;
#2989 = CARTESIAN_POINT ( 'NONE',  ( -97.89061546802591351, 100.1102970394135099, 0.000000000000000000 ) ) ;
#2990 = DIRECTION ( 'NONE',  ( -0.000000000000000000, -1.000000000000000000, -0.000000000000000000 ) ) ;
#2991 = AXIS2_PLACEMENT_3D ( 'NONE', #3635, #1396, #4699 ) ;
#2992 = EDGE_CURVE ( 'NONE', #3757, #1015, #2686, .T. ) ;
#2993 = VERTEX_POINT ( 'NONE', #35 ) ;
#2994 = ORIENTED_EDGE ( 'NONE', *, *, #2635, .F. ) ;
#2995 = DIRECTION ( 'NONE',  ( 1.000000000000000000, 0.000000000000000000, 0.000000000000000000 ) ) ;
#2996 = PLANE ( 'NONE',  #1020 ) ;
#2997 = ADVANCED_FACE ( 'NONE', ( #1870 ), #1663, .T. ) ;
#2998 = AXIS2_PLACEMENT_3D ( 'NONE', #1390, #1290, #4361 ) ;
#2999 = LINE ( 'NONE', #2260, #2842 ) ;
#3000 = DIRECTION ( 'NONE',  ( 1.040703997586385372E-16, 1.000000000000000000, 0.000000000000000000 ) ) ;
#3001 = CARTESIAN_POINT ( 'NONE',  ( -78.98779938972202785, 16.62003100198857553, 1.500000000000000000 ) ) ;
#3002 = ORIENTED_EDGE ( 'NONE', *, *, #4216, .T. ) ;
#3003 = ORIENTED_EDGE ( 'NONE', *, *, #670, .F. ) ;
#3004 = CARTESIAN_POINT ( 'NONE',  ( -59.93684684209464564, 2.619780989487944911, 1.500000000000000000 ) ) ;
#3005 = VERTEX_POINT ( 'NONE', #2774 ) ;
#3006 = DIRECTION ( 'NONE',  ( 0.000000000000000000, 0.000000000000000000, 1.000000000000000000 ) ) ;
#3007 = CARTESIAN_POINT ( 'NONE',  ( 4.657418437906826192, 33.63838606104052786, 1.500000000000000000 ) ) ;
#3008 = VERTEX_POINT ( 'NONE', #797 ) ;
#3009 = DIRECTION ( 'NONE',  ( -1.239088197126291063E-16, 1.000000000000000000, 0.000000000000000000 ) ) ;
#3010 = DIRECTION ( 'NONE',  ( -1.000000000000000000, 1.586155646917396360E-15, 0.000000000000000000 ) ) ;
#3011 = VERTEX_POINT ( 'NONE', #4100 ) ;
#3012 = EDGE_CURVE ( 'NONE', #574, #3137, #2660, .T. ) ;
#3013 = DIRECTION ( 'NONE',  ( -0.000000000000000000, -0.000000000000000000, -1.000000000000000000 ) ) ;
#3014 = DIRECTION ( 'NONE',  ( -1.000000000000000000, -5.594754205932050674E-17, 0.000000000000000000 ) ) ;
#3015 = ADVANCED_FACE ( 'NONE', ( #4544 ), #4662, .T. ) ;
#3016 = EDGE_CURVE ( 'NONE', #454, #2291, #2006, .T. ) ;
#3017 = EDGE_LOOP ( 'NONE', ( #1990, #4372, #1577, #4503 ) ) ;
#3018 = ORIENTED_EDGE ( 'NONE', *, *, #4013, .F. ) ;
#3019 = CARTESIAN_POINT ( 'NONE',  ( -35.20936546802590783, 74.77268863487022088, 0.000000000000000000 ) ) ;
#3020 = DIRECTION ( 'NONE',  ( -7.434600983417268502E-16, -1.000000000000000000, 0.000000000000000000 ) ) ;
#3021 = EDGE_CURVE ( 'NONE', #1454, #2385, #3530, .T. ) ;
#3022 = CARTESIAN_POINT ( 'NONE',  ( -69.31561546802588225, 78.68004703941353739, 1.500000000000000000 ) ) ;
#3023 = CARTESIAN_POINT ( 'NONE',  ( -45.50311546802591778, 81.06129703941358855, 0.000000000000000000 ) ) ;
#3024 = CARTESIAN_POINT ( 'NONE',  ( -35.83386419283842628, 54.72160087992027400, 0.000000000000000000 ) ) ;
#3025 = EDGE_LOOP ( 'NONE', ( #3360, #1071, #405, #187 ) ) ;
#3026 = ORIENTED_EDGE ( 'NONE', *, *, #1162, .T. ) ;
#3027 = AXIS2_PLACEMENT_3D ( 'NONE', #389, #2594, #2959 ) ;
#3028 = DIRECTION ( 'NONE',  ( 2.078216572391037700E-16, -1.000000000000000000, 0.000000000000000000 ) ) ;
#3029 = ORIENTED_EDGE ( 'NONE', *, *, #3764, .T. ) ;
#3030 = EDGE_CURVE ( 'NONE', #71, #4018, #745, .T. ) ;
#3031 = DIRECTION ( 'NONE',  ( -1.449045151055239742E-15, -1.000000000000000000, -0.000000000000000000 ) ) ;
#3032 = CARTESIAN_POINT ( 'NONE',  ( -73.30936546802590215, 59.77268863487022088, 0.000000000000000000 ) ) ;
#3033 = VECTOR ( 'NONE', #3333, 1000.000000000000000 ) ;
#3034 = ORIENTED_EDGE ( 'NONE', *, *, #3733, .T. ) ;
#3035 = DIRECTION ( 'NONE',  ( -0.000000000000000000, -0.000000000000000000, -1.000000000000000000 ) ) ;
#3036 = FACE_OUTER_BOUND ( 'NONE', #2689, .T. ) ;
#3037 = ORIENTED_EDGE ( 'NONE', *, *, #228, .T. ) ;
#3038 = CARTESIAN_POINT ( 'NONE',  ( -16.78377918895944632, 40.72173608680434853, 1.500000000000000000 ) ) ;
#3039 = DIRECTION ( 'NONE',  ( 1.000000000000000000, 0.000000000000000000, 0.000000000000000000 ) ) ;
#3040 = VERTEX_POINT ( 'NONE', #3023 ) ;
#3041 = ORIENTED_EDGE ( 'NONE', *, *, #63, .T. ) ;
#3042 = CARTESIAN_POINT ( 'NONE',  ( -95.56358394725769756, 100.1102970394135525, 1.500000000000000000 ) ) ;
#3043 = VECTOR ( 'NONE', #559, 1000.000000000000000 ) ;
#3044 = PLANE ( 'NONE',  #2122 ) ;
#3045 = AXIS2_PLACEMENT_3D ( 'NONE', #136, #3129, #4625 ) ;
#3046 = VECTOR ( 'NONE', #4271, 1000.000000000000000 ) ;
#3047 = CARTESIAN_POINT ( 'NONE',  ( -73.93093154632978781, 54.72160087992026689, 1.500000000000000000 ) ) ;
#3048 = CARTESIAN_POINT ( 'NONE',  ( -5.021865468025911383, 81.06129703941358855, 1.500000000000000000 ) ) ;
#3049 = DIRECTION ( 'NONE',  ( -0.000000000000000000, -0.000000000000000000, -1.000000000000000000 ) ) ;
#3050 = ORIENTED_EDGE ( 'NONE', *, *, #720, .T. ) ;
#3051 = VECTOR ( 'NONE', #4252, 1000.000000000000000 ) ;
#3052 = VERTEX_POINT ( 'NONE', #3366 ) ;
#3053 = ADVANCED_FACE ( 'NONE', ( #4174 ), #886, .F. ) ;
#3054 = EDGE_CURVE ( 'NONE', #2968, #2767, #12, .T. ) ;
#3055 = FACE_OUTER_BOUND ( 'NONE', #133, .T. ) ;
#3056 = ORIENTED_EDGE ( 'NONE', *, *, #4775, .F. ) ;
#3057 = DIRECTION ( 'NONE',  ( -1.000000000000000000, -9.985137972241661414E-16, 0.000000000000000000 ) ) ;
#3058 = DIRECTION ( 'NONE',  ( -1.000000000000000000, 0.000000000000000000, 0.000000000000000000 ) ) ;
#3059 = VECTOR ( 'NONE', #907, 1000.000000000000000 ) ;
#3060 = EDGE_CURVE ( 'NONE', #2602, #4481, #3140, .T. ) ;
#3061 = VERTEX_POINT ( 'NONE', #1894 ) ;
#3062 = LINE ( 'NONE', #4163, #1433 ) ;
#3063 = LINE ( 'NONE', #2698, #2161 ) ;
#3064 = ORIENTED_EDGE ( 'NONE', *, *, #2096, .F. ) ;
#3065 = VECTOR ( 'NONE', #2508, 1000.000000000000000 ) ;
#3066 = CARTESIAN_POINT ( 'NONE',  ( -16.78377918895944632, 12.14540727080204086, 1.500000000000000000 ) ) ;
#3067 = DIRECTION ( 'NONE',  ( -0.000000000000000000, -0.000000000000000000, -1.000000000000000000 ) ) ;
#3068 = VECTOR ( 'NONE', #193, 1000.000000000000000 ) ;
#3069 = ORIENTED_EDGE ( 'NONE', *, *, #2228, .F. ) ;
#3070 = ORIENTED_EDGE ( 'NONE', *, *, #2887, .T. ) ;
#3071 = AXIS2_PLACEMENT_3D ( 'NONE', #307, #4055, #750 ) ;
#3072 = DIRECTION ( 'NONE',  ( -0.000000000000000000, -0.000000000000000000, -1.000000000000000000 ) ) ;
#3073 = LINE ( 'NONE', #3042, #1105 ) ;
#3074 = LINE ( 'NONE', #8, #406 ) ;
#3075 = DIRECTION ( 'NONE',  ( -1.000000000000000000, -0.000000000000000000, -0.000000000000000000 ) ) ;
#3076 = DIRECTION ( 'NONE',  ( 0.000000000000000000, 0.000000000000000000, 1.000000000000000000 ) ) ;
#3077 = EDGE_CURVE ( 'NONE', #3386, #2449, #4638, .T. ) ;
#3078 = VECTOR ( 'NONE', #3576, 1000.000000000000000 ) ;
#3079 = VERTEX_POINT ( 'NONE', #4686 ) ;
#3080 = DIRECTION ( 'NONE',  ( -0.000000000000000000, -0.000000000000000000, 1.000000000000000000 ) ) ;
#3081 = ORIENTED_EDGE ( 'NONE', *, *, #2316, .T. ) ;
#3082 = CYLINDRICAL_SURFACE ( 'NONE', #4654, 1.100000000000003642 ) ;
#3083 = PLANE ( 'NONE',  #3907 ) ;
#3084 = VERTEX_POINT ( 'NONE', #1009 ) ;
#3085 = LINE ( 'NONE', #4580, #4023 ) ;
#3086 = DIRECTION ( 'NONE',  ( 0.000000000000000000, 1.000000000000000000, -0.000000000000000000 ) ) ;
#3087 = EDGE_LOOP ( 'NONE', ( #4054, #2466, #3853, #4781 ) ) ;
#3088 = LINE ( 'NONE', #3066, #1080 ) ;
#3089 = PLANE ( 'NONE',  #1696 ) ;
#3090 = EDGE_CURVE ( 'NONE', #3751, #948, #4714, .T. ) ;
#3091 = VERTEX_POINT ( 'NONE', #958 ) ;
#3092 = VERTEX_POINT ( 'NONE', #2056 ) ;
#3093 = VECTOR ( 'NONE', #4499, 1000.000000000000000 ) ;
#3094 = CARTESIAN_POINT ( 'NONE',  ( -35.83386419283842628, 21.67078353961545645, 0.000000000000000000 ) ) ;
#3095 = EDGE_CURVE ( 'NONE', #2385, #591, #526, .T. ) ;
#3096 = DIRECTION ( 'NONE',  ( -0.000000000000000000, -1.000000000000000000, -0.000000000000000000 ) ) ;
#3097 = FACE_OUTER_BOUND ( 'NONE', #1401, .T. ) ;
#3098 = CARTESIAN_POINT ( 'NONE',  ( -69.31561546802588225, 78.68004703941353739, 1.500000000000000000 ) ) ;
#3099 = DIRECTION ( 'NONE',  ( -0.000000000000000000, -0.000000000000000000, -1.000000000000000000 ) ) ;
#3100 = VERTEX_POINT ( 'NONE', #2156 ) ;
#3101 = CARTESIAN_POINT ( 'NONE',  ( -73.93093154632978781, 54.72160087992026689, 1.500000000000000000 ) ) ;
#3102 = EDGE_CURVE ( 'NONE', #2916, #4582, #2424, .T. ) ;
#3103 = ORIENTED_EDGE ( 'NONE', *, *, #3090, .T. ) ;
#3104 = DIRECTION ( 'NONE',  ( 0.000000000000000000, 0.000000000000000000, 1.000000000000000000 ) ) ;
#3105 = PLANE ( 'NONE',  #224 ) ;
#3106 = VERTEX_POINT ( 'NONE', #3928 ) ;
#3107 = PLANE ( 'NONE',  #4178 ) ;
#3108 = ORIENTED_EDGE ( 'NONE', *, *, #2127, .F. ) ;
#3109 = CARTESIAN_POINT ( 'NONE',  ( -59.93684684209465274, 54.72160087992026689, 0.000000000000000000 ) ) ;
#3110 = LINE ( 'NONE', #4631, #3424 ) ;
#3111 = VECTOR ( 'NONE', #3763, 1000.000000000000000 ) ;
#3112 = VECTOR ( 'NONE', #4283, 1000.000000000000000 ) ;
#3113 = EDGE_LOOP ( 'NONE', ( #998, #2994, #1685, #3543 ) ) ;
#3114 = ORIENTED_EDGE ( 'NONE', *, *, #1375, .T. ) ;
#3115 = FACE_OUTER_BOUND ( 'NONE', #665, .T. ) ;
#3116 = EDGE_CURVE ( 'NONE', #3950, #3729, #3976, .T. ) ;
#3117 = CARTESIAN_POINT ( 'NONE',  ( -50.26561546802592062, 97.73004703941356297, 1.500000000000000000 ) ) ;
#3118 = FACE_BOUND ( 'NONE', #2264, .T. ) ;
#3119 = EDGE_CURVE ( 'NONE', #1818, #2912, #4022, .T. ) ;
#3120 = EDGE_CURVE ( 'NONE', #3061, #1165, #3286, .T. ) ;
#3121 = LINE ( 'NONE', #521, #3293 ) ;
#3122 = DIRECTION ( 'NONE',  ( 1.000000000000000000, -1.982560262244605854E-15, 0.000000000000000000 ) ) ;
#3123 = ORIENTED_EDGE ( 'NONE', *, *, #2388, .F. ) ;
#3124 = CIRCLE ( 'NONE', #3988, 5.000000000000011546 ) ;
#3125 = AXIS2_PLACEMENT_3D ( 'NONE', #823, #3076, #4201 ) ;
#3126 = DIRECTION ( 'NONE',  ( -0.000000000000000000, -0.000000000000000000, -1.000000000000000000 ) ) ;
#3127 = ORIENTED_EDGE ( 'NONE', *, *, #633, .F. ) ;
#3128 = DIRECTION ( 'NONE',  ( -0.000000000000000000, -0.000000000000000000, -1.000000000000000000 ) ) ;
#3129 = DIRECTION ( 'NONE',  ( 0.000000000000000000, 0.000000000000000000, 1.000000000000000000 ) ) ;
#3130 = VERTEX_POINT ( 'NONE', #3243 ) ;
#3131 = DIRECTION ( 'NONE',  ( 0.000000000000000000, 0.000000000000000000, 1.000000000000000000 ) ) ;
#3132 = ORIENTED_EDGE ( 'NONE', *, *, #3238, .F. ) ;
#3133 = CIRCLE ( 'NONE', #4401, 4.999999999999990230 ) ;
#3134 = CARTESIAN_POINT ( 'NONE',  ( -41.50936546802593341, 59.77268863487022088, 1.500000000000000000 ) ) ;
#3135 = LINE ( 'NONE', #835, #687 ) ;
#3136 = VECTOR ( 'NONE', #2531, 1000.000000000000000 ) ;
#3137 = VERTEX_POINT ( 'NONE', #247 ) ;
#3138 = ORIENTED_EDGE ( 'NONE', *, *, #723, .T. ) ;
#3139 = CARTESIAN_POINT ( 'NONE',  ( -26.30936546802591280, 73.67113234831137447, 1.500000000000000000 ) ) ;
#3140 = LINE ( 'NONE', #2261, #2882 ) ;
#3141 = CARTESIAN_POINT ( 'NONE',  ( -1.053115468025901613, 0.8891572708020246685, 0.000000000000000000 ) ) ;
#3142 = FACE_BOUND ( 'NONE', #2647, .T. ) ;
#3143 = EDGE_CURVE ( 'NONE', #370, #2457, #619, .T. ) ;
#3144 = VECTOR ( 'NONE', #618, 1000.000000000000000 ) ;
#3145 = VECTOR ( 'NONE', #78, 1000.000000000000000 ) ;
#3146 = CARTESIAN_POINT ( 'NONE',  ( -31.41989937395864274, -4.821376635130702581, 0.000000000000000000 ) ) ;
#3147 = CARTESIAN_POINT ( 'NONE',  ( -41.50936546802593341, 59.77268863487022088, 0.000000000000000000 ) ) ;
#3148 = ORIENTED_EDGE ( 'NONE', *, *, #2121, .T. ) ;
#3149 = LINE ( 'NONE', #2805, #2186 ) ;
#3150 = ORIENTED_EDGE ( 'NONE', *, *, #1627, .T. ) ;
#3151 = CARTESIAN_POINT ( 'NONE',  ( -78.98779938972204206, 73.67113234831137447, 0.000000000000000000 ) ) ;
#3152 = ORIENTED_EDGE ( 'NONE', *, *, #267, .F. ) ;
#3153 = LINE ( 'NONE', #2095, #1575 ) ;
#3154 = ORIENTED_EDGE ( 'NONE', *, *, #1601, .T. ) ;
#3155 = PLANE ( 'NONE',  #3906 ) ;
#3156 = CARTESIAN_POINT ( 'NONE',  ( -95.56358394725769756, 100.1102970394135525, 0.000000000000000000 ) ) ;
#3157 = CIRCLE ( 'NONE', #4416, 5.000000000000004441 ) ;
#3158 = ADVANCED_FACE ( 'NONE', ( #1347 ), #3952, .T. ) ;
#3159 = ORIENTED_EDGE ( 'NONE', *, *, #1719, .T. ) ;
#3160 = ADVANCED_FACE ( 'NONE', ( #3633 ), #2108, .F. ) ;
#3161 = EDGE_LOOP ( 'NONE', ( #1233, #15, #1201, #418 ) ) ;
#3162 = PLANE ( 'NONE',  #2538 ) ;
#3163 = DIRECTION ( 'NONE',  ( -9.912801311223031243E-16, 1.000000000000000000, -0.000000000000000000 ) ) ;
#3164 = DIRECTION ( 'NONE',  ( -1.000000000000000000, 1.688550965067719734E-16, 0.000000000000000000 ) ) ;
#3165 = FACE_BOUND ( 'NONE', #287, .T. ) ;
#3166 = VECTOR ( 'NONE', #4637, 1000.000000000000000 ) ;
#3167 = EDGE_CURVE ( 'NONE', #4253, #4824, #985, .T. ) ;
#3168 = PLANE ( 'NONE',  #1025 ) ;
#3169 = DIRECTION ( 'NONE',  ( -1.000000000000000000, 9.696270957424972530E-16, 0.000000000000000000 ) ) ;
#3170 = EDGE_LOOP ( 'NONE', ( #1911, #3123, #3709, #3969 ) ) ;
#3171 = CARTESIAN_POINT ( 'NONE',  ( -50.40936546802591778, 59.77268863487022799, 0.000000000000000000 ) ) ;
#3172 = VERTEX_POINT ( 'NONE', #3216 ) ;
#3173 = FACE_BOUND ( 'NONE', #2286, .T. ) ;
#3174 = CARTESIAN_POINT ( 'NONE',  ( -65.30936546802591636, 59.77268863487022088, 0.000000000000000000 ) ) ;
#3175 = ORIENTED_EDGE ( 'NONE', *, *, #191, .F. ) ;
#3176 = DIRECTION ( 'NONE',  ( -0.000000000000000000, -0.000000000000000000, -1.000000000000000000 ) ) ;
#3177 = EDGE_CURVE ( 'NONE', #2912, #755, #4834, .T. ) ;
#3178 = ORIENTED_EDGE ( 'NONE', *, *, #2843, .F. ) ;
#3179 = DIRECTION ( 'NONE',  ( 0.000000000000000000, 1.000000000000000000, 0.000000000000000000 ) ) ;
#3180 = DIRECTION ( 'NONE',  ( -1.000000000000000000, 0.000000000000000000, 0.000000000000000000 ) ) ;
#3181 = EDGE_LOOP ( 'NONE', ( #4289, #4041, #2501, #2952 ) ) ;
#3182 = LINE ( 'NONE', #4385, #3465 ) ;
#3183 = CIRCLE ( 'NONE', #3654, 3.174999999999999822 ) ;
#3184 = EDGE_LOOP ( 'NONE', ( #4804, #2245, #2406, #1345 ) ) ;
#3185 = ORIENTED_EDGE ( 'NONE', *, *, #1223, .T. ) ;
#3186 = DIRECTION ( 'NONE',  ( 0.000000000000000000, 0.000000000000000000, -1.000000000000000000 ) ) ;
#3187 = CARTESIAN_POINT ( 'NONE',  ( -94.71561546802591636, 0.8891572708020266669, 1.500000000000000000 ) ) ;
#3188 = CARTESIAN_POINT ( 'NONE',  ( -35.83386419283842628, 54.72160087992027400, 1.500000000000000000 ) ) ;
#3189 = FACE_BOUND ( 'NONE', #3181, .T. ) ;
#3190 = AXIS2_PLACEMENT_3D ( 'NONE', #1264, #1929, #4533 ) ;
#3191 = CARTESIAN_POINT ( 'NONE',  ( -59.93684684209464564, 40.72173608680434853, 1.500000000000000000 ) ) ;
#3192 = FACE_OUTER_BOUND ( 'NONE', #277, .T. ) ;
#3193 = VERTEX_POINT ( 'NONE', #291 ) ;
#3194 = ADVANCED_FACE ( 'NONE', ( #4764 ), #930, .T. ) ;
#3195 = LINE ( 'NONE', #1673, #1794 ) ;
#3196 = ORIENTED_EDGE ( 'NONE', *, *, #4715, .F. ) ;
#3197 = DIRECTION ( 'NONE',  ( 1.000000000000000000, 5.594754205932050674E-17, -0.000000000000000000 ) ) ;
#3198 = CARTESIAN_POINT ( 'NONE',  ( -78.98779938972202785, 59.77268863487023509, 1.500000000000000000 ) ) ;
#3199 = EDGE_CURVE ( 'NONE', #2040, #1519, #453, .T. ) ;
#3200 = AXIS2_PLACEMENT_3D ( 'NONE', #1608, #2768, #900 ) ;
#3201 = VECTOR ( 'NONE', #4671, 1000.000000000000000 ) ;
#3202 = ORIENTED_EDGE ( 'NONE', *, *, #1611, .F. ) ;
#3203 = CARTESIAN_POINT ( 'NONE',  ( -65.30936546802591636, 74.77268863487022088, 1.500000000000000000 ) ) ;
#3204 = AXIS2_PLACEMENT_3D ( 'NONE', #1299, #153, #129 ) ;
#3205 = ORIENTED_EDGE ( 'NONE', *, *, #2983, .T. ) ;
#3206 = DIRECTION ( 'NONE',  ( 0.000000000000000000, 0.000000000000000000, -1.000000000000000000 ) ) ;
#3207 = CARTESIAN_POINT ( 'NONE',  ( 4.657418437906815534, 66.56731824917504525, 1.500000000000000000 ) ) ;
#3208 = EDGE_CURVE ( 'NONE', #4445, #4587, #3264, .T. ) ;
#3209 = VERTEX_POINT ( 'NONE', #2876 ) ;
#3210 = LINE ( 'NONE', #4312, #1403 ) ;
#3211 = EDGE_CURVE ( 'NONE', #1590, #3886, #2900, .T. ) ;
#3212 = ORIENTED_EDGE ( 'NONE', *, *, #4649, .T. ) ;
#3213 = ORIENTED_EDGE ( 'NONE', *, *, #293, .T. ) ;
#3214 = ORIENTED_EDGE ( 'NONE', *, *, #3602, .F. ) ;
#3215 = DIRECTION ( 'NONE',  ( -1.000000000000000000, -0.000000000000000000, -0.000000000000000000 ) ) ;
#3216 = CARTESIAN_POINT ( 'NONE',  ( -64.34883156209315302, -4.821376635130707911, 0.000000000000000000 ) ) ;
#3217 = DIRECTION ( 'NONE',  ( 0.000000000000000000, -0.000000000000000000, -1.000000000000000000 ) ) ;
#3218 = CARTESIAN_POINT ( 'NONE',  ( -100.4261493739585944, 33.63838606104043549, 0.000000000000000000 ) ) ;
#3219 = VECTOR ( 'NONE', #3934, 1000.000000000000000 ) ;
#3220 = DIRECTION ( 'NONE',  ( -0.000000000000000000, -0.000000000000000000, 1.000000000000000000 ) ) ;
#3221 = DIRECTION ( 'NONE',  ( 0.000000000000000000, -1.000000000000000000, 0.000000000000000000 ) ) ;
#3222 = VERTEX_POINT ( 'NONE', #3581 ) ;
#3223 = DIRECTION ( 'NONE',  ( 0.000000000000000000, -0.000000000000000000, -1.000000000000000000 ) ) ;
#3224 = VECTOR ( 'NONE', #3096, 1000.000000000000000 ) ;
#3225 = EDGE_CURVE ( 'NONE', #2291, #2787, #1714, .T. ) ;
#3226 = AXIS2_PLACEMENT_3D ( 'NONE', #2826, #620, #220 ) ;
#3227 = FACE_BOUND ( 'NONE', #1633, .T. ) ;
#3228 = EDGE_CURVE ( 'NONE', #3630, #3949, #344, .T. ) ;
#3229 = CARTESIAN_POINT ( 'NONE',  ( -16.78377918895946053, 35.04540727080203766, 1.500000000000000000 ) ) ;
#3230 = EDGE_CURVE ( 'NONE', #2253, #2132, #3659, .T. ) ;
#3231 = DIRECTION ( 'NONE',  ( 0.000000000000000000, -0.000000000000000000, 1.000000000000000000 ) ) ;
#3232 = ORIENTED_EDGE ( 'NONE', *, *, #4208, .F. ) ;
#3233 = FACE_OUTER_BOUND ( 'NONE', #893, .T. ) ;
#3234 = DIRECTION ( 'NONE',  ( 0.7071067811865474617, 0.7071067811865474617, 0.000000000000000000 ) ) ;
#3235 = VECTOR ( 'NONE', #241, 1000.000000000000000 ) ;
#3236 = ORIENTED_EDGE ( 'NONE', *, *, #734, .T. ) ;
#3237 = CARTESIAN_POINT ( 'NONE',  ( -59.93684684209464564, 2.619780989487944911, 1.500000000000000000 ) ) ;
#3238 = EDGE_CURVE ( 'NONE', #860, #1754, #4518, .T. ) ;
#3239 = ORIENTED_EDGE ( 'NONE', *, *, #373, .F. ) ;
#3240 = VERTEX_POINT ( 'NONE', #2251 ) ;
#3241 = VERTEX_POINT ( 'NONE', #3406 ) ;
#3242 = CARTESIAN_POINT ( 'NONE',  ( -21.83474173683937281, 40.72173608680434853, 0.000000000000000000 ) ) ;
#3243 = CARTESIAN_POINT ( 'NONE',  ( -49.50936546802591209, 59.77268863487022088, 0.000000000000000000 ) ) ;
#3244 = CARTESIAN_POINT ( 'NONE',  ( 2.121884531974085775, 102.4915470394135184, 1.500000000000000000 ) ) ;
#3245 = FACE_OUTER_BOUND ( 'NONE', #1857, .T. ) ;
#3246 = EDGE_CURVE ( 'NONE', #2197, #1734, #3753, .T. ) ;
#3247 = FACE_OUTER_BOUND ( 'NONE', #4609, .T. ) ;
#3248 = CARTESIAN_POINT ( 'NONE',  ( -31.41989937395864274, -4.821376635130702581, 1.500000000000000000 ) ) ;
#3249 = ORIENTED_EDGE ( 'NONE', *, *, #3589, .T. ) ;
#3250 = DIRECTION ( 'NONE',  ( -0.000000000000000000, -0.000000000000000000, -1.000000000000000000 ) ) ;
#3251 = CARTESIAN_POINT ( 'NONE',  ( -66.88436546802589078, -2.285842729197971490, 1.500000000000000000 ) ) ;
#3252 = VECTOR ( 'NONE', #2289, 1000.000000000000000 ) ;
#3253 = LINE ( 'NONE', #4751, #1867 ) ;
#3254 = EDGE_CURVE ( 'NONE', #3040, #2897, #1123, .T. ) ;
#3255 = DIRECTION ( 'NONE',  ( 0.000000000000000000, -1.000000000000000000, 0.000000000000000000 ) ) ;
#3256 = CARTESIAN_POINT ( 'NONE',  ( -73.93093154632981623, 16.62003100198857908, 0.000000000000000000 ) ) ;
#3257 = CARTESIAN_POINT ( 'NONE',  ( -16.78377918895944987, 3.245407270802034727, 1.500000000000000000 ) ) ;
#3258 = ORIENTED_EDGE ( 'NONE', *, *, #3586, .T. ) ;
#3259 = CARTESIAN_POINT ( 'NONE',  ( -35.83386419283842628, 35.67078353961546355, 0.000000000000000000 ) ) ;
#3260 = ORIENTED_EDGE ( 'NONE', *, *, #4179, .F. ) ;
#3261 = ORIENTED_EDGE ( 'NONE', *, *, #3737, .F. ) ;
#3262 = VERTEX_POINT ( 'NONE', #2573 ) ;
#3263 = DIRECTION ( 'NONE',  ( -1.000000000000000000, 1.165588477296747100E-14, -0.000000000000000000 ) ) ;
#3264 = LINE ( 'NONE', #4738, #2724 ) ;
#3265 = PLANE ( 'NONE',  #2991 ) ;
#3266 = ADVANCED_FACE ( 'NONE', ( #1466 ), #4463, .T. ) ;
#3267 = CARTESIAN_POINT ( 'NONE',  ( -94.71561546802591636, -2.285842729197973267, 1.500000000000000000 ) ) ;
#3268 = FACE_OUTER_BOUND ( 'NONE', #3717, .T. ) ;
#3269 = ORIENTED_EDGE ( 'NONE', *, *, #2140, .F. ) ;
#3270 = AXIS2_PLACEMENT_3D ( 'NONE', #4515, #1915, #2377 ) ;
#3271 = ADVANCED_FACE ( 'NONE', ( #1492 ), #736, .T. ) ;
#3272 = VECTOR ( 'NONE', #1116, 1000.000000000000000 ) ;
#3273 = FACE_BOUND ( 'NONE', #1048, .T. ) ;
#3274 = CARTESIAN_POINT ( 'NONE',  ( -65.30936546802591636, 59.77268863487022088, 1.500000000000000000 ) ) ;
#3275 = LINE ( 'NONE', #1062, #4107 ) ;
#3276 = CARTESIAN_POINT ( 'NONE',  ( -21.83474173683936215, 2.619780989487944911, 0.000000000000000000 ) ) ;
#3277 = CARTESIAN_POINT ( 'NONE',  ( -3.409365468025916002, 74.77268863487022088, 1.500000000000000000 ) ) ;
#3278 = VECTOR ( 'NONE', #3712, 1000.000000000000000 ) ;
#3279 = ORIENTED_EDGE ( 'NONE', *, *, #410, .F. ) ;
#3280 = DIRECTION ( 'NONE',  ( -1.000000000000000000, -1.239088197126291063E-16, 0.000000000000000000 ) ) ;
#3281 = VECTOR ( 'NONE', #4720, 1000.000000000000000 ) ;
#3282 = ORIENTED_EDGE ( 'NONE', *, *, #4228, .F. ) ;
#3283 = ORIENTED_EDGE ( 'NONE', *, *, #3634, .F. ) ;
#3284 = ORIENTED_EDGE ( 'NONE', *, *, #4569, .F. ) ;
#3285 = DIRECTION ( 'NONE',  ( -0.000000000000000000, -0.000000000000000000, -1.000000000000000000 ) ) ;
#3286 = LINE ( 'NONE', #4788, #1385 ) ;
#3287 = VECTOR ( 'NONE', #2116, 1000.000000000000000 ) ;
#3288 = ORIENTED_EDGE ( 'NONE', *, *, #1278, .F. ) ;
#3289 = ORIENTED_EDGE ( 'NONE', *, *, #256, .F. ) ;
#3290 = CARTESIAN_POINT ( 'NONE',  ( 4.657418437906815534, 66.56731824917504525, 0.000000000000000000 ) ) ;
#3291 = CARTESIAN_POINT ( 'NONE',  ( -39.45936546802594336, 76.29879703941352886, 1.500000000000000000 ) ) ;
#3292 = ORIENTED_EDGE ( 'NONE', *, *, #2351, .F. ) ;
#3293 = VECTOR ( 'NONE', #1228, 1000.000000000000000 ) ;
#3294 = DIRECTION ( 'NONE',  ( 0.000000000000000000, -0.000000000000000000, -1.000000000000000000 ) ) ;
#3295 = DIRECTION ( 'NONE',  ( -0.000000000000000000, 0.000000000000000000, 1.000000000000000000 ) ) ;
#3296 = ORIENTED_EDGE ( 'NONE', *, *, #3254, .T. ) ;
#3297 = DIRECTION ( 'NONE',  ( -4.956400655611515622E-16, 1.000000000000000000, -0.000000000000000000 ) ) ;
#3298 = AXIS2_PLACEMENT_3D ( 'NONE', #2400, #4687, #1715 ) ;
#3299 = ORIENTED_EDGE ( 'NONE', *, *, #50, .T. ) ;
#3300 = AXIS2_PLACEMENT_3D ( 'NONE', #1750, #4727, #1655 ) ;
#3301 = ADVANCED_FACE ( 'NONE', ( #4068 ), #393, .T. ) ;
#3302 = LINE ( 'NONE', #2932, #4025 ) ;
#3303 = PLANE ( 'NONE',  #529 ) ;
#3304 = ORIENTED_EDGE ( 'NONE', *, *, #4269, .T. ) ;
#3305 = DIRECTION ( 'NONE',  ( 0.7071067811865398012, -0.7071067811865552333, 0.000000000000000000 ) ) ;
#3306 = ORIENTED_EDGE ( 'NONE', *, *, #3737, .T. ) ;
#3307 = ORIENTED_EDGE ( 'NONE', *, *, #4451, .T. ) ;
#3308 = ORIENTED_EDGE ( 'NONE', *, *, #4739, .F. ) ;
#3309 = DIRECTION ( 'NONE',  ( -1.000000000000000000, 0.000000000000000000, 0.000000000000000000 ) ) ;
#3310 = DIRECTION ( 'NONE',  ( -1.000000000000000000, 0.000000000000000000, 0.000000000000000000 ) ) ;
#3311 = EDGE_CURVE ( 'NONE', #4064, #3323, #2550, .T. ) ;
#3312 = EDGE_CURVE ( 'NONE', #953, #1597, #4142, .T. ) ;
#3313 = ORIENTED_EDGE ( 'NONE', *, *, #3077, .T. ) ;
#3314 = EDGE_LOOP ( 'NONE', ( #1370, #1910, #503, #362 ) ) ;
#3315 = LINE ( 'NONE', #1447, #1646 ) ;
#3316 = LINE ( 'NONE', #2137, #1258 ) ;
#3317 = VERTEX_POINT ( 'NONE', #2600 ) ;
#3318 = LINE ( 'NONE', #2584, #494 ) ;
#3319 = CARTESIAN_POINT ( 'NONE',  ( -92.98779938972202785, 21.67078353961546355, 0.000000000000000000 ) ) ;
#3320 = ORIENTED_EDGE ( 'NONE', *, *, #1449, .F. ) ;
#3321 = VECTOR ( 'NONE', #904, 1000.000000000000000 ) ;
#3322 = LINE ( 'NONE', #4823, #1991 ) ;
#3323 = VERTEX_POINT ( 'NONE', #367 ) ;
#3324 = ADVANCED_FACE ( 'NONE', ( #4091 ), #2626, .F. ) ;
#3325 = DIRECTION ( 'NONE',  ( 0.000000000000000000, -1.000000000000000000, 0.000000000000000000 ) ) ;
#3326 = DIRECTION ( 'NONE',  ( -5.692061405548903209E-16, 1.000000000000000000, -0.000000000000000000 ) ) ;
#3327 = EDGE_CURVE ( 'NONE', #3193, #1734, #788, .T. ) ;
#3328 = ORIENTED_EDGE ( 'NONE', *, *, #4707, .F. ) ;
#3329 = DIRECTION ( 'NONE',  ( 0.000000000000000000, 0.000000000000000000, 1.000000000000000000 ) ) ;
#3330 = PLANE ( 'NONE',  #1756 ) ;
#3331 = VERTEX_POINT ( 'NONE', #760 ) ;
#3332 = CARTESIAN_POINT ( 'NONE',  ( 6.121884531974079557, 63.03178434324230039, 1.500000000000000000 ) ) ;
#3333 = DIRECTION ( 'NONE',  ( 1.000000000000000000, 0.000000000000000000, 0.000000000000000000 ) ) ;
#3334 = ORIENTED_EDGE ( 'NONE', *, *, #1124, .F. ) ;
#3335 = ORIENTED_EDGE ( 'NONE', *, *, #2511, .F. ) ;
#3336 = CARTESIAN_POINT ( 'NONE',  ( -64.34883156209315302, -4.821376635130707911, 1.500000000000000000 ) ) ;
#3337 = CARTESIAN_POINT ( 'NONE',  ( -16.78377918895944276, 40.72173608680434853, 0.000000000000000000 ) ) ;
#3338 = EDGE_CURVE ( 'NONE', #3240, #4412, #1908, .T. ) ;
#3339 = CARTESIAN_POINT ( 'NONE',  ( -12.30936546802591636, 73.67113234831137447, 1.500000000000000000 ) ) ;
#3340 = CARTESIAN_POINT ( 'NONE',  ( -92.98779938972202785, 16.62003100198857553, 0.000000000000000000 ) ) ;
#3341 = AXIS2_PLACEMENT_3D ( 'NONE', #3677, #26, #2963 ) ;
#3342 = EDGE_CURVE ( 'NONE', #3453, #2224, #3782, .T. ) ;
#3343 = VERTEX_POINT ( 'NONE', #2918 ) ;
#3344 = DIRECTION ( 'NONE',  ( -0.000000000000000000, -0.000000000000000000, -1.000000000000000000 ) ) ;
#3345 = VECTOR ( 'NONE', #4167, 1000.000000000000000 ) ;
#3346 = EDGE_LOOP ( 'NONE', ( #4187, #1541, #692, #1055 ) ) ;
#3347 = EDGE_CURVE ( 'NONE', #1759, #3106, #4486, .T. ) ;
#3348 = LINE ( 'NONE', #2617, #184 ) ;
#3349 = LINE ( 'NONE', #1803, #3502 ) ;
#3350 = ORIENTED_EDGE ( 'NONE', *, *, #4803, .T. ) ;
#3351 = DIRECTION ( 'NONE',  ( -0.000000000000000000, -0.000000000000000000, -1.000000000000000000 ) ) ;
#3352 = DIRECTION ( 'NONE',  ( 1.000000000000000000, 8.673617379884035472E-16, -0.000000000000000000 ) ) ;
#3353 = ORIENTED_EDGE ( 'NONE', *, *, #2175, .F. ) ;
#3354 = CARTESIAN_POINT ( 'NONE',  ( -59.93684684209464564, 16.62003100198857553, 1.500000000000000000 ) ) ;
#3355 = DIRECTION ( 'NONE',  ( -0.000000000000000000, -0.000000000000000000, -1.000000000000000000 ) ) ;
#3356 = EDGE_CURVE ( 'NONE', #3008, #2271, #2941, .T. ) ;
#3357 = VECTOR ( 'NONE', #1858, 1000.000000000000000 ) ;
#3358 = AXIS2_PLACEMENT_3D ( 'NONE', #4403, #1476, #2974 ) ;
#3359 = EDGE_CURVE ( 'NONE', #369, #4177, #3135, .T. ) ;
#3360 = ORIENTED_EDGE ( 'NONE', *, *, #410, .T. ) ;
#3361 = VERTEX_POINT ( 'NONE', #857 ) ;
#3362 = CARTESIAN_POINT ( 'NONE',  ( -19.30936546802593412, 19.14540727080202132, 0.000000000000000000 ) ) ;
#3363 = DIRECTION ( 'NONE',  ( -0.000000000000000000, -1.000000000000000000, -0.000000000000000000 ) ) ;
#3364 = CARTESIAN_POINT ( 'NONE',  ( -11.40936546802590534, 59.77268863487023509, 1.500000000000000000 ) ) ;
#3365 = CARTESIAN_POINT ( 'NONE',  ( -59.93684684209465274, 54.72160087992026689, 1.500000000000000000 ) ) ;
#3366 = CARTESIAN_POINT ( 'NONE',  ( -101.8906154680259135, 37.17391996697324430, 1.500000000000000000 ) ) ;
#3367 = CARTESIAN_POINT ( 'NONE',  ( -11.40936546802591423, 74.77268863487022088, 1.500000000000000000 ) ) ;
#3368 = ORIENTED_EDGE ( 'NONE', *, *, #4755, .T. ) ;
#3369 = VECTOR ( 'NONE', #2995, 1000.000000000000000 ) ;
#3370 = EDGE_CURVE ( 'NONE', #4548, #1754, #3110, .T. ) ;
#3371 = DIRECTION ( 'NONE',  ( -0.000000000000000000, -0.000000000000000000, -1.000000000000000000 ) ) ;
#3372 = ADVANCED_FACE ( 'NONE', ( #2701 ), #1198, .T. ) ;
#3373 = ORIENTED_EDGE ( 'NONE', *, *, #2657, .F. ) ;
#3374 = DIRECTION ( 'NONE',  ( 0.000000000000000000, -1.000000000000000000, 0.000000000000000000 ) ) ;
#3375 = CARTESIAN_POINT ( 'NONE',  ( -1.783779188959455642, 3.245407270802039168, 1.500000000000000000 ) ) ;
#3376 = ADVANCED_FACE ( 'NONE', ( #1635 ), #3430, .T. ) ;
#3377 = ORIENTED_EDGE ( 'NONE', *, *, #2115, .F. ) ;
#3378 = DIRECTION ( 'NONE',  ( -1.000000000000000000, 0.000000000000000000, 0.000000000000000000 ) ) ;
#3379 = VECTOR ( 'NONE', #1543, 1000.000000000000000 ) ;
#3380 = DIRECTION ( 'NONE',  ( -5.782411586589365527E-16, 1.000000000000000000, 0.000000000000000000 ) ) ;
#3381 = ORIENTED_EDGE ( 'NONE', *, *, #4221, .F. ) ;
#3382 = CARTESIAN_POINT ( 'NONE',  ( -78.98779938972202785, 59.77268863487023509, 0.000000000000000000 ) ) ;
#3383 = DIRECTION ( 'NONE',  ( -0.7071067811865470176, 0.7071067811865480168, -0.000000000000000000 ) ) ;
#3384 = ADVANCED_FACE ( 'NONE', ( #4584 ), #3896, .T. ) ;
#3385 = VERTEX_POINT ( 'NONE', #1954 ) ;
#3386 = VERTEX_POINT ( 'NONE', #4607 ) ;
#3387 = FILL_AREA_STYLE_COLOUR ( '', #2755 ) ;
#3388 = DIRECTION ( 'NONE',  ( -1.000000000000000000, 7.434600983417268502E-16, 0.000000000000000000 ) ) ;
#3389 = ADVANCED_FACE ( 'NONE', ( #4262 ), #3824, .T. ) ;
#3390 = CARTESIAN_POINT ( 'NONE',  ( -40.88486674321342207, 54.72160087992028821, 1.500000000000000000 ) ) ;
#3391 = DIRECTION ( 'NONE',  ( -1.000000000000000000, -4.956352788505164254E-16, 0.000000000000000000 ) ) ;
#3392 = DIRECTION ( 'NONE',  ( 1.000000000000000000, -0.000000000000000000, -0.000000000000000000 ) ) ;
#3393 = ORIENTED_EDGE ( 'NONE', *, *, #3347, .T. ) ;
#3394 = VECTOR ( 'NONE', #93, 1000.000000000000000 ) ;
#3395 = CARTESIAN_POINT ( 'NONE',  ( -27.20936546802591494, 59.77268863487023509, 1.500000000000000000 ) ) ;
#3396 = EDGE_LOOP ( 'NONE', ( #4629, #2758, #3236, #2295 ) ) ;
#3397 = CARTESIAN_POINT ( 'NONE',  ( -73.93093154632981623, 16.62003100198857908, 1.500000000000000000 ) ) ;
#3398 = FACE_OUTER_BOUND ( 'NONE', #270, .T. ) ;
#3399 = VECTOR ( 'NONE', #2353, 1000.000000000000000 ) ;
#3400 = ADVANCED_FACE ( 'NONE', ( #2347 ), #3089, .T. ) ;
#3401 = ORIENTED_EDGE ( 'NONE', *, *, #3903, .F. ) ;
#3402 = DIRECTION ( 'NONE',  ( 0.000000000000000000, 0.000000000000000000, 1.000000000000000000 ) ) ;
#3403 = PLANE ( 'NONE',  #3890 ) ;
#3404 = ORIENTED_EDGE ( 'NONE', *, *, #4089, .F. ) ;
#3405 = CARTESIAN_POINT ( 'NONE',  ( -78.98779938972202785, 40.72173608680434853, 0.000000000000000000 ) ) ;
#3406 = CARTESIAN_POINT ( 'NONE',  ( -35.20936546802590783, 59.77268863487023509, 0.000000000000000000 ) ) ;
#3407 = ORIENTED_EDGE ( 'NONE', *, *, #2185, .F. ) ;
#3408 = ORIENTED_EDGE ( 'NONE', *, *, #3208, .T. ) ;
#3409 = EDGE_CURVE ( 'NONE', #3899, #613, #2769, .T. ) ;
#3410 = CARTESIAN_POINT ( 'NONE',  ( -45.50311546802591778, 97.73004703941357718, 1.500000000000000000 ) ) ;
#3411 = ADVANCED_FACE ( 'NONE', ( #1219 ), #2373, .F. ) ;
#3412 = LINE ( 'NONE', #3831, #4621 ) ;
#3413 = CARTESIAN_POINT ( 'NONE',  ( -97.89061546802591351, 31.10285215510783274, 1.500000000000000000 ) ) ;
#3414 = CARTESIAN_POINT ( 'NONE',  ( -16.78377918895944632, 54.72160087992027400, 1.500000000000000000 ) ) ;
#3415 = CARTESIAN_POINT ( 'NONE',  ( -66.88436546802597604, 102.4915470394135184, 0.000000000000000000 ) ) ;
#3416 = ADVANCED_FACE ( 'NONE', ( #1979 ), #3476, .T. ) ;
#3417 = ORIENTED_EDGE ( 'NONE', *, *, #1825, .T. ) ;
#3418 = ORIENTED_EDGE ( 'NONE', *, *, #1890, .T. ) ;
#3419 = VECTOR ( 'NONE', #2645, 1000.000000000000000 ) ;
#3420 = DIRECTION ( 'NONE',  ( 0.000000000000000000, -0.000000000000000000, -1.000000000000000000 ) ) ;
#3421 = VERTEX_POINT ( 'NONE', #901 ) ;
#3422 = CARTESIAN_POINT ( 'NONE',  ( -54.88386419283835949, 35.67078353961546355, 0.000000000000000000 ) ) ;
#3423 = CYLINDRICAL_SURFACE ( 'NONE', #4529, 4.999999999999990230 ) ;
#3424 = VECTOR ( 'NONE', #4561, 1000.000000000000000 ) ;
#3425 = ORIENTED_EDGE ( 'NONE', *, *, #2801, .T. ) ;
#3426 = LINE ( 'NONE', #1923, #3394 ) ;
#3427 = CARTESIAN_POINT ( 'NONE',  ( -95.56358394725769756, 100.1102970394135525, 1.500000000000000000 ) ) ;
#3428 = ORIENTED_EDGE ( 'NONE', *, *, #1719, .F. ) ;
#3429 = DIRECTION ( 'NONE',  ( -0.000000000000000000, -1.000000000000000000, -0.000000000000000000 ) ) ;
#3430 = PLANE ( 'NONE',  #2563 ) ;
#3431 = ORIENTED_EDGE ( 'NONE', *, *, #294, .F. ) ;
#3432 = ORIENTED_EDGE ( 'NONE', *, *, #456, .F. ) ;
#3433 = CARTESIAN_POINT ( 'NONE',  ( -2.783779188959446316, 40.72173608680434853, 1.500000000000000000 ) ) ;
#3434 = CIRCLE ( 'NONE', #2965, 1.100000000000003642 ) ;
#3435 = PLANE ( 'NONE',  #2190 ) ;
#3436 = VECTOR ( 'NONE', #3567, 1000.000000000000000 ) ;
#3437 = VECTOR ( 'NONE', #3588, 1000.000000000000000 ) ;
#3438 = CARTESIAN_POINT ( 'NONE',  ( -12.30936546802591636, 59.77268863487024220, 1.500000000000000000 ) ) ;
#3439 = CARTESIAN_POINT ( 'NONE',  ( -65.30936546802591636, 59.77268863487022088, 0.000000000000000000 ) ) ;
#3440 = ORIENTED_EDGE ( 'NONE', *, *, #205, .F. ) ;
#3441 = VECTOR ( 'NONE', #1755, 1000.000000000000000 ) ;
#3442 = EDGE_LOOP ( 'NONE', ( #1004, #3503, #2287, #3923 ) ) ;
#3443 = CARTESIAN_POINT ( 'NONE',  ( -54.88386419283835949, 21.67078353961545645, 1.500000000000000000 ) ) ;
#3444 = ORIENTED_EDGE ( 'NONE', *, *, #1267, .T. ) ;
#3445 = EDGE_CURVE ( 'NONE', #3811, #3040, #48, .T. ) ;
#3446 = FACE_OUTER_BOUND ( 'NONE', #1178, .T. ) ;
#3447 = CARTESIAN_POINT ( 'NONE',  ( -35.83386419283842628, 40.72173608680434853, 0.000000000000000000 ) ) ;
#3448 = VECTOR ( 'NONE', #4189, 1000.000000000000000 ) ;
#3449 = ORIENTED_EDGE ( 'NONE', *, *, #3993, .F. ) ;
#3450 = DIRECTION ( 'NONE',  ( -1.000000000000000000, -2.478353871009933577E-16, 0.000000000000000000 ) ) ;
#3451 = EDGE_CURVE ( 'NONE', #2470, #615, #1176, .T. ) ;
#3452 = FACE_OUTER_BOUND ( 'NONE', #891, .T. ) ;
#3453 = VERTEX_POINT ( 'NONE', #3498 ) ;
#3454 = FACE_OUTER_BOUND ( 'NONE', #1007, .T. ) ;
#3455 = DIRECTION ( 'NONE',  ( 8.673617379884035472E-16, -1.000000000000000000, -0.000000000000000000 ) ) ;
#3456 = AXIS2_PLACEMENT_3D ( 'NONE', #2055, #3553, #3186 ) ;
#3457 = ORIENTED_EDGE ( 'NONE', *, *, #1667, .F. ) ;
#3458 = ORIENTED_EDGE ( 'NONE', *, *, #606, .T. ) ;
#3459 = LINE ( 'NONE', #4588, #1832 ) ;
#3460 = DIRECTION ( 'NONE',  ( -1.040703997586385372E-16, -1.000000000000000000, 0.000000000000000000 ) ) ;
#3461 = LINE ( 'NONE', #104, #2670 ) ;
#3462 = EDGE_CURVE ( 'NONE', #1135, #4, #142, .T. ) ;
#3463 = FACE_OUTER_BOUND ( 'NONE', #4065, .T. ) ;
#3464 = DIRECTION ( 'NONE',  ( -0.000000000000000000, -0.000000000000000000, -1.000000000000000000 ) ) ;
#3465 = VECTOR ( 'NONE', #4682, 1000.000000000000000 ) ;
#3466 = VERTEX_POINT ( 'NONE', #2301 ) ;
#3467 = CARTESIAN_POINT ( 'NONE',  ( -35.83386419283842628, 40.72173608680434853, 0.000000000000000000 ) ) ;
#3468 = VERTEX_POINT ( 'NONE', #3803 ) ;
#3469 = CARTESIAN_POINT ( 'NONE',  ( -38.35936546802593483, 76.29879703941352886, 1.500000000000000000 ) ) ;
#3470 = CARTESIAN_POINT ( 'NONE',  ( -92.98779938972202785, 54.72160087992026689, 1.500000000000000000 ) ) ;
#3471 = ORIENTED_EDGE ( 'NONE', *, *, #345, .F. ) ;
#3472 = CARTESIAN_POINT ( 'NONE',  ( 2.121884531974085331, 99.31654703941354967, 1.500000000000000000 ) ) ;
#3473 = EDGE_CURVE ( 'NONE', #1838, #2470, #442, .T. ) ;
#3474 = VERTEX_POINT ( 'NONE', #2417 ) ;
#3475 = CARTESIAN_POINT ( 'NONE',  ( -92.98779938972202785, 59.77268863487022799, 1.500000000000000000 ) ) ;
#3476 = PLANE ( 'NONE',  #212 ) ;
#3477 = EDGE_CURVE ( 'NONE', #2189, #859, #2445, .T. ) ;
#3478 = EDGE_CURVE ( 'NONE', #3691, #3092, #661, .T. ) ;
#3479 = CIRCLE ( 'NONE', #821, 4.999999999999997335 ) ;
#3480 = EDGE_LOOP ( 'NONE', ( #2644, #3873, #724, #1046 ) ) ;
#3481 = VERTEX_POINT ( 'NONE', #3547 ) ;
#3482 = VECTOR ( 'NONE', #332, 1000.000000000000000 ) ;
#3483 = CARTESIAN_POINT ( 'NONE',  ( -97.89061546802591351, -2.285842729197973267, 0.000000000000000000 ) ) ;
#3484 = DIRECTION ( 'NONE',  ( -0.7071067811865470176, 0.7071067811865480168, -0.000000000000000000 ) ) ;
#3485 = CARTESIAN_POINT ( 'NONE',  ( -35.83386419283842628, 40.72173608680434853, 1.500000000000000000 ) ) ;
#3486 = DIRECTION ( 'NONE',  ( -0.000000000000000000, 0.000000000000000000, 1.000000000000000000 ) ) ;
#3487 = EDGE_CURVE ( 'NONE', #2767, #2993, #1000, .T. ) ;
#3488 = CARTESIAN_POINT ( 'NONE',  ( -21.83474173683936925, 35.67078353961547066, 1.500000000000000000 ) ) ;
#3489 = VERTEX_POINT ( 'NONE', #1704 ) ;
#3490 = CARTESIAN_POINT ( 'NONE',  ( -54.88386419283835949, 21.67078353961545645, 1.500000000000000000 ) ) ;
#3491 = ORIENTED_EDGE ( 'NONE', *, *, #1307, .T. ) ;
#3492 = CARTESIAN_POINT ( 'NONE',  ( -50.26561546802592062, 81.06129703941358855, 0.000000000000000000 ) ) ;
#3493 = DIRECTION ( 'NONE',  ( -0.000000000000000000, -1.000000000000000000, -0.000000000000000000 ) ) ;
#3494 = ORIENTED_EDGE ( 'NONE', *, *, #633, .T. ) ;
#3495 = CARTESIAN_POINT ( 'NONE',  ( -73.93093154632978781, 54.72160087992026689, 0.000000000000000000 ) ) ;
#3496 = VERTEX_POINT ( 'NONE', #975 ) ;
#3497 = DIRECTION ( 'NONE',  ( 0.000000000000000000, 0.000000000000000000, 1.000000000000000000 ) ) ;
#3498 = CARTESIAN_POINT ( 'NONE',  ( -21.83474173683936215, 54.72160087992027400, 1.500000000000000000 ) ) ;
#3499 = ADVANCED_FACE ( 'NONE', ( #2495 ), #3574, .T. ) ;
#3500 = VECTOR ( 'NONE', #194, 1000.000000000000000 ) ;
#3501 = EDGE_CURVE ( 'NONE', #3489, #860, #1364, .T. ) ;
#3502 = VECTOR ( 'NONE', #2911, 1000.000000000000000 ) ;
#3503 = ORIENTED_EDGE ( 'NONE', *, *, #1701, .F. ) ;
#3504 = ORIENTED_EDGE ( 'NONE', *, *, #2016, .T. ) ;
#3505 = DIRECTION ( 'NONE',  ( 1.000000000000000000, 0.000000000000000000, 0.000000000000000000 ) ) ;
#3506 = DIRECTION ( 'NONE',  ( -0.000000000000000000, -0.000000000000000000, -1.000000000000000000 ) ) ;
#3507 = DIRECTION ( 'NONE',  ( 0.000000000000000000, -1.000000000000000000, 0.000000000000000000 ) ) ;
#3508 = FACE_BOUND ( 'NONE', #4559, .T. ) ;
#3509 = VECTOR ( 'NONE', #3493, 1000.000000000000000 ) ;
#3510 = CARTESIAN_POINT ( 'NONE',  ( -73.93093154632981623, 2.619780989487944911, 1.500000000000000000 ) ) ;
#3511 = PLANE ( 'NONE',  #4776 ) ;
#3512 = EDGE_LOOP ( 'NONE', ( #3408, #3138, #2832, #4734 ) ) ;
#3513 = VECTOR ( 'NONE', #500, 1000.000000000000000 ) ;
#3514 = CARTESIAN_POINT ( 'NONE',  ( -35.20936546802590783, 59.77268863487023509, 1.500000000000000000 ) ) ;
#3515 = ORIENTED_EDGE ( 'NONE', *, *, #4429, .F. ) ;
#3516 = VECTOR ( 'NONE', #3250, 1000.000000000000000 ) ;
#3517 = CARTESIAN_POINT ( 'NONE',  ( -78.98779938972202785, 2.619780989487944911, 1.500000000000000000 ) ) ;
#3518 = EDGE_CURVE ( 'NONE', #4264, #1187, #164, .T. ) ;
#3519 = EDGE_CURVE ( 'NONE', #583, #3361, #4705, .T. ) ;
#3520 = ORIENTED_EDGE ( 'NONE', *, *, #2240, .F. ) ;
#3521 = DIRECTION ( 'NONE',  ( -1.000000000000000000, -0.000000000000000000, -0.000000000000000000 ) ) ;
#3522 = ORIENTED_EDGE ( 'NONE', *, *, #2458, .F. ) ;
#3523 = CARTESIAN_POINT ( 'NONE',  ( -21.83474173683936570, 21.67078353961546000, 0.000000000000000000 ) ) ;
#3524 = DIRECTION ( 'NONE',  ( -0.000000000000000000, -0.000000000000000000, -1.000000000000000000 ) ) ;
#3525 = EDGE_CURVE ( 'NONE', #1607, #2153, #4310, .T. ) ;
#3526 = VECTOR ( 'NONE', #1082, 1000.000000000000000 ) ;
#3527 = ORIENTED_EDGE ( 'NONE', *, *, #4574, .T. ) ;
#3528 = ORIENTED_EDGE ( 'NONE', *, *, #1162, .F. ) ;
#3529 = FACE_OUTER_BOUND ( 'NONE', #812, .T. ) ;
#3530 = LINE ( 'NONE', #3788, #3111 ) ;
#3531 = CARTESIAN_POINT ( 'NONE',  ( 2.121884531974085331, 99.31654703941354967, 0.000000000000000000 ) ) ;
#3532 = FACE_BOUND ( 'NONE', #4161, .T. ) ;
#3533 = AXIS2_PLACEMENT_3D ( 'NONE', #3611, #248, #4663 ) ;
#3534 = VECTOR ( 'NONE', #3521, 1000.000000000000000 ) ;
#3535 = FACE_OUTER_BOUND ( 'NONE', #167, .T. ) ;
#3536 = LINE ( 'NONE', #2757, #2814 ) ;
#3537 = VERTEX_POINT ( 'NONE', #2841 ) ;
#3538 = EDGE_CURVE ( 'NONE', #4836, #1863, #611, .T. ) ;
#3539 = CARTESIAN_POINT ( 'NONE',  ( -28.88436546802590499, -2.285842729197964829, 1.500000000000000000 ) ) ;
#3540 = ORIENTED_EDGE ( 'NONE', *, *, #3857, .F. ) ;
#3541 = DIRECTION ( 'NONE',  ( -0.000000000000000000, -1.000000000000000000, -0.000000000000000000 ) ) ;
#3542 = DIRECTION ( 'NONE',  ( 1.000000000000000000, 6.938893903907229364E-16, 0.000000000000000000 ) ) ;
#3543 = ORIENTED_EDGE ( 'NONE', *, *, #4259, .T. ) ;
#3544 = DIRECTION ( 'NONE',  ( -2.479223918734477749E-16, 1.000000000000000000, 0.000000000000000000 ) ) ;
#3545 = ORIENTED_EDGE ( 'NONE', *, *, #151, .T. ) ;
#3546 = LINE ( 'NONE', #2124, #3830 ) ;
#3547 = CARTESIAN_POINT ( 'NONE',  ( -27.20936546802591494, 59.77268863487023509, 1.500000000000000000 ) ) ;
#3548 = VERTEX_POINT ( 'NONE', #2099 ) ;
#3549 = VECTOR ( 'NONE', #3917, 1000.000000000000000 ) ;
#3550 = DIRECTION ( 'NONE',  ( -0.000000000000000000, -0.000000000000000000, -1.000000000000000000 ) ) ;
#3551 = ORIENTED_EDGE ( 'NONE', *, *, #3675, .T. ) ;
#3552 = ORIENTED_EDGE ( 'NONE', *, *, #3616, .T. ) ;
#3553 = DIRECTION ( 'NONE',  ( 1.000000000000000000, 0.000000000000000000, 0.000000000000000000 ) ) ;
#3554 = DIRECTION ( 'NONE',  ( 1.000000000000000000, 0.000000000000000000, 0.000000000000000000 ) ) ;
#3555 = DIRECTION ( 'NONE',  ( 0.000000000000000000, 1.000000000000000000, -0.000000000000000000 ) ) ;
#3556 = CARTESIAN_POINT ( 'NONE',  ( -96.89061546802591351, 63.03178434324228618, 1.500000000000000000 ) ) ;
#3557 = AXIS2_PLACEMENT_3D ( 'NONE', #2031, #169, #124 ) ;
#3558 = EDGE_CURVE ( 'NONE', #213, #2280, #2884, .T. ) ;
#3559 = EDGE_CURVE ( 'NONE', #1391, #698, #1728, .T. ) ;
#3560 = DIRECTION ( 'NONE',  ( 2.478132139680213250E-16, -1.000000000000000000, 0.000000000000000000 ) ) ;
#3561 = CARTESIAN_POINT ( 'NONE',  ( -16.78377918895944987, 26.14540727080203908, 1.500000000000000000 ) ) ;
#3562 = ORIENTED_EDGE ( 'NONE', *, *, #1972, .F. ) ;
#3563 = CARTESIAN_POINT ( 'NONE',  ( -26.30936546802590925, 73.67113234831137447, 0.000000000000000000 ) ) ;
#3564 = ORIENTED_EDGE ( 'NONE', *, *, #1511, .F. ) ;
#3565 = EDGE_CURVE ( 'NONE', #3262, #953, #4731, .T. ) ;
#3566 = DIRECTION ( 'NONE',  ( 0.000000000000000000, 0.000000000000000000, -1.000000000000000000 ) ) ;
#3567 = DIRECTION ( 'NONE',  ( 0.7071067811865477948, -0.7071067811865473507, -0.000000000000000000 ) ) ;
#3568 = ADVANCED_FACE ( 'NONE', ( #2125 ), #1024, .F. ) ;
#3569 = UNCERTAINTY_MEASURE_WITH_UNIT (LENGTH_MEASURE( 1.000000000000000082E-05 ), #2976, 'distance_accuracy_value', 'NONE');
#3570 = ORIENTED_EDGE ( 'NONE', *, *, #809, .F. ) ;
#3571 = CARTESIAN_POINT ( 'NONE',  ( -0.2593654680259245282, 102.4915470394135468, 0.000000000000000000 ) ) ;
#3572 = EDGE_LOOP ( 'NONE', ( #437, #3870, #2065, #3458 ) ) ;
#3573 = DIRECTION ( 'NONE',  ( 1.000000000000000000, 0.000000000000000000, 0.000000000000000000 ) ) ;
#3574 = PLANE ( 'NONE',  #1860 ) ;
#3575 = VERTEX_POINT ( 'NONE', #264 ) ;
#3576 = DIRECTION ( 'NONE',  ( -2.478132139680213743E-16, 1.000000000000000000, -0.000000000000000000 ) ) ;
#3577 = ORIENTED_EDGE ( 'NONE', *, *, #4581, .T. ) ;
#3578 = ORIENTED_EDGE ( 'NONE', *, *, #3030, .T. ) ;
#3579 = ORIENTED_EDGE ( 'NONE', *, *, #4797, .T. ) ;
#3580 = PLANE ( 'NONE',  #2834 ) ;
#3581 = CARTESIAN_POINT ( 'NONE',  ( -59.93684684209464564, 21.67078353961546000, 0.000000000000000000 ) ) ;
#3583 = CARTESIAN_POINT ( 'NONE',  ( -21.83474173683937281, 40.72173608680434853, 1.500000000000000000 ) ) ;
#3582 = VECTOR ( 'NONE', #2722, 1000.000000000000000 ) ;
#3584 = FACE_OUTER_BOUND ( 'NONE', #181, .T. ) ;
#3585 = VECTOR ( 'NONE', #922, 1000.000000000000000 ) ;
#3586 = EDGE_CURVE ( 'NONE', #2320, #3468, #2789, .T. ) ;
#3587 = FACE_OUTER_BOUND ( 'NONE', #2274, .T. ) ;
#3588 = DIRECTION ( 'NONE',  ( -0.000000000000000000, -0.000000000000000000, -1.000000000000000000 ) ) ;
#3589 = EDGE_CURVE ( 'NONE', #2271, #3729, #1752, .T. ) ;
#3590 = ORIENTED_EDGE ( 'NONE', *, *, #2394, .T. ) ;
#3591 = DIRECTION ( 'NONE',  ( 0.000000000000000000, -1.000000000000000000, 0.000000000000000000 ) ) ;
#3592 = ORIENTED_EDGE ( 'NONE', *, *, #1022, .T. ) ;
#3593 = FACE_BOUND ( 'NONE', #4305, .T. ) ;
#3594 = DIRECTION ( 'NONE',  ( 1.000000000000000000, -0.000000000000000000, -0.000000000000000000 ) ) ;
#3595 = VECTOR ( 'NONE', #2648, 1000.000000000000000 ) ;
#3596 = AXIS2_PLACEMENT_3D ( 'NONE', #2293, #1625, #89 ) ;
#3597 = DIRECTION ( 'NONE',  ( 0.000000000000000000, -0.000000000000000000, -1.000000000000000000 ) ) ;
#3598 = EDGE_CURVE ( 'NONE', #1597, #2958, #4678, .T. ) ;
#3599 = ORIENTED_EDGE ( 'NONE', *, *, #3705, .T. ) ;
#3600 = DIRECTION ( 'NONE',  ( -1.000000000000000000, 0.000000000000000000, 0.000000000000000000 ) ) ;
#3601 = DIRECTION ( 'NONE',  ( -0.000000000000000000, 0.000000000000000000, 1.000000000000000000 ) ) ;
#3602 = EDGE_CURVE ( 'NONE', #3868, #2344, #2050, .T. ) ;
#3603 = ORIENTED_EDGE ( 'NONE', *, *, #1610, .T. ) ;
#3604 = CARTESIAN_POINT ( 'NONE',  ( -97.89061546802591351, 31.10285215510783274, 0.000000000000000000 ) ) ;
#3605 = AXIS2_PLACEMENT_3D ( 'NONE', #2971, #3708, #2510 ) ;
#3606 = ORIENTED_EDGE ( 'NONE', *, *, #1149, .T. ) ;
#3607 = VERTEX_POINT ( 'NONE', #1659 ) ;
#3608 = EDGE_LOOP ( 'NONE', ( #4526, #1651, #4653, #2980 ) ) ;
#3609 = CARTESIAN_POINT ( 'NONE',  ( -40.88486674321343628, 21.67078353961545645, 0.000000000000000000 ) ) ;
#3610 = DIRECTION ( 'NONE',  ( 0.000000000000000000, 1.000000000000000000, 0.000000000000000000 ) ) ;
#3611 = CARTESIAN_POINT ( 'NONE',  ( -59.93684684209464564, 16.62003100198857553, 1.500000000000000000 ) ) ;
#3612 = CARTESIAN_POINT ( 'NONE',  ( -92.98779938972202785, 2.619780989487944911, 0.000000000000000000 ) ) ;
#3613 = CLOSED_SHELL ( 'NONE', ( #4457, #3636, #1318, #4743, #1955, #2307, #85, #1306, #3721, #3411, #208, #3778, #2145, #7, #1359, #4376, #3324, #2349, #2142, #1332, #3301, #747, #2583, #738, #1931, #1199, #3053, #2592, #3687, #1881, #1762, #3160, #1425, #4495, #658, #3568, #869, #3754, #4841, #4600, #1313, #242, #3716, #1945, #2094, #3015, #2329, #1139, #498, #2764, #4186, #46, #2656, #1666, #4480, #3, #810, #947, #3837, #894, #361, #4128, #4591, #1453, #2507, #3812, #2599, #1005, #1927, #4768, #2997, #628, #3389, #2110, #1420, #1203, #1169, #1500, #261, #2696, #4692, #4318, #1521, #1226, #4541, #4723, #561, #3384, #280, #1469, #1843, #387, #132, #1588, #2607, #3376, #49, #3271, #1764, #2484, #4540, #3194, #2362, #1016, #931, #4397, #2717, #640, #1854, #3499, #3964, #555, #4076, #2825, #2935, #2428, #1485, #766, #4394, #3867, #2614, #597, #4428, #4181, #603, #2833, #3400, #3416, #1797, #1977, #3158, #2967, #2723, #3266, #481, #2323, #3372, #1675, #1962, #4170, #3747, #2290, #1583 ) ) ;
#3614 = CARTESIAN_POINT ( 'NONE',  ( -77.55936546802593057, 19.14540727080201421, 1.500000000000000000 ) ) ;
#3615 = PLANE ( 'NONE',  #3833 ) ;
#3616 = EDGE_CURVE ( 'NONE', #1446, #2571, #2252, .T. ) ;
#3617 = ORIENTED_EDGE ( 'NONE', *, *, #4694, .T. ) ;
#3618 = LINE ( 'NONE', #2759, #3051 ) ;
#3619 = AXIS2_PLACEMENT_3D ( 'NONE', #3878, #3785, #3460 ) ;
#3620 = VECTOR ( 'NONE', #4685, 1000.000000000000000 ) ;
#3621 = FACE_OUTER_BOUND ( 'NONE', #972, .T. ) ;
#3622 = DIRECTION ( 'NONE',  ( -0.000000000000000000, -0.000000000000000000, -1.000000000000000000 ) ) ;
#3623 = FACE_OUTER_BOUND ( 'NONE', #4432, .T. ) ;
#3624 = ORIENTED_EDGE ( 'NONE', *, *, #1131, .T. ) ;
#3625 = CARTESIAN_POINT ( 'NONE',  ( -59.93684684209464564, 21.67078353961546000, 1.500000000000000000 ) ) ;
#3626 = DIRECTION ( 'NONE',  ( 0.7071067811865456854, -0.7071067811865494601, 0.000000000000000000 ) ) ;
#3627 = ORIENTED_EDGE ( 'NONE', *, *, #3199, .F. ) ;
#3628 = PLANE ( 'NONE',  #2998 ) ;
#3629 = ORIENTED_EDGE ( 'NONE', *, *, #872, .F. ) ;
#3630 = VERTEX_POINT ( 'NONE', #2566 ) ;
#3631 = EDGE_LOOP ( 'NONE', ( #2720, #4427, #3697, #804 ) ) ;
#3632 = LINE ( 'NONE', #3242, #3068 ) ;
#3633 = FACE_OUTER_BOUND ( 'NONE', #3346, .T. ) ;
#3634 = EDGE_CURVE ( 'NONE', #4623, #1446, #4431, .T. ) ;
#3635 = CARTESIAN_POINT ( 'NONE',  ( -2.783779188959451645, 26.14540727080203197, 1.500000000000000000 ) ) ;
#3636 = ADVANCED_FACE ( 'NONE', ( #1065 ), #4780, .F. ) ;
#3637 = CARTESIAN_POINT ( 'NONE',  ( -16.78377918895945697, 11.24540727080203517, 1.500000000000000000 ) ) ;
#3638 = DIRECTION ( 'NONE',  ( 1.000000000000000000, 1.156482317317871478E-16, 0.000000000000000000 ) ) ;
#3639 = ORIENTED_EDGE ( 'NONE', *, *, #991, .F. ) ;
#3640 = PRODUCT_DEFINITION_SHAPE ( 'NONE', 'NONE',  #4149 ) ;
#3641 = CARTESIAN_POINT ( 'NONE',  ( -69.31561546802588225, 78.68004703941353739, 0.000000000000000000 ) ) ;
#3642 = PLANE ( 'NONE',  #4375 ) ;
#3643 = CARTESIAN_POINT ( 'NONE',  ( -2.783779188959449868, 12.14540727080204263, 1.500000000000000000 ) ) ;
#3644 = CARTESIAN_POINT ( 'NONE',  ( -49.50936546802591209, 74.77268863487022088, 1.500000000000000000 ) ) ;
#3645 = LINE ( 'NONE', #2543, #612 ) ;
#3646 = ORIENTED_EDGE ( 'NONE', *, *, #1829, .T. ) ;
#3647 = FACE_OUTER_BOUND ( 'NONE', #4103, .T. ) ;
#3648 = ORIENTED_EDGE ( 'NONE', *, *, #2243, .F. ) ;
#3649 = ORIENTED_EDGE ( 'NONE', *, *, #2380, .F. ) ;
#3650 = ORIENTED_EDGE ( 'NONE', *, *, #2541, .T. ) ;
#3651 = CARTESIAN_POINT ( 'NONE',  ( -16.78377918895944987, 3.245407270802034727, 1.500000000000000000 ) ) ;
#3652 = DIRECTION ( 'NONE',  ( -0.000000000000000000, -0.000000000000000000, -1.000000000000000000 ) ) ;
#3653 = EDGE_CURVE ( 'NONE', #1801, #3949, #3349, .T. ) ;
#3654 = AXIS2_PLACEMENT_3D ( 'NONE', #4086, #1880, #3378 ) ;
#3655 = ORIENTED_EDGE ( 'NONE', *, *, #2561, .F. ) ;
#3656 = DIRECTION ( 'NONE',  ( -0.000000000000000000, -0.000000000000000000, -1.000000000000000000 ) ) ;
#3657 = CARTESIAN_POINT ( 'NONE',  ( -21.83474173683936570, 21.67078353961546000, 1.500000000000000000 ) ) ;
#3658 = VERTEX_POINT ( 'NONE', #4479 ) ;
#3659 = CIRCLE ( 'NONE', #3739, 5.000000000000000000 ) ;
#3660 = DIRECTION ( 'NONE',  ( 0.000000000000000000, 1.000000000000000000, -0.000000000000000000 ) ) ;
#3661 = DIRECTION ( 'NONE',  ( -0.000000000000000000, -0.000000000000000000, -1.000000000000000000 ) ) ;
#3662 = SHAPE_DEFINITION_REPRESENTATION ( #3640, #4440 ) ;
#3663 = DIRECTION ( 'NONE',  ( 0.000000000000000000, 1.000000000000000000, -0.000000000000000000 ) ) ;
#3664 = VECTOR ( 'NONE', #263, 1000.000000000000000 ) ;
#3665 = DIRECTION ( 'NONE',  ( -1.000000000000000000, -2.891205793294678819E-16, 0.000000000000000000 ) ) ;
#3666 = DIRECTION ( 'NONE',  ( -5.421010862427523403E-17, 1.000000000000000000, 0.000000000000000000 ) ) ;
#3667 = EDGE_CURVE ( 'NONE', #1186, #3815, #4134, .T. ) ;
#3668 = EDGE_CURVE ( 'NONE', #1281, #2391, #678, .T. ) ;
#3669 = ORIENTED_EDGE ( 'NONE', *, *, #1820, .F. ) ;
#3670 = CARTESIAN_POINT ( 'NONE',  ( -16.78377918895946053, 27.04540727080203766, 0.000000000000000000 ) ) ;
#3671 = AXIS2_PLACEMENT_3D ( 'NONE', #4644, #174, #2382 ) ;
#3672 = ORIENTED_EDGE ( 'NONE', *, *, #705, .T. ) ;
#3673 = ORIENTED_EDGE ( 'NONE', *, *, #2270, .F. ) ;
#3674 = ORIENTED_EDGE ( 'NONE', *, *, #1480, .T. ) ;
#3675 = EDGE_CURVE ( 'NONE', #3421, #454, #2933, .T. ) ;
#3676 = FACE_OUTER_BOUND ( 'NONE', #1581, .T. ) ;
#3677 = CARTESIAN_POINT ( 'NONE',  ( -92.98779938972202785, 73.67113234831137447, 1.500000000000000000 ) ) ;
#3678 = VECTOR ( 'NONE', #1694, 1000.000000000000000 ) ;
#3679 = ORIENTED_EDGE ( 'NONE', *, *, #4196, .F. ) ;
#3680 = ORIENTED_EDGE ( 'NONE', *, *, #4331, .T. ) ;
#3681 = LINE ( 'NONE', #1816, #1884 ) ;
#3682 = DIRECTION ( 'NONE',  ( 0.000000000000000000, 0.000000000000000000, 1.000000000000000000 ) ) ;
#3683 = ORIENTED_EDGE ( 'NONE', *, *, #2096, .T. ) ;
#3684 = VECTOR ( 'NONE', #3908, 1000.000000000000000 ) ;
#3685 = LINE ( 'NONE', #4840, #4329 ) ;
#3686 = PLANE ( 'NONE',  #69 ) ;
#3687 = ADVANCED_FACE ( 'NONE', ( #4407 ), #2194, .F. ) ;
#3688 = VERTEX_POINT ( 'NONE', #3277 ) ;
#3689 = CARTESIAN_POINT ( 'NONE',  ( -27.20936546802591494, 59.77268863487023509, 1.500000000000000000 ) ) ;
#3690 = VECTOR ( 'NONE', #4141, 1000.000000000000000 ) ;
#3691 = VERTEX_POINT ( 'NONE', #1459 ) ;
#3692 = VECTOR ( 'NONE', #2238, 1000.000000000000000 ) ;
#3693 = CARTESIAN_POINT ( 'NONE',  ( -59.93684684209464564, 16.62003100198857553, 1.500000000000000000 ) ) ;
#3694 = CARTESIAN_POINT ( 'NONE',  ( 4.657418437906815534, 66.56731824917504525, 1.500000000000000000 ) ) ;
#3695 = EDGE_LOOP ( 'NONE', ( #322, #3520, #14, #3249 ) ) ;
#3696 = DIRECTION ( 'NONE',  ( 1.000000000000000000, -0.000000000000000000, -0.000000000000000000 ) ) ;
#3697 = ORIENTED_EDGE ( 'NONE', *, *, #2185, .T. ) ;
#3698 = ORIENTED_EDGE ( 'NONE', *, *, #3519, .F. ) ;
#3699 = VERTEX_POINT ( 'NONE', #2167 ) ;
#3700 = EDGE_CURVE ( 'NONE', #2457, #1711, #1774, .T. ) ;
#3701 = DIRECTION ( 'NONE',  ( -1.000000000000000000, -0.000000000000000000, -0.000000000000000000 ) ) ;
#3702 = CARTESIAN_POINT ( 'NONE',  ( -31.41989937395866406, 105.0270809453462562, 0.000000000000000000 ) ) ;
#3703 = VECTOR ( 'NONE', #2925, 1000.000000000000000 ) ;
#3704 = VERTEX_POINT ( 'NONE', #1043 ) ;
#3705 = EDGE_CURVE ( 'NONE', #4314, #2100, #1483, .T. ) ;
#3706 = EDGE_LOOP ( 'NONE', ( #1853, #2080, #288, #3457, #1726, #4815, #3649, #83, #2547, #551, #2919, #537, #2652, #2881, #2586, #346, #2699, #3417, #3056, #2749, #2374, #3698, #1939, #18, #100, #3590, #1477, #1093, #1805, #4231, #4356, #3152, #903, #4683, #3669 ) ) ;
#3707 = FACE_OUTER_BOUND ( 'NONE', #175, .T. ) ;
#3708 = DIRECTION ( 'NONE',  ( 1.000000000000000000, 0.000000000000000000, -0.000000000000000000 ) ) ;
#3709 = ORIENTED_EDGE ( 'NONE', *, *, #815, .T. ) ;
#3710 = EDGE_CURVE ( 'NONE', #3949, #2344, #3645, .T. ) ;
#3711 = CARTESIAN_POINT ( 'NONE',  ( -59.93684684209464564, 40.72173608680434853, 0.000000000000000000 ) ) ;
#3712 = DIRECTION ( 'NONE',  ( 1.000000000000000000, -0.000000000000000000, -0.000000000000000000 ) ) ;
#3713 = EDGE_LOOP ( 'NONE', ( #3912, #4496, #3070, #29 ) ) ;
#3714 = VECTOR ( 'NONE', #1946, 1000.000000000000000 ) ;
#3715 = CARTESIAN_POINT ( 'NONE',  ( -21.83474173683936215, 2.619780989487944911, 1.500000000000000000 ) ) ;
#3716 = ADVANCED_FACE ( 'NONE', ( #1828 ), #754, .T. ) ;
#3717 = EDGE_LOOP ( 'NONE', ( #2170, #2383, #920, #1940 ) ) ;
#3718 = VECTOR ( 'NONE', #502, 1000.000000000000000 ) ;
#3719 = CARTESIAN_POINT ( 'NONE',  ( -19.30936546802593412, 19.14540727080202132, 1.500000000000000000 ) ) ;
#3720 = LINE ( 'NONE', #2618, #2019 ) ;
#3721 = ADVANCED_FACE ( 'NONE', ( #2219 ), #3303, .F. ) ;
#3722 = ORIENTED_EDGE ( 'NONE', *, *, #3462, .F. ) ;
#3723 = FACE_OUTER_BOUND ( 'NONE', #2361, .T. ) ;
#3724 = CARTESIAN_POINT ( 'NONE',  ( -59.93684684209464564, 2.619780989487944911, 1.500000000000000000 ) ) ;
#3725 = VERTEX_POINT ( 'NONE', #1090 ) ;
#3726 = CARTESIAN_POINT ( 'NONE',  ( -21.83474173683936925, 35.67078353961547066, 0.000000000000000000 ) ) ;
#3727 = CARTESIAN_POINT ( 'NONE',  ( -26.30936546802591280, 73.67113234831137447, 0.000000000000000000 ) ) ;
#3728 = ORIENTED_EDGE ( 'NONE', *, *, #112, .F. ) ;
#3729 = VERTEX_POINT ( 'NONE', #1510 ) ;
#3730 = CARTESIAN_POINT ( 'NONE',  ( -73.93093154632981623, 21.67078353961545645, 1.500000000000000000 ) ) ;
#3731 = CARTESIAN_POINT ( 'NONE',  ( -65.30936546802591636, 59.77268863487022088, 1.500000000000000000 ) ) ;
#3732 = EDGE_CURVE ( 'NONE', #216, #777, #2591, .T. ) ;
#3733 = EDGE_CURVE ( 'NONE', #4070, #730, #729, .T. ) ;
#3734 = CARTESIAN_POINT ( 'NONE',  ( -45.50311546802591778, 97.73004703941357718, 0.000000000000000000 ) ) ;
#3735 = FACE_OUTER_BOUND ( 'NONE', #415, .T. ) ;
#3736 = DIRECTION ( 'NONE',  ( -0.000000000000000000, 0.000000000000000000, -1.000000000000000000 ) ) ;
#3737 = EDGE_CURVE ( 'NONE', #3005, #3474, #3720, .T. ) ;
#3738 = FACE_OUTER_BOUND ( 'NONE', #4735, .T. ) ;
#3739 = AXIS2_PLACEMENT_3D ( 'NONE', #1073, #4043, #3310 ) ;
#3740 = EDGE_LOOP ( 'NONE', ( #510, #1392, #4388, #1441 ) ) ;
#3741 = ORIENTED_EDGE ( 'NONE', *, *, #3921, .F. ) ;
#3742 = DIRECTION ( 'NONE',  ( 0.000000000000000000, 0.000000000000000000, 1.000000000000000000 ) ) ;
#3743 = AXIS2_PLACEMENT_3D ( 'NONE', #638, #3626, #3920 ) ;
#3744 = EDGE_LOOP ( 'NONE', ( #990, #3863, #899, #3307 ) ) ;
#3745 = CARTESIAN_POINT ( 'NONE',  ( -27.20936546802590783, 74.77268863487022088, 0.000000000000000000 ) ) ;
#3746 = DIRECTION ( 'NONE',  ( 0.7071067811865585639, -0.7071067811865364705, -0.000000000000000000 ) ) ;
#3747 = ADVANCED_FACE ( 'NONE', ( #2642 ), #2716, .T. ) ;
#3748 = ORIENTED_EDGE ( 'NONE', *, *, #3060, .T. ) ;
#3749 = CARTESIAN_POINT ( 'NONE',  ( -40.88486674321343628, 2.619780989487944911, 1.500000000000000000 ) ) ;
#3750 = LINE ( 'NONE', #44, #3448 ) ;
#3751 = VERTEX_POINT ( 'NONE', #3796 ) ;
#3752 = CARTESIAN_POINT ( 'NONE',  ( -27.20936546802591494, 59.77268863487023509, 0.000000000000000000 ) ) ;
#3753 = LINE ( 'NONE', #3702, #292 ) ;
#3754 = ADVANCED_FACE ( 'NONE', ( #4553 ), #3083, .T. ) ;
#3755 = CIRCLE ( 'NONE', #4294, 3.174999999999997158 ) ;
#3756 = CIRCLE ( 'NONE', #1632, 5.000000000000004441 ) ;
#3757 = VERTEX_POINT ( 'NONE', #4207 ) ;
#3758 = ORIENTED_EDGE ( 'NONE', *, *, #2337, .F. ) ;
#3759 = DIRECTION ( 'NONE',  ( -0.7071067811865587860, 0.7071067811865362485, 0.000000000000000000 ) ) ;
#3760 = CARTESIAN_POINT ( 'NONE',  ( -21.83474173683936570, 16.62003100198858263, 1.500000000000000000 ) ) ;
#3761 = VECTOR ( 'NONE', #2379, 1000.000000000000000 ) ;
#3762 = FACE_OUTER_BOUND ( 'NONE', #4066, .T. ) ;
#3763 = DIRECTION ( 'NONE',  ( -1.000000000000000000, -0.000000000000000000, -0.000000000000000000 ) ) ;
#3764 = EDGE_CURVE ( 'NONE', #3468, #825, #1901, .T. ) ;
#3765 = CARTESIAN_POINT ( 'NONE',  ( -39.45936546802594336, 76.29879703941352886, 1.500000000000000000 ) ) ;
#3766 = ORIENTED_EDGE ( 'NONE', *, *, #3519, .T. ) ;
#3767 = ORIENTED_EDGE ( 'NONE', *, *, #3700, .T. ) ;
#3768 = VECTOR ( 'NONE', #2828, 1000.000000000000000 ) ;
#3769 = LINE ( 'NONE', #4130, #1753 ) ;
#3770 = ORIENTED_EDGE ( 'NONE', *, *, #4393, .T. ) ;
#3771 = CARTESIAN_POINT ( 'NONE',  ( -40.88486674321342207, 54.72160087992028821, 1.500000000000000000 ) ) ;
#3772 = DIRECTION ( 'NONE',  ( 0.000000000000000000, 0.000000000000000000, 1.000000000000000000 ) ) ;
#3773 = AXIS2_PLACEMENT_3D ( 'NONE', #1784, #3285, #1321 ) ;
#3774 = ORIENTED_EDGE ( 'NONE', *, *, #4117, .T. ) ;
#3775 = DIRECTION ( 'NONE',  ( -1.000000000000000000, -0.000000000000000000, -0.000000000000000000 ) ) ;
#3776 =( GEOMETRIC_REPRESENTATION_CONTEXT ( 3 ) GLOBAL_UNCERTAINTY_ASSIGNED_CONTEXT ( ( #3569 ) ) GLOBAL_UNIT_ASSIGNED_CONTEXT ( ( #2976, #1506, #1430 ) ) REPRESENTATION_CONTEXT ( 'NONE', 'WORKASPACE' ) );
#3777 = EDGE_CURVE ( 'NONE', #217, #1481, #413, .T. ) ;
#3778 = ADVANCED_FACE ( 'NONE', ( #3398 ), #3423, .T. ) ;
#3779 = DIRECTION ( 'NONE',  ( -1.000000000000000000, -0.000000000000000000, -0.000000000000000000 ) ) ;
#3780 = EDGE_LOOP ( 'NONE', ( #3784, #1047, #5, #662 ) ) ;
#3781 = LINE ( 'NONE', #1885, #1417 ) ;
#3782 = LINE ( 'NONE', #1416, #368 ) ;
#3783 = ORIENTED_EDGE ( 'NONE', *, *, #910, .F. ) ;
#3784 = ORIENTED_EDGE ( 'NONE', *, *, #2511, .T. ) ;
#3785 = DIRECTION ( 'NONE',  ( -1.000000000000000000, 1.040703997586385372E-16, 0.000000000000000000 ) ) ;
#3786 = LINE ( 'NONE', #1690, #1644 ) ;
#3787 = CARTESIAN_POINT ( 'NONE',  ( -1.053115468025914270, 99.31654703941354967, 1.500000000000000000 ) ) ;
#3788 = CARTESIAN_POINT ( 'NONE',  ( -60.81329765616045790, 106.4915470394135610, 1.500000000000000000 ) ) ;
#3789 = CARTESIAN_POINT ( 'NONE',  ( -45.50311546802591778, 97.73004703941357718, 0.000000000000000000 ) ) ;
#3790 = VERTEX_POINT ( 'NONE', #1192 ) ;
#3791 = ORIENTED_EDGE ( 'NONE', *, *, #3077, .F. ) ;
#3792 = VECTOR ( 'NONE', #3869, 1000.000000000000000 ) ;
#3793 = DIRECTION ( 'NONE',  ( -0.000000000000000000, -1.000000000000000000, -0.000000000000000000 ) ) ;
#3794 = EDGE_LOOP ( 'NONE', ( #3826, #1256, #1862, #1369 ) ) ;
#3795 = DIRECTION ( 'NONE',  ( 1.000000000000000000, 0.000000000000000000, 0.000000000000000000 ) ) ;
#3796 = CARTESIAN_POINT ( 'NONE',  ( -11.40936546802590712, 74.77268863487022088, 1.500000000000000000 ) ) ;
#3797 = VECTOR ( 'NONE', #1222, 1000.000000000000000 ) ;
#3798 = ORIENTED_EDGE ( 'NONE', *, *, #693, .F. ) ;
#3799 = LINE ( 'NONE', #808, #3792 ) ;
#3800 = LINE ( 'NONE', #4113, #679 ) ;
#3801 = ORIENTED_EDGE ( 'NONE', *, *, #2491, .F. ) ;
#3802 = CARTESIAN_POINT ( 'NONE',  ( -66.93436546802588794, 81.06129703941357434, 0.000000000000000000 ) ) ;
#3803 = CARTESIAN_POINT ( 'NONE',  ( -35.83386419283842628, 54.72160087992027400, 0.000000000000000000 ) ) ;
#3804 = ORIENTED_EDGE ( 'NONE', *, *, #4608, .T. ) ;
#3805 = ORIENTED_EDGE ( 'NONE', *, *, #3228, .T. ) ;
#3806 = CARTESIAN_POINT ( 'NONE',  ( -54.88386419283836659, 16.62003100198857908, 1.500000000000000000 ) ) ;
#3807 = CARTESIAN_POINT ( 'NONE',  ( -50.40936546802591778, 59.77268863487022799, 1.500000000000000000 ) ) ;
#3808 = PLANE ( 'NONE',  #1181 ) ;
#3809 = DIRECTION ( 'NONE',  ( 2.478176394252582127E-16, -1.000000000000000000, 0.000000000000000000 ) ) ;
#3810 = ORIENTED_EDGE ( 'NONE', *, *, #1649, .T. ) ;
#3811 = VERTEX_POINT ( 'NONE', #505 ) ;
#3812 = ADVANCED_FACE ( 'NONE', ( #3842 ), #2693, .T. ) ;
#3813 = VECTOR ( 'NONE', #4852, 1000.000000000000000 ) ;
#3814 = CARTESIAN_POINT ( 'NONE',  ( -35.83386419283842628, 2.619780989487944911, 1.500000000000000000 ) ) ;
#3815 = VERTEX_POINT ( 'NONE', #3032 ) ;
#3816 = CARTESIAN_POINT ( 'NONE',  ( -28.88436546802595828, 102.4915470394135468, 1.500000000000000000 ) ) ;
#3817 = PLANE ( 'NONE',  #1317 ) ;
#3818 = AXIS2_PLACEMENT_3D ( 'NONE', #98, #1539, #468 ) ;
#3819 = VERTEX_POINT ( 'NONE', #1971 ) ;
#3820 = CARTESIAN_POINT ( 'NONE',  ( -54.88386419283836659, 2.619780989487941802, 1.500000000000000000 ) ) ;
#3821 = DIRECTION ( 'NONE',  ( -1.000000000000000000, 0.000000000000000000, 0.000000000000000000 ) ) ;
#3822 = ORIENTED_EDGE ( 'NONE', *, *, #3700, .F. ) ;
#3823 = DIRECTION ( 'NONE',  ( -1.239100163902878166E-16, 1.000000000000000000, -0.000000000000000000 ) ) ;
#3824 = PLANE ( 'NONE',  #3818 ) ;
#3825 = EDGE_CURVE ( 'NONE', #4037, #3453, #4159, .T. ) ;
#3826 = ORIENTED_EDGE ( 'NONE', *, *, #2288, .F. ) ;
#3827 = EDGE_LOOP ( 'NONE', ( #2412, #1815, #296, #530 ) ) ;
#3828 = CARTESIAN_POINT ( 'NONE',  ( -66.93436546802588794, 81.06129703941357434, 1.500000000000000000 ) ) ;
#3829 = CARTESIAN_POINT ( 'NONE',  ( -18.20936546802593270, 19.14540727080202132, 0.000000000000000000 ) ) ;
#3830 = VECTOR ( 'NONE', #1727, 1000.000000000000000 ) ;
#3831 = CARTESIAN_POINT ( 'NONE',  ( -73.93093154632981623, 40.72173608680434853, 0.000000000000000000 ) ) ;
#3832 = AXIS2_PLACEMENT_3D ( 'NONE', #4330, #1677, #579 ) ;
#3833 = AXIS2_PLACEMENT_3D ( 'NONE', #1473, #2208, #1377 ) ;
#3834 = DIRECTION ( 'NONE',  ( -0.000000000000000000, -0.000000000000000000, -1.000000000000000000 ) ) ;
#3835 = CARTESIAN_POINT ( 'NONE',  ( -21.83474173683936570, 16.62003100198858263, 1.500000000000000000 ) ) ;
#3836 = ORIENTED_EDGE ( 'NONE', *, *, #846, .F. ) ;
#3837 = ADVANCED_FACE ( 'NONE', ( #41 ), #3817, .T. ) ;
#3838 = CARTESIAN_POINT ( 'NONE',  ( -54.88386419283836659, 16.62003100198857908, 0.000000000000000000 ) ) ;
#3839 = ORIENTED_EDGE ( 'NONE', *, *, #3342, .T. ) ;
#3840 = EDGE_CURVE ( 'NONE', #71, #2771, #1235, .T. ) ;
#3841 = CARTESIAN_POINT ( 'NONE',  ( -73.93093154632981623, 35.67078353961544934, 1.500000000000000000 ) ) ;
#3842 = FACE_OUTER_BOUND ( 'NONE', #3170, .T. ) ;
#3843 = VECTOR ( 'NONE', #3858, 1000.000000000000000 ) ;
#3844 = ORIENTED_EDGE ( 'NONE', *, *, #3473, .T. ) ;
#3845 = CARTESIAN_POINT ( 'NONE',  ( -54.88386419283835949, 35.67078353961546355, 0.000000000000000000 ) ) ;
#3846 = ORIENTED_EDGE ( 'NONE', *, *, #414, .F. ) ;
#3847 = DIRECTION ( 'NONE',  ( -0.000000000000000000, 0.000000000000000000, -1.000000000000000000 ) ) ;
#3848 = DIRECTION ( 'NONE',  ( 0.000000000000000000, 0.000000000000000000, -1.000000000000000000 ) ) ;
#3849 = AXIS2_PLACEMENT_3D ( 'NONE', #4197, #2008, #4220 ) ;
#3850 = EDGE_CURVE ( 'NONE', #2812, #4056, #1167, .T. ) ;
#3851 = VECTOR ( 'NONE', #257, 1000.000000000000000 ) ;
#3852 = ORIENTED_EDGE ( 'NONE', *, *, #4439, .T. ) ;
#3853 = ORIENTED_EDGE ( 'NONE', *, *, #1606, .T. ) ;
#3854 = LINE ( 'NONE', #3483, #1279 ) ;
#3855 = LINE ( 'NONE', #839, #1892 ) ;
#3856 = CARTESIAN_POINT ( 'NONE',  ( -49.50936546802591209, 74.77268863487022088, 0.000000000000000000 ) ) ;
#3857 = EDGE_CURVE ( 'NONE', #3926, #2569, #436, .T. ) ;
#3858 = DIRECTION ( 'NONE',  ( 1.040703997586385372E-16, 1.000000000000000000, 0.000000000000000000 ) ) ;
#3859 = DIRECTION ( 'NONE',  ( -0.000000000000000000, -0.000000000000000000, -1.000000000000000000 ) ) ;
#3860 = VECTOR ( 'NONE', #979, 1000.000000000000000 ) ;
#3861 = ORIENTED_EDGE ( 'NONE', *, *, #4615, .F. ) ;
#3862 = DIRECTION ( 'NONE',  ( -3.018909654835917371E-16, 1.000000000000000000, -0.000000000000000000 ) ) ;
#3863 = ORIENTED_EDGE ( 'NONE', *, *, #2978, .F. ) ;
#3864 = EDGE_CURVE ( 'NONE', #3079, #1759, #4233, .T. ) ;
#3865 = LINE ( 'NONE', #1624, #2928 ) ;
#3866 = CARTESIAN_POINT ( 'NONE',  ( -73.93093154632981623, 2.619780989487944911, 1.500000000000000000 ) ) ;
#3867 = ADVANCED_FACE ( 'NONE', ( #779 ), #3105, .T. ) ;
#3868 = VERTEX_POINT ( 'NONE', #2740 ) ;
#3869 = DIRECTION ( 'NONE',  ( 1.000000000000000000, -0.000000000000000000, -0.000000000000000000 ) ) ;
#3870 = ORIENTED_EDGE ( 'NONE', *, *, #4137, .F. ) ;
#3871 = CARTESIAN_POINT ( 'NONE',  ( -64.40936546802592488, 59.77268863487022799, 0.000000000000000000 ) ) ;
#3872 = CARTESIAN_POINT ( 'NONE',  ( -16.78377918895946053, 35.04540727080203766, 1.500000000000000000 ) ) ;
#3873 = ORIENTED_EDGE ( 'NONE', *, *, #606, .F. ) ;
#3874 = ORIENTED_EDGE ( 'NONE', *, *, #2068, .F. ) ;
#3875 = VECTOR ( 'NONE', #1898, 1000.000000000000000 ) ;
#3876 = LINE ( 'NONE', #3364, #506 ) ;
#3877 = CARTESIAN_POINT ( 'NONE',  ( -50.26561546802592062, 81.06129703941358855, 1.500000000000000000 ) ) ;
#3878 = CARTESIAN_POINT ( 'NONE',  ( -5.021865468025911383, 81.06129703941358855, 1.500000000000000000 ) ) ;
#3879 = FACE_BOUND ( 'NONE', #2527, .T. ) ;
#3880 = CARTESIAN_POINT ( 'NONE',  ( -60.81329765616045790, 106.4915470394135610, 0.000000000000000000 ) ) ;
#3881 = EDGE_CURVE ( 'NONE', #4481, #1135, #2366, .T. ) ;
#3882 = DIRECTION ( 'NONE',  ( -1.000000000000000000, 0.000000000000000000, 0.000000000000000000 ) ) ;
#3883 = EDGE_CURVE ( 'NONE', #1215, #3725, #4380, .T. ) ;
#3884 = VERTEX_POINT ( 'NONE', #1259 ) ;
#3885 = LINE ( 'NONE', #524, #3678 ) ;
#3886 = VERTEX_POINT ( 'NONE', #2409 ) ;
#3887 = EDGE_CURVE ( 'NONE', #2819, #825, #1653, .T. ) ;
#3888 = CARTESIAN_POINT ( 'NONE',  ( -1.053115468025914270, 102.4915470394135610, 1.500000000000000000 ) ) ;
#3889 = CARTESIAN_POINT ( 'NONE',  ( -16.78377918895946053, 27.04540727080203766, 1.500000000000000000 ) ) ;
#3890 = AXIS2_PLACEMENT_3D ( 'NONE', #3427, #1514, #3010 ) ;
#3891 = EDGE_LOOP ( 'NONE', ( #2003, #1527 ) ) ;
#3892 = DIRECTION ( 'NONE',  ( -2.478353871009933577E-16, 1.000000000000000000, 0.000000000000000000 ) ) ;
#3893 = EDGE_CURVE ( 'NONE', #613, #3421, #1698, .T. ) ;
#3894 = EDGE_LOOP ( 'NONE', ( #2694, #1470, #3296, #3114 ) ) ;
#3895 = DIRECTION ( 'NONE',  ( -1.000000000000000000, 0.000000000000000000, 0.000000000000000000 ) ) ;
#3896 = PLANE ( 'NONE',  #3190 ) ;
#3897 = AXIS2_PLACEMENT_3D ( 'NONE', #2530, #2451, #3554 ) ;
#3898 = VECTOR ( 'NONE', #73, 1000.000000000000000 ) ;
#3899 = VERTEX_POINT ( 'NONE', #3229 ) ;
#3900 = VERTEX_POINT ( 'NONE', #3914 ) ;
#3901 = CARTESIAN_POINT ( 'NONE',  ( -73.93093154632981623, 35.67078353961544934, 1.500000000000000000 ) ) ;
#3902 = CARTESIAN_POINT ( 'NONE',  ( -49.50936546802591209, 74.77268863487022088, 1.500000000000000000 ) ) ;
#3903 = EDGE_CURVE ( 'NONE', #2449, #3385, #1305, .T. ) ;
#3904 = DIRECTION ( 'NONE',  ( -0.000000000000000000, 1.000000000000000000, -0.000000000000000000 ) ) ;
#3905 = FACE_BOUND ( 'NONE', #2892, .T. ) ;
#3906 = AXIS2_PLACEMENT_3D ( 'NONE', #2444, #185, #3206 ) ;
#3907 = AXIS2_PLACEMENT_3D ( 'NONE', #1532, #4525, #806 ) ;
#3908 = DIRECTION ( 'NONE',  ( -0.000000000000000000, -1.000000000000000000, -0.000000000000000000 ) ) ;
#3909 = LINE ( 'NONE', #1670, #306 ) ;
#3910 = EDGE_LOOP ( 'NONE', ( #2528, #4635, #2310, #4046 ) ) ;
#3911 = LINE ( 'NONE', #550, #701 ) ;
#3912 = ORIENTED_EDGE ( 'NONE', *, *, #4061, .F. ) ;
#3913 = AXIS2_PLACEMENT_3D ( 'NONE', #201, #3960, #4722 ) ;
#3914 = CARTESIAN_POINT ( 'NONE',  ( -92.98779938972202785, 35.67078353961545645, 0.000000000000000000 ) ) ;
#3915 = PRODUCT_DEFINITION_CONTEXT ( 'detailed design', #4212, 'design' ) ;
#3916 = ORIENTED_EDGE ( 'NONE', *, *, #1380, .F. ) ;
#3917 = DIRECTION ( 'NONE',  ( -1.000000000000000000, 4.956352788505164254E-16, 0.000000000000000000 ) ) ;
#3918 = ORIENTED_EDGE ( 'NONE', *, *, #1349, .T. ) ;
#3919 = LINE ( 'NONE', #3625, #624 ) ;
#3920 = DIRECTION ( 'NONE',  ( 0.7071067811865493491, 0.7071067811865455743, 0.000000000000000000 ) ) ;
#3921 = EDGE_CURVE ( 'NONE', #3317, #3992, #896, .T. ) ;
#3922 = EDGE_CURVE ( 'NONE', #2944, #791, #2809, .T. ) ;
#3923 = ORIENTED_EDGE ( 'NONE', *, *, #2983, .F. ) ;
#3924 = CARTESIAN_POINT ( 'NONE',  ( -65.30936546802591636, 74.77268863487022088, 0.000000000000000000 ) ) ;
#3925 = ORIENTED_EDGE ( 'NONE', *, *, #2506, .T. ) ;
#3926 = VERTEX_POINT ( 'NONE', #1724 ) ;
#3927 = PLANE ( 'NONE',  #3456 ) ;
#3928 = CARTESIAN_POINT ( 'NONE',  ( -92.98779938972202785, 54.72160087992026689, 0.000000000000000000 ) ) ;
#3929 = LINE ( 'NONE', #148, #719 ) ;
#3930 = FACE_BOUND ( 'NONE', #516, .T. ) ;
#3931 = EDGE_CURVE ( 'NONE', #2179, #1063, #4726, .T. ) ;
#3932 = VECTOR ( 'NONE', #3197, 1000.000000000000000 ) ;
#3933 = VECTOR ( 'NONE', #2442, 1000.000000000000000 ) ;
#3934 = DIRECTION ( 'NONE',  ( -0.000000000000000000, 1.000000000000000000, -0.000000000000000000 ) ) ;
#3935 = DIRECTION ( 'NONE',  ( 1.000000000000000000, 6.938893903907229364E-16, 0.000000000000000000 ) ) ;
#3936 = VERTEX_POINT ( 'NONE', #2438 ) ;
#3937 = CARTESIAN_POINT ( 'NONE',  ( -94.81643493697376357, 99.31654703941356388, 0.000000000000000000 ) ) ;
#3938 = EDGE_LOOP ( 'NONE', ( #3515, #1220, #2180, #2114 ) ) ;
#3939 = FACE_BOUND ( 'NONE', #1974, .T. ) ;
#3940 = DIRECTION ( 'NONE',  ( 1.000000000000000000, 0.000000000000000000, 0.000000000000000000 ) ) ;
#3941 = ORIENTED_EDGE ( 'NONE', *, *, #1379, .F. ) ;
#3942 = DIRECTION ( 'NONE',  ( -0.000000000000000000, -0.000000000000000000, -1.000000000000000000 ) ) ;
#3943 = ORIENTED_EDGE ( 'NONE', *, *, #1610, .F. ) ;
#3944 = LINE ( 'NONE', #1338, #2735 ) ;
#3945 = DIRECTION ( 'NONE',  ( 1.000000000000000000, -1.586155646917396557E-15, 0.000000000000000000 ) ) ;
#3946 = EDGE_CURVE ( 'NONE', #3704, #1573, #4275, .T. ) ;
#3947 = VERTEX_POINT ( 'NONE', #2045 ) ;
#3948 = LINE ( 'NONE', #2820, #3441 ) ;
#3949 = VERTEX_POINT ( 'NONE', #2490 ) ;
#3950 = VERTEX_POINT ( 'NONE', #1358 ) ;
#3951 = CARTESIAN_POINT ( 'NONE',  ( -1.783779188959456086, 11.24540727080203695, 1.500000000000000000 ) ) ;
#3952 = PLANE ( 'NONE',  #997 ) ;
#3953 = DIRECTION ( 'NONE',  ( -1.688550965067719734E-16, -1.000000000000000000, 0.000000000000000000 ) ) ;
#3954 = FACE_BOUND ( 'NONE', #4761, .T. ) ;
#3955 = VECTOR ( 'NONE', #1501, 1000.000000000000000 ) ;
#3956 = VECTOR ( 'NONE', #2265, 1000.000000000000000 ) ;
#3957 = PLANE ( 'NONE',  #400 ) ;
#3958 = CARTESIAN_POINT ( 'NONE',  ( -16.78377918895946053, 27.04540727080203766, 1.500000000000000000 ) ) ;
#3959 = ORIENTED_EDGE ( 'NONE', *, *, #1511, .T. ) ;
#3960 = DIRECTION ( 'NONE',  ( -0.000000000000000000, -0.000000000000000000, -1.000000000000000000 ) ) ;
#3961 = EDGE_LOOP ( 'NONE', ( #2790, #3428, #3313, #2830 ) ) ;
#3962 = FACE_BOUND ( 'NONE', #878, .T. ) ;
#3963 = CARTESIAN_POINT ( 'NONE',  ( -38.35936546802593483, 76.29879703941352886, 0.000000000000000000 ) ) ;
#3964 = ADVANCED_FACE ( 'NONE', ( #4304 ), #204, .T. ) ;
#3965 = CARTESIAN_POINT ( 'NONE',  ( -59.93684684209464564, 21.67078353961546000, 1.500000000000000000 ) ) ;
#3966 = ORIENTED_EDGE ( 'NONE', *, *, #300, .F. ) ;
#3967 = CARTESIAN_POINT ( 'NONE',  ( -78.98779938972202785, 35.67078353961545645, 1.500000000000000000 ) ) ;
#3968 = CARTESIAN_POINT ( 'NONE',  ( -20.40936546802593199, 19.14540727080202132, 1.500000000000000000 ) ) ;
#3969 = ORIENTED_EDGE ( 'NONE', *, *, #657, .T. ) ;
#3970 = FACE_OUTER_BOUND ( 'NONE', #2000, .T. ) ;
#3971 = ORIENTED_EDGE ( 'NONE', *, *, #1086, .T. ) ;
#3972 = EDGE_CURVE ( 'NONE', #3385, #4264, #1334, .T. ) ;
#3973 = ORIENTED_EDGE ( 'NONE', *, *, #2949, .T. ) ;
#3974 = ORIENTED_EDGE ( 'NONE', *, *, #189, .T. ) ;
#3975 = LINE ( 'NONE', #2823, #1499 ) ;
#3976 = LINE ( 'NONE', #4366, #4367 ) ;
#3978 = CARTESIAN_POINT ( 'NONE',  ( -40.88486674321343628, 16.62003100198857908, 1.500000000000000000 ) ) ;
#3977 = VECTOR ( 'NONE', #593, 1000.000000000000000 ) ;
#3979 = DIRECTION ( 'NONE',  ( 1.000000000000000000, -0.000000000000000000, -0.000000000000000000 ) ) ;
#3980 = VECTOR ( 'NONE', #2468, 1000.000000000000000 ) ;
#3981 = LINE ( 'NONE', #650, #4392 ) ;
#3982 = CARTESIAN_POINT ( 'NONE',  ( -92.98779938972202785, 2.619780989487944911, 1.500000000000000000 ) ) ;
#3983 = VERTEX_POINT ( 'NONE', #632 ) ;
#3984 = LINE ( 'NONE', #630, #3287 ) ;
#3985 = FACE_BOUND ( 'NONE', #4193, .T. ) ;
#3986 = DIRECTION ( 'NONE',  ( -0.000000000000000000, -0.000000000000000000, -1.000000000000000000 ) ) ;
#3987 = EDGE_CURVE ( 'NONE', #4771, #200, #2966, .T. ) ;
#3988 = AXIS2_PLACEMENT_3D ( 'NONE', #2372, #856, #3895 ) ;
#3989 = VECTOR ( 'NONE', #4576, 1000.000000000000000 ) ;
#3990 = LINE ( 'NONE', #2413, #1188 ) ;
#3991 = EDGE_CURVE ( 'NONE', #3361, #1391, #464, .T. ) ;
#3992 = VERTEX_POINT ( 'NONE', #917 ) ;
#3993 = EDGE_CURVE ( 'NONE', #244, #3699, #2387, .T. ) ;
#3994 = DIRECTION ( 'NONE',  ( -3.018909654835917371E-16, 1.000000000000000000, -0.000000000000000000 ) ) ;
#3995 = CARTESIAN_POINT ( 'NONE',  ( -94.81643493697376357, 99.31654703941356388, 1.500000000000000000 ) ) ;
#3996 = ORIENTED_EDGE ( 'NONE', *, *, #1559, .F. ) ;
#3997 = LINE ( 'NONE', #925, #1170 ) ;
#3998 = EDGE_LOOP ( 'NONE', ( #192, #588, #2623, #1028 ) ) ;
#3999 = ORIENTED_EDGE ( 'NONE', *, *, #3653, .T. ) ;
#4000 = EDGE_LOOP ( 'NONE', ( #1695, #4333 ) ) ;
#4001 = DIRECTION ( 'NONE',  ( 1.000000000000000000, -0.000000000000000000, -0.000000000000000000 ) ) ;
#4002 = DIRECTION ( 'NONE',  ( 0.7071067811865470176, -0.7071067811865480168, 0.000000000000000000 ) ) ;
#4003 = PLANE ( 'NONE',  #2360 ) ;
#4004 = VECTOR ( 'NONE', #4096, 1000.000000000000000 ) ;
#4005 = DIRECTION ( 'NONE',  ( 4.956400655611514636E-16, -1.000000000000000000, 0.000000000000000000 ) ) ;
#4006 = CARTESIAN_POINT ( 'NONE',  ( -16.78377918895945697, 11.24540727080203517, 1.500000000000000000 ) ) ;
#4007 = ORIENTED_EDGE ( 'NONE', *, *, #3586, .F. ) ;
#4008 = VECTOR ( 'NONE', #149, 1000.000000000000000 ) ;
#4009 = AXIS2_PLACEMENT_3D ( 'NONE', #2683, #3507, #519 ) ;
#4010 = CARTESIAN_POINT ( 'NONE',  ( -1.053115468025901835, -2.285842729197974599, 1.500000000000000000 ) ) ;
#4011 = CARTESIAN_POINT ( 'NONE',  ( -92.98779938972202785, 21.67078353961546000, 1.500000000000000000 ) ) ;
#4012 = CARTESIAN_POINT ( 'NONE',  ( -59.93684684209464564, 35.67078353961546355, 1.500000000000000000 ) ) ;
#4013 = EDGE_CURVE ( 'NONE', #200, #4771, #536, .T. ) ;
#4014 = CARTESIAN_POINT ( 'NONE',  ( -49.50936546802591209, 59.77268863487022088, 1.500000000000000000 ) ) ;
#4015 = DIRECTION ( 'NONE',  ( -0.000000000000000000, -0.000000000000000000, -1.000000000000000000 ) ) ;
#4016 = ORIENTED_EDGE ( 'NONE', *, *, #1741, .T. ) ;
#4017 = CARTESIAN_POINT ( 'NONE',  ( -75.35936546802592773, 19.14540727080201421, 1.500000000000000000 ) ) ;
#4018 = VERTEX_POINT ( 'NONE', #2862 ) ;
#4019 = ORIENTED_EDGE ( 'NONE', *, *, #445, .F. ) ;
#4020 = ORIENTED_EDGE ( 'NONE', *, *, #4439, .F. ) ;
#4021 = DIRECTION ( 'NONE',  ( 0.000000000000000000, -0.000000000000000000, 1.000000000000000000 ) ) ;
#4022 = LINE ( 'NONE', #4391, #4597 ) ;
#4023 = VECTOR ( 'NONE', #1216, 1000.000000000000000 ) ;
#4024 = DIRECTION ( 'NONE',  ( -1.000000000000000000, 0.000000000000000000, 0.000000000000000000 ) ) ;
#4025 = VECTOR ( 'NONE', #4430, 1000.000000000000000 ) ;
#4026 = DIRECTION ( 'NONE',  ( 0.7071067811865474617, 0.7071067811865474617, 0.000000000000000000 ) ) ;
#4027 = ORIENTED_EDGE ( 'NONE', *, *, #3370, .T. ) ;
#4028 = EDGE_CURVE ( 'NONE', #3496, #730, #4354, .T. ) ;
#4029 = LINE ( 'NONE', #673, #2435 ) ;
#4030 = EDGE_CURVE ( 'NONE', #948, #2593, #260, .T. ) ;
#4031 = CARTESIAN_POINT ( 'NONE',  ( -35.20936546802590783, 59.77268863487023509, 1.500000000000000000 ) ) ;
#4032 = DIRECTION ( 'NONE',  ( 0.000000000000000000, 0.000000000000000000, 1.000000000000000000 ) ) ;
#4033 = EDGE_CURVE ( 'NONE', #3868, #1508, #3253, .T. ) ;
#4034 = LINE ( 'NONE', #1137, #563 ) ;
#4035 = LINE ( 'NONE', #1482, #2459 ) ;
#4036 = CARTESIAN_POINT ( 'NONE',  ( -19.30936546802593412, 19.14540727080202132, 1.500000000000000000 ) ) ;
#4037 = VERTEX_POINT ( 'NONE', #528 ) ;
#4038 = CARTESIAN_POINT ( 'NONE',  ( -16.78377918895944632, 12.14540727080204086, 1.500000000000000000 ) ) ;
#4039 = ORIENTED_EDGE ( 'NONE', *, *, #4075, .F. ) ;
#4040 = ORIENTED_EDGE ( 'NONE', *, *, #2487, .T. ) ;
#4041 = ORIENTED_EDGE ( 'NONE', *, *, #1528, .F. ) ;
#4042 = LINE ( 'NONE', #3354, #2043 ) ;
#4043 = DIRECTION ( 'NONE',  ( -0.000000000000000000, 0.000000000000000000, 1.000000000000000000 ) ) ;
#4044 = VECTOR ( 'NONE', #1513, 1000.000000000000000 ) ;
#4045 = EDGE_CURVE ( 'NONE', #4253, #4074, #2018, .T. ) ;
#4046 = ORIENTED_EDGE ( 'NONE', *, *, #2491, .T. ) ;
#4047 = ORIENTED_EDGE ( 'NONE', *, *, #2867, .F. ) ;
#4048 =( LENGTH_UNIT ( ) NAMED_UNIT ( * ) SI_UNIT ( .MILLI., .METRE. ) );
#4049 = DIRECTION ( 'NONE',  ( 1.000000000000000000, 2.478331740334800717E-16, -0.000000000000000000 ) ) ;
#4050 = ORIENTED_EDGE ( 'NONE', *, *, #3477, .T. ) ;
#4051 = AXIS2_PLACEMENT_3D ( 'NONE', #4192, #2322, #1587 ) ;
#4052 = CARTESIAN_POINT ( 'NONE',  ( -60.81329765616042948, -1.285842729197969936, 1.500000000000000000 ) ) ;
#4053 = LINE ( 'NONE', #4472, #4456 ) ;
#4054 = ORIENTED_EDGE ( 'NONE', *, *, #2370, .F. ) ;
#4055 = DIRECTION ( 'NONE',  ( 1.000000000000000000, 0.000000000000000000, 0.000000000000000000 ) ) ;
#4056 = VERTEX_POINT ( 'NONE', #4011 ) ;
#4057 = VECTOR ( 'NONE', #3013, 1000.000000000000000 ) ;
#4058 = CYLINDRICAL_SURFACE ( 'NONE', #115, 4.999999999999999112 ) ;
#4059 = CARTESIAN_POINT ( 'NONE',  ( -59.93684684209465274, 54.72160087992026689, 1.500000000000000000 ) ) ;
#4060 = VECTOR ( 'NONE', #1435, 1000.000000000000000 ) ;
#4061 = EDGE_CURVE ( 'NONE', #1160, #3725, #2886, .T. ) ;
#4062 = ORIENTED_EDGE ( 'NONE', *, *, #228, .F. ) ;
#4063 = CARTESIAN_POINT ( 'NONE',  ( -35.83386419283842628, 16.62003100198858263, 1.500000000000000000 ) ) ;
#4064 = VERTEX_POINT ( 'NONE', #2188 ) ;
#4065 = EDGE_LOOP ( 'NONE', ( #1152, #1926, #3261, #1319 ) ) ;
#4066 = EDGE_LOOP ( 'NONE', ( #334, #4071, #1612, #1126 ) ) ;
#4067 = LINE ( 'NONE', #3752, #1652 ) ;
#4068 = FACE_OUTER_BOUND ( 'NONE', #1849, .T. ) ;
#4069 = EDGE_CURVE ( 'NONE', #3052, #3936, #1083, .T. ) ;
#4070 = VERTEX_POINT ( 'NONE', #1059 ) ;
#4071 = ORIENTED_EDGE ( 'NONE', *, *, #1987, .F. ) ;
#4072 = PRESENTATION_STYLE_ASSIGNMENT (( #2921 ) ) ;
#4073 = DIRECTION ( 'NONE',  ( 0.000000000000000000, -0.000000000000000000, -1.000000000000000000 ) ) ;
#4074 = VERTEX_POINT ( 'NONE', #2163 ) ;
#4075 = EDGE_CURVE ( 'NONE', #2415, #2130, #279, .T. ) ;
#4076 = ADVANCED_FACE ( 'NONE', ( #2143 ), #3686, .T. ) ;
#4077 = PLANE ( 'NONE',  #259 ) ;
#4078 = FACE_OUTER_BOUND ( 'NONE', #1437, .T. ) ;
#4079 = VERTEX_POINT ( 'NONE', #3319 ) ;
#4080 = DIRECTION ( 'NONE',  ( 0.000000000000000000, 0.000000000000000000, 1.000000000000000000 ) ) ;
#4081 = VECTOR ( 'NONE', #1010, 1000.000000000000000 ) ;
#4082 = ORIENTED_EDGE ( 'NONE', *, *, #358, .T. ) ;
#4083 = DIRECTION ( 'NONE',  ( -1.000000000000000000, 0.000000000000000000, 0.000000000000000000 ) ) ;
#4084 = CARTESIAN_POINT ( 'NONE',  ( -21.83474173683936570, 21.67078353961546000, 1.500000000000000000 ) ) ;
#4085 = ORIENTED_EDGE ( 'NONE', *, *, #4680, .F. ) ;
#4086 = CARTESIAN_POINT ( 'NONE',  ( -1.053115468025901613, 0.8891572708020246685, 1.500000000000000000 ) ) ;
#4087 = DIRECTION ( 'NONE',  ( -9.985137972241661414E-16, 1.000000000000000000, -0.000000000000000000 ) ) ;
#4088 = ORIENTED_EDGE ( 'NONE', *, *, #3143, .T. ) ;
#4089 = EDGE_CURVE ( 'NONE', #3323, #2415, #1428, .T. ) ;
#4090 = CARTESIAN_POINT ( 'NONE',  ( 2.121884531974098209, 0.8891572708020246685, 0.000000000000000000 ) ) ;
#4091 = FACE_OUTER_BOUND ( 'NONE', #739, .T. ) ;
#4092 = EDGE_CURVE ( 'NONE', #4412, #3241, #2537, .T. ) ;
#4093 = EDGE_CURVE ( 'NONE', #4573, #2593, #4053, .T. ) ;
#4094 = ORIENTED_EDGE ( 'NONE', *, *, #3732, .T. ) ;
#4095 = ORIENTED_EDGE ( 'NONE', *, *, #2480, .F. ) ;
#4096 = DIRECTION ( 'NONE',  ( -0.000000000000000000, -0.000000000000000000, -1.000000000000000000 ) ) ;
#4097 = CARTESIAN_POINT ( 'NONE',  ( -92.98779938972202785, 40.72173608680434853, 0.000000000000000000 ) ) ;
#4098 = CARTESIAN_POINT ( 'NONE',  ( -34.95543327989138049, -6.285842729197963052, 1.500000000000000000 ) ) ;
#4099 = PLANE ( 'NONE',  #1973 ) ;
#4100 = CARTESIAN_POINT ( 'NONE',  ( -16.78377918895944987, 26.14540727080203908, 1.500000000000000000 ) ) ;
#4101 = DIRECTION ( 'NONE',  ( -0.000000000000000000, -0.000000000000000000, -1.000000000000000000 ) ) ;
#4102 = EDGE_LOOP ( 'NONE', ( #3269, #3801, #4242, #1678 ) ) ;
#4103 = EDGE_LOOP ( 'NONE', ( #2688, #1720, #3551, #1120 ) ) ;
#4104 = VECTOR ( 'NONE', #1213, 1000.000000000000000 ) ;
#4105 = PLANE ( 'NONE',  #4556 ) ;
#4106 = ORIENTED_EDGE ( 'NONE', *, *, #2661, .T. ) ;
#4107 = VECTOR ( 'NONE', #4777, 1000.000000000000000 ) ;
#4108 = EDGE_CURVE ( 'NONE', #801, #1186, #4821, .T. ) ;
#4109 = DIRECTION ( 'NONE',  ( 0.000000000000000000, 0.000000000000000000, 1.000000000000000000 ) ) ;
#4110 = DIRECTION ( 'NONE',  ( 1.239088197126291556E-16, -1.000000000000000000, 0.000000000000000000 ) ) ;
#4111 = ORIENTED_EDGE ( 'NONE', *, *, #3946, .F. ) ;
#4112 = LINE ( 'NONE', #2221, #1925 ) ;
#4113 = CARTESIAN_POINT ( 'NONE',  ( 2.121884531974099097, -2.285842729197975931, 1.500000000000000000 ) ) ;
#4114 = ORIENTED_EDGE ( 'NONE', *, *, #3021, .T. ) ;
#4115 = CARTESIAN_POINT ( 'NONE',  ( -34.95543327989138049, -6.285842729197963052, 1.500000000000000000 ) ) ;
#4116 = CARTESIAN_POINT ( 'NONE',  ( -40.88486674321342207, 54.72160087992028821, 1.500000000000000000 ) ) ;
#4117 = EDGE_CURVE ( 'NONE', #1069, #4264, #1872, .T. ) ;
#4118 = ORIENTED_EDGE ( 'NONE', *, *, #2157, .F. ) ;
#4119 = ORIENTED_EDGE ( 'NONE', *, *, #3012, .F. ) ;
#4120 = LINE ( 'NONE', #3730, #1251 ) ;
#4121 = DIRECTION ( 'NONE',  ( -0.000000000000000000, -0.000000000000000000, -1.000000000000000000 ) ) ;
#4122 = DIRECTION ( 'NONE',  ( -1.000000000000000000, 0.000000000000000000, 0.000000000000000000 ) ) ;
#4123 = CARTESIAN_POINT ( 'NONE',  ( -78.98779938972204206, 54.72160087992026689, 1.500000000000000000 ) ) ;
#4124 = DIRECTION ( 'NONE',  ( -0.000000000000000000, -0.000000000000000000, -1.000000000000000000 ) ) ;
#4125 = VECTOR ( 'NONE', #4832, 1000.000000000000000 ) ;
#4126 = ORIENTED_EDGE ( 'NONE', *, *, #623, .T. ) ;
#4127 = ORIENTED_EDGE ( 'NONE', *, *, #3199, .T. ) ;
#4128 = ADVANCED_FACE ( 'NONE', ( #4774 ), #3642, .T. ) ;
#4129 = PRODUCT_CONTEXT ( 'NONE', #4748, 'mechanical' ) ;
#4130 = CARTESIAN_POINT ( 'NONE',  ( -35.83386419283842628, 35.67078353961546355, 1.500000000000000000 ) ) ;
#4131 = VECTOR ( 'NONE', #3180, 1000.000000000000000 ) ;
#4132 = ORIENTED_EDGE ( 'NONE', *, *, #1829, .F. ) ;
#4133 = LINE ( 'NONE', #88, #2702 ) ;
#4134 = LINE ( 'NONE', #4826, #2091 ) ;
#4135 = EDGE_LOOP ( 'NONE', ( #2106, #2603, #3599, #3185 ) ) ;
#4136 = LINE ( 'NONE', #2272, #180 ) ;
#4137 = EDGE_CURVE ( 'NONE', #2968, #2897, #1452, .T. ) ;
#4138 = AXIS2_PLACEMENT_3D ( 'NONE', #2763, #874, #65 ) ;
#4139 = CARTESIAN_POINT ( 'NONE',  ( -65.30936546802591636, 59.77268863487022088, 1.500000000000000000 ) ) ;
#4140 = ORIENTED_EDGE ( 'NONE', *, *, #50, .F. ) ;
#4141 = DIRECTION ( 'NONE',  ( -0.000000000000000000, -0.000000000000000000, -1.000000000000000000 ) ) ;
#4142 = LINE ( 'NONE', #3727, #4679 ) ;
#4143 = VECTOR ( 'NONE', #2482, 1000.000000000000000 ) ;
#4144 = ORIENTED_EDGE ( 'NONE', *, *, #3102, .T. ) ;
#4145 = ORIENTED_EDGE ( 'NONE', *, *, #2904, .T. ) ;
#4146 = AXIS2_PLACEMENT_3D ( 'NONE', #1356, #4352, #2782 ) ;
#4147 = CARTESIAN_POINT ( 'NONE',  ( -5.021865468025909607, 97.73004703941359139, 0.000000000000000000 ) ) ;
#4148 = DIRECTION ( 'NONE',  ( -0.000000000000000000, -0.000000000000000000, -1.000000000000000000 ) ) ;
#4149 = PRODUCT_DEFINITION ( 'UNKNOWN', '', #4633, #3915 ) ;
#4150 = CARTESIAN_POINT ( 'NONE',  ( -21.83474173683936215, 2.619780989487944911, 1.500000000000000000 ) ) ;
#4151 = LINE ( 'NONE', #4123, #1460 ) ;
#4152 = DIRECTION ( 'NONE',  ( -0.000000000000000000, -0.000000000000000000, -1.000000000000000000 ) ) ;
#4153 = EDGE_LOOP ( 'NONE', ( #2526, #1574, #3943, #3925 ) ) ;
#4154 = ORIENTED_EDGE ( 'NONE', *, *, #27, .T. ) ;
#4155 = AXIS2_PLACEMENT_3D ( 'NONE', #2331, #3834, #475 ) ;
#4156 = DIRECTION ( 'NONE',  ( -0.000000000000000000, -0.000000000000000000, -1.000000000000000000 ) ) ;
#4157 = VERTEX_POINT ( 'NONE', #2585 ) ;
#4158 = LINE ( 'NONE', #3397, #4185 ) ;
#4159 = LINE ( 'NONE', #850, #4690 ) ;
#4160 = VECTOR ( 'NONE', #2450, 1000.000000000000000 ) ;
#4161 = EDGE_LOOP ( 'NONE', ( #3722, #1680, #4673, #4519 ) ) ;
#4162 = VECTOR ( 'NONE', #3942, 1000.000000000000000 ) ;
#4163 = CARTESIAN_POINT ( 'NONE',  ( -3.409365468025916002, 59.77268863487023509, 1.500000000000000000 ) ) ;
#4164 = DIRECTION ( 'NONE',  ( 0.000000000000000000, 0.000000000000000000, 1.000000000000000000 ) ) ;
#4165 = ORIENTED_EDGE ( 'NONE', *, *, #1480, .F. ) ;
#4166 = CARTESIAN_POINT ( 'NONE',  ( -97.89061546802591351, 102.4915470394135184, 1.500000000000000000 ) ) ;
#4167 = DIRECTION ( 'NONE',  ( 1.000000000000000000, -0.000000000000000000, -0.000000000000000000 ) ) ;
#4168 = ORIENTED_EDGE ( 'NONE', *, *, #2270, .T. ) ;
#4169 = ORIENTED_EDGE ( 'NONE', *, *, #2540, .T. ) ;
#4170 = ADVANCED_FACE ( 'NONE', ( #4078 ), #2906, .T. ) ;
#4171 = PLANE ( 'NONE',  #3849 ) ;
#4172 = CARTESIAN_POINT ( 'NONE',  ( 2.121884531974091992, 31.10285215510787182, 1.500000000000000000 ) ) ;
#4173 = DIRECTION ( 'NONE',  ( 0.000000000000000000, 1.000000000000000000, 0.000000000000000000 ) ) ;
#4174 = FACE_OUTER_BOUND ( 'NONE', #1969, .T. ) ;
#4175 = LINE ( 'NONE', #1988, #1325 ) ;
#4176 = ORIENTED_EDGE ( 'NONE', *, *, #2478, .F. ) ;
#4177 = VERTEX_POINT ( 'NONE', #3340 ) ;
#4178 = AXIS2_PLACEMENT_3D ( 'NONE', #3820, #1903, #4604 ) ;
#4179 = EDGE_CURVE ( 'NONE', #2472, #3688, #4842, .T. ) ;
#4180 = PLANE ( 'NONE',  #977 ) ;
#4181 = ADVANCED_FACE ( 'NONE', ( #2926 ), #4424, .T. ) ;
#4182 = ORIENTED_EDGE ( 'NONE', *, *, #3230, .T. ) ;
#4183 = DIRECTION ( 'NONE',  ( 0.000000000000000000, 0.000000000000000000, -1.000000000000000000 ) ) ;
#4184 = CARTESIAN_POINT ( 'NONE',  ( -96.89061546802591351, 63.03178434324228618, 1.500000000000000000 ) ) ;
#4185 = VECTOR ( 'NONE', #1234, 1000.000000000000000 ) ;
#4186 = ADVANCED_FACE ( 'NONE', ( #3738 ), #378, .T. ) ;
#4187 = ORIENTED_EDGE ( 'NONE', *, *, #3246, .T. ) ;
#4188 = LINE ( 'NONE', #4628, #2535 ) ;
#4189 = DIRECTION ( 'NONE',  ( 1.000000000000000000, -0.000000000000000000, -0.000000000000000000 ) ) ;
#4190 = VERTEX_POINT ( 'NONE', #2516 ) ;
#4191 = DIRECTION ( 'NONE',  ( 1.000000000000000000, 1.239088197126291063E-16, 0.000000000000000000 ) ) ;
#4192 = CARTESIAN_POINT ( 'NONE',  ( -45.50311546802591778, 81.06129703941358855, 1.500000000000000000 ) ) ;
#4193 = EDGE_LOOP ( 'NONE', ( #1656, #4144, #3368, #3034 ) ) ;
#4194 = ORIENTED_EDGE ( 'NONE', *, *, #4707, .T. ) ;
#4195 = PLANE ( 'NONE',  #2222 ) ;
#4196 = EDGE_CURVE ( 'NONE', #1187, #1526, #2359, .T. ) ;
#4197 = CARTESIAN_POINT ( 'NONE',  ( -54.88386419283836659, 54.72160087992026689, 1.500000000000000000 ) ) ;
#4198 = DIRECTION ( 'NONE',  ( -1.000000000000000000, -2.478331740334800717E-16, 0.000000000000000000 ) ) ;
#4199 = EDGE_CURVE ( 'NONE', #4548, #3489, #386, .T. ) ;
#4200 = CYLINDRICAL_SURFACE ( 'NONE', #4155, 5.000000000000011546 ) ;
#4201 = DIRECTION ( 'NONE',  ( 1.000000000000000000, 0.000000000000000000, 0.000000000000000000 ) ) ;
#4202 = EDGE_LOOP ( 'NONE', ( #2637, #3127, #321, #4169 ) ) ;
#4203 = CARTESIAN_POINT ( 'NONE',  ( 2.121884531974091992, 31.10285215510787182, 1.500000000000000000 ) ) ;
#4204 = ORIENTED_EDGE ( 'NONE', *, *, #2333, .T. ) ;
#4205 = AXIS2_PLACEMENT_3D ( 'NONE', #647, #3610, #219 ) ;
#4206 = DIRECTION ( 'NONE',  ( -1.000000000000000000, 0.000000000000000000, 0.000000000000000000 ) ) ;
#4207 = CARTESIAN_POINT ( 'NONE',  ( -78.98779938972202785, 21.67078353961546000, 1.500000000000000000 ) ) ;
#4208 = EDGE_CURVE ( 'NONE', #833, #2461, #2309, .T. ) ;
#4209 = VECTOR ( 'NONE', #4015, 1000.000000000000000 ) ;
#4210 = EDGE_LOOP ( 'NONE', ( #3679, #317, #4204, #3159 ) ) ;
#4211 = CARTESIAN_POINT ( 'NONE',  ( -59.93684684209464564, 40.72173608680434853, 1.500000000000000000 ) ) ;
#4212 = APPLICATION_CONTEXT ( 'automotive_design' ) ;
#4213 = ORIENTED_EDGE ( 'NONE', *, *, #4517, .T. ) ;
#4214 = CARTESIAN_POINT ( 'NONE',  ( -27.20936546802591494, 59.77268863487023509, 0.000000000000000000 ) ) ;
#4215 = DIRECTION ( 'NONE',  ( -0.000000000000000000, -0.000000000000000000, -1.000000000000000000 ) ) ;
#4216 = EDGE_CURVE ( 'NONE', #3936, #4791, #3756, .T. ) ;
#4217 = VERTEX_POINT ( 'NONE', #3415 ) ;
#4218 = ORIENTED_EDGE ( 'NONE', *, *, #1100, .F. ) ;
#4219 = CARTESIAN_POINT ( 'NONE',  ( -5.021865468025911383, 81.06129703941358855, 0.000000000000000000 ) ) ;
#4220 = DIRECTION ( 'NONE',  ( 1.000000000000000000, 1.487012322605958667E-15, 0.000000000000000000 ) ) ;
#4221 = EDGE_CURVE ( 'NONE', #3011, #3819, #1938, .T. ) ;
#4222 = CARTESIAN_POINT ( 'NONE',  ( -66.93436546802588794, 97.73004703941356297, 1.500000000000000000 ) ) ;
#4223 = VECTOR ( 'NONE', #2784, 1000.000000000000000 ) ;
#4224 = CARTESIAN_POINT ( 'NONE',  ( -76.45936546802592204, 19.14540727080201421, 1.500000000000000000 ) ) ;
#4225 = DIRECTION ( 'NONE',  ( -1.000000000000000000, -2.478176394252580155E-16, 0.000000000000000000 ) ) ;
#4226 = EDGE_CURVE ( 'NONE', #4551, #4771, #403, .T. ) ;
#4227 = ORIENTED_EDGE ( 'NONE', *, *, #2874, .T. ) ;
#4228 = EDGE_CURVE ( 'NONE', #2224, #3468, #4546, .T. ) ;
#4229 = CIRCLE ( 'NONE', #395, 4.999999999999999112 ) ;
#4230 = CARTESIAN_POINT ( 'NONE',  ( -31.41989937395864274, -4.821376635130702581, 1.500000000000000000 ) ) ;
#4231 = ORIENTED_EDGE ( 'NONE', *, *, #1493, .F. ) ;
#4232 = LINE ( 'NONE', #873, #2063 ) ;
#4233 = LINE ( 'NONE', #3470, #775 ) ;
#4234 = VECTOR ( 'NONE', #4643, 1000.000000000000000 ) ;
#4235 = ORIENTED_EDGE ( 'NONE', *, *, #2777, .F. ) ;
#4236 = DIRECTION ( 'NONE',  ( -0.000000000000000000, -0.000000000000000000, -1.000000000000000000 ) ) ;
#4237 = ORIENTED_EDGE ( 'NONE', *, *, #1819, .F. ) ;
#4238 = DIRECTION ( 'NONE',  ( -1.000000000000000000, 0.000000000000000000, 0.000000000000000000 ) ) ;
#4239 = DIRECTION ( 'NONE',  ( 0.000000000000000000, 0.000000000000000000, 1.000000000000000000 ) ) ;
#4240 = MECHANICAL_DESIGN_GEOMETRIC_PRESENTATION_REPRESENTATION (  '', ( #4474 ), #2357 ) ;
#4241 = EDGE_CURVE ( 'NONE', #1063, #1186, #1158, .T. ) ;
#4242 = ORIENTED_EDGE ( 'NONE', *, *, #3993, .T. ) ;
#4243 = EDGE_CURVE ( 'NONE', #3815, #2179, #1229, .T. ) ;
#4244 = ORIENTED_EDGE ( 'NONE', *, *, #3864, .T. ) ;
#4245 = DIRECTION ( 'NONE',  ( -0.000000000000000000, -1.000000000000000000, -0.000000000000000000 ) ) ;
#4246 = FACE_BOUND ( 'NONE', #3442, .T. ) ;
#4247 = EDGE_CURVE ( 'NONE', #4074, #92, #82, .T. ) ;
#4248 = DIRECTION ( 'NONE',  ( 0.000000000000000000, 0.000000000000000000, -1.000000000000000000 ) ) ;
#4249 = FACE_OUTER_BOUND ( 'NONE', #2152, .T. ) ;
#4250 = ORIENTED_EDGE ( 'NONE', *, *, #125, .T. ) ;
#4251 = EDGE_CURVE ( 'NONE', #3481, #2375, #4494, .T. ) ;
#4252 = DIRECTION ( 'NONE',  ( -0.000000000000000000, -1.000000000000000000, -0.000000000000000000 ) ) ;
#4253 = VERTEX_POINT ( 'NONE', #107 ) ;
#4254 = LINE ( 'NONE', #2762, #4817 ) ;
#4255 = DIRECTION ( 'NONE',  ( 1.000000000000000000, 0.000000000000000000, 0.000000000000000000 ) ) ;
#4256 = AXIS2_PLACEMENT_3D ( 'NONE', #4557, #1630, #3131 ) ;
#4257 = ORIENTED_EDGE ( 'NONE', *, *, #1559, .T. ) ;
#4258 = CARTESIAN_POINT ( 'NONE',  ( -40.88486674321343628, 35.67078353961546355, 1.500000000000000000 ) ) ;
#4259 = EDGE_CURVE ( 'NONE', #755, #1391, #1208, .T. ) ;
#4260 = ORIENTED_EDGE ( 'NONE', *, *, #3565, .T. ) ;
#4261 = PLANE ( 'NONE',  #2101 ) ;
#4262 = FACE_OUTER_BOUND ( 'NONE', #4443, .T. ) ;
#4263 = EDGE_LOOP ( 'NONE', ( #2502, #966, #4213, #783 ) ) ;
#4264 = VERTEX_POINT ( 'NONE', #2662 ) ;
#4265 = CARTESIAN_POINT ( 'NONE',  ( -11.40936546802590534, 59.77268863487023509, 0.000000000000000000 ) ) ;
#4266 = DIRECTION ( 'NONE',  ( -4.956352788505164254E-16, 1.000000000000000000, 0.000000000000000000 ) ) ;
#4267 = LINE ( 'NONE', #2109, #4081 ) ;
#4268 = FACE_BOUND ( 'NONE', #4422, .T. ) ;
#4269 = EDGE_CURVE ( 'NONE', #1780, #3607, #1895, .T. ) ;
#4270 = CARTESIAN_POINT ( 'NONE',  ( -34.95543327989140181, 106.4915470394135468, 1.500000000000000000 ) ) ;
#4271 = DIRECTION ( 'NONE',  ( -0.000000000000000000, -0.000000000000000000, -1.000000000000000000 ) ) ;
#4272 = ORIENTED_EDGE ( 'NONE', *, *, #151, .F. ) ;
#4273 = CARTESIAN_POINT ( 'NONE',  ( -35.83386419283842628, 16.62003100198858263, 1.500000000000000000 ) ) ;
#4274 = ORIENTED_EDGE ( 'NONE', *, *, #427, .T. ) ;
#4275 = LINE ( 'NONE', #2067, #3436 ) ;
#4276 = EDGE_CURVE ( 'NONE', #833, #370, #843, .T. ) ;
#4277 = EDGE_CURVE ( 'NONE', #3005, #4791, #798, .T. ) ;
#4278 = CIRCLE ( 'NONE', #1145, 5.000000000000011546 ) ;
#4279 = VERTEX_POINT ( 'NONE', #3789 ) ;
#4280 = CARTESIAN_POINT ( 'NONE',  ( -11.40936546802590534, 59.77268863487023509, 1.500000000000000000 ) ) ;
#4281 = EDGE_LOOP ( 'NONE', ( #800, #1146, #680, #190 ) ) ;
#4282 = LINE ( 'NONE', #1681, #4528 ) ;
#4283 = DIRECTION ( 'NONE',  ( -0.000000000000000000, -0.000000000000000000, -1.000000000000000000 ) ) ;
#4284 = EDGE_CURVE ( 'NONE', #4190, #213, #4593, .T. ) ;
#4285 = VECTOR ( 'NONE', #2990, 1000.000000000000000 ) ;
#4286 = ORIENTED_EDGE ( 'NONE', *, *, #1871, .T. ) ;
#4287 = LINE ( 'NONE', #266, #545 ) ;
#4288 = EDGE_LOOP ( 'NONE', ( #1337, #1922, #3650, #24 ) ) ;
#4289 = ORIENTED_EDGE ( 'NONE', *, *, #4833, .F. ) ;
#4290 = LINE ( 'NONE', #246, #4476 ) ;
#4291 = DIRECTION ( 'NONE',  ( -0.7071067811865480168, -0.7071067811865470176, 0.000000000000000000 ) ) ;
#4292 = CARTESIAN_POINT ( 'NONE',  ( -97.89061546802591351, 0.8891572708020264448, 0.000000000000000000 ) ) ;
#4293 = FACE_BOUND ( 'NONE', #4311, .T. ) ;
#4294 = AXIS2_PLACEMENT_3D ( 'NONE', #1634, #4606, #1978 ) ;
#4295 = VECTOR ( 'NONE', #1822, 1000.000000000000000 ) ;
#4296 = CARTESIAN_POINT ( 'NONE',  ( -1.783779188959460749, 27.04540727080204832, 0.000000000000000000 ) ) ;
#4297 = DIRECTION ( 'NONE',  ( 0.000000000000000000, 0.000000000000000000, -1.000000000000000000 ) ) ;
#4298 = ORIENTED_EDGE ( 'NONE', *, *, #358, .F. ) ;
#4299 = VECTOR ( 'NONE', #3169, 1000.000000000000000 ) ;
#4300 = DIRECTION ( 'NONE',  ( -1.000000000000000000, -0.000000000000000000, -0.000000000000000000 ) ) ;
#4301 = ORIENTED_EDGE ( 'NONE', *, *, #995, .T. ) ;
#4302 = FACE_BOUND ( 'NONE', #4681, .T. ) ;
#4303 = VECTOR ( 'NONE', #663, 1000.000000000000000 ) ;
#4304 = FACE_OUTER_BOUND ( 'NONE', #2616, .T. ) ;
#4305 = EDGE_LOOP ( 'NONE', ( #2570, #355, #1933, #2663 ) ) ;
#4306 = CARTESIAN_POINT ( 'NONE',  ( -60.81329765616042238, -6.285842729197964829, 0.000000000000000000 ) ) ;
#4307 = ORIENTED_EDGE ( 'NONE', *, *, #4466, .T. ) ;
#4308 = VECTOR ( 'NONE', #3363, 1000.000000000000000 ) ;
#4309 = CARTESIAN_POINT ( 'NONE',  ( -78.98779938972202785, 59.77268863487023509, 1.500000000000000000 ) ) ;
#4310 = LINE ( 'NONE', #3207, #1620 ) ;
#4311 = EDGE_LOOP ( 'NONE', ( #2149, #2871, #1557, #3996 ) ) ;
#4312 = CARTESIAN_POINT ( 'NONE',  ( -92.98779938972202785, 73.67113234831137447, 1.500000000000000000 ) ) ;
#4313 = ORIENTED_EDGE ( 'NONE', *, *, #4359, .F. ) ;
#4314 = VERTEX_POINT ( 'NONE', #2262 ) ;
#4315 = CARTESIAN_POINT ( 'NONE',  ( -59.93684684209464564, 35.67078353961546355, 0.000000000000000000 ) ) ;
#4316 = CARTESIAN_POINT ( 'NONE',  ( -97.89061546802592773, 69.10285215510766932, 0.000000000000000000 ) ) ;
#4317 = LINE ( 'NONE', #986, #1185 ) ;
#4318 = ADVANCED_FACE ( 'NONE', ( #1184 ), #2687, .T. ) ;
#4319 = FACE_BOUND ( 'NONE', #4464, .T. ) ;
#4320 = AXIS2_PLACEMENT_3D ( 'NONE', #3141, #3217, #2057 ) ;
#4321 = VECTOR ( 'NONE', #2863, 1000.000000000000000 ) ;
#4322 = EDGE_CURVE ( 'NONE', #577, #3130, #58, .T. ) ;
#4323 = LINE ( 'NONE', #3637, #3065 ) ;
#4324 = LINE ( 'NONE', #965, #4299 ) ;
#4325 = ORIENTED_EDGE ( 'NONE', *, *, #2843, .T. ) ;
#4326 = CYLINDRICAL_SURFACE ( 'NONE', #3913, 1.100000000000003642 ) ;
#4327 = EDGE_LOOP ( 'NONE', ( #1426, #913, #2712, #2371 ) ) ;
#4328 = LINE ( 'NONE', #2536, #3851 ) ;
#4329 = VECTOR ( 'NONE', #1502, 1000.000000000000000 ) ;
#4330 = CARTESIAN_POINT ( 'NONE',  ( -38.35936546802593483, 76.29879703941352886, 0.000000000000000000 ) ) ;
#4331 = EDGE_CURVE ( 'NONE', #3061, #1597, #4175, .T. ) ;
#4332 = CARTESIAN_POINT ( 'NONE',  ( -49.50936546802591209, 59.77268863487022088, 1.500000000000000000 ) ) ;
#4333 = ORIENTED_EDGE ( 'NONE', *, *, #4199, .F. ) ;
#4334 = CARTESIAN_POINT ( 'NONE',  ( -40.88486674321343628, 21.67078353961545645, 0.000000000000000000 ) ) ;
#4335 = CARTESIAN_POINT ( 'NONE',  ( -100.4261493739585944, 66.56731824917505946, 1.500000000000000000 ) ) ;
#4336 = VERTEX_POINT ( 'NONE', #3147 ) ;
#4337 = DIRECTION ( 'NONE',  ( 0.000000000000000000, -0.000000000000000000, -1.000000000000000000 ) ) ;
#4338 = ORIENTED_EDGE ( 'NONE', *, *, #1022, .F. ) ;
#4339 = ORIENTED_EDGE ( 'NONE', *, *, #2611, .T. ) ;
#4340 = ORIENTED_EDGE ( 'NONE', *, *, #858, .F. ) ;
#4341 = CARTESIAN_POINT ( 'NONE',  ( -3.409365468025916002, 59.77268863487023509, 0.000000000000000000 ) ) ;
#4342 = CARTESIAN_POINT ( 'NONE',  ( -11.40936546802591423, 74.77268863487022088, 1.500000000000000000 ) ) ;
#4343 = CARTESIAN_POINT ( 'NONE',  ( -69.31561546802588225, 78.68004703941353739, 1.500000000000000000 ) ) ;
#4344 = CARTESIAN_POINT ( 'NONE',  ( -12.30936546802591280, 73.67113234831137447, 1.500000000000000000 ) ) ;
#4345 = VECTOR ( 'NONE', #3031, 1000.000000000000000 ) ;
#4346 = VECTOR ( 'NONE', #940, 1000.000000000000000 ) ;
#4347 = EDGE_CURVE ( 'NONE', #1801, #3868, #1276, .T. ) ;
#4348 = DIRECTION ( 'NONE',  ( -1.000000000000000000, 0.000000000000000000, 0.000000000000000000 ) ) ;
#4349 = DIRECTION ( 'NONE',  ( -0.000000000000000000, -0.000000000000000000, -1.000000000000000000 ) ) ;
#4350 = ORIENTED_EDGE ( 'NONE', *, *, #4641, .F. ) ;
#4351 = EDGE_CURVE ( 'NONE', #644, #1187, #2113, .T. ) ;
#4352 = DIRECTION ( 'NONE',  ( -1.000000000000000000, 4.625929269271491830E-16, 0.000000000000000000 ) ) ;
#4353 = FACE_BOUND ( 'NONE', #3827, .T. ) ;
#4354 = LINE ( 'NONE', #1383, #2499 ) ;
#4355 = PLANE ( 'NONE',  #2909 ) ;
#4356 = ORIENTED_EDGE ( 'NONE', *, *, #4675, .F. ) ;
#4357 = LINE ( 'NONE', #999, #3664 ) ;
#4358 = DIRECTION ( 'NONE',  ( -1.000000000000000000, 0.000000000000000000, 0.000000000000000000 ) ) ;
#4359 = EDGE_CURVE ( 'NONE', #162, #1533, #4666, .T. ) ;
#4360 = ORIENTED_EDGE ( 'NONE', *, *, #1861, .F. ) ;
#4361 = DIRECTION ( 'NONE',  ( 5.692061405548903209E-16, -1.000000000000000000, 0.000000000000000000 ) ) ;
#4362 = ORIENTED_EDGE ( 'NONE', *, *, #3668, .T. ) ;
#4363 = VERTEX_POINT ( 'NONE', #2404 ) ;
#4364 = ORIENTED_EDGE ( 'NONE', *, *, #1478, .T. ) ;
#4365 = CARTESIAN_POINT ( 'NONE',  ( -35.20936546802590783, 59.77268863487023509, 0.000000000000000000 ) ) ;
#4366 = CARTESIAN_POINT ( 'NONE',  ( -16.78377918895944987, 3.245407270802034727, 0.000000000000000000 ) ) ;
#4368 = DIRECTION ( 'NONE',  ( -5.421010862427523403E-17, 1.000000000000000000, 0.000000000000000000 ) ) ;
#4367 = VECTOR ( 'NONE', #669, 1000.000000000000000 ) ;
#4369 = VECTOR ( 'NONE', #2817, 1000.000000000000000 ) ;
#4370 = DIRECTION ( 'NONE',  ( -9.251858538542975772E-16, 1.000000000000000000, 0.000000000000000000 ) ) ;
#4371 = DIRECTION ( 'NONE',  ( -0.000000000000000000, -0.000000000000000000, -1.000000000000000000 ) ) ;
#4372 = ORIENTED_EDGE ( 'NONE', *, *, #3538, .F. ) ;
#4373 = EDGE_CURVE ( 'NONE', #1221, #2391, #199, .T. ) ;
#4374 = DIRECTION ( 'NONE',  ( 1.688550965067719734E-16, 1.000000000000000000, -0.000000000000000000 ) ) ;
#4375 = AXIS2_PLACEMENT_3D ( 'NONE', #3274, #4378, #1405 ) ;
#4376 = ADVANCED_FACE ( 'NONE', ( #989 ), #3511, .F. ) ;
#4377 = LINE ( 'NONE', #2905, #1965 ) ;
#4378 = DIRECTION ( 'NONE',  ( -1.000000000000000000, 0.000000000000000000, 0.000000000000000000 ) ) ;
#4379 = VECTOR ( 'NONE', #2049, 1000.000000000000000 ) ;
#4380 = CIRCLE ( 'NONE', #3045, 1.100000000000003642 ) ;
#4381 = PLANE ( 'NONE',  #951 ) ;
#4382 = DIRECTION ( 'NONE',  ( 0.000000000000000000, -0.000000000000000000, 1.000000000000000000 ) ) ;
#4383 = DIRECTION ( 'NONE',  ( 1.000000000000000000, -2.479223918734477749E-16, 0.000000000000000000 ) ) ;
#4384 = VERTEX_POINT ( 'NONE', #911 ) ;
#4385 = CARTESIAN_POINT ( 'NONE',  ( -11.40936546802591423, 74.77268863487022088, 0.000000000000000000 ) ) ;
#4386 = AXIS2_PLACEMENT_3D ( 'NONE', #298, #3682, #1817 ) ;
#4387 = ORIENTED_EDGE ( 'NONE', *, *, #3327, .T. ) ;
#4388 = ORIENTED_EDGE ( 'NONE', *, *, #294, .T. ) ;
#4389 = EDGE_LOOP ( 'NONE', ( #3822, #391, #4257, #3494 ) ) ;
#4390 = LINE ( 'NONE', #4315, #2908 ) ;
#4391 = CARTESIAN_POINT ( 'NONE',  ( -60.81329765616042238, -6.285842729197963052, 1.500000000000000000 ) ) ;
#4392 = VECTOR ( 'NONE', #598, 1000.000000000000000 ) ;
#4393 = EDGE_CURVE ( 'NONE', #1330, #4384, #150, .T. ) ;
#4394 = ADVANCED_FACE ( 'NONE', ( #226 ), #1692, .T. ) ;
#4395 = LINE ( 'NONE', #4837, #476 ) ;
#4396 = LINE ( 'NONE', #3657, #1799 ) ;
#4397 = ADVANCED_FACE ( 'NONE', ( #2061 ), #1252, .F. ) ;
#4398 = ORIENTED_EDGE ( 'NONE', *, *, #780, .F. ) ;
#4399 = AXIS2_PLACEMENT_3D ( 'NONE', #3244, #3164, #3953 ) ;
#4400 = AXIS2_PLACEMENT_3D ( 'NONE', #3004, #3663, #3742 ) ;
#4401 = AXIS2_PLACEMENT_3D ( 'NONE', #4539, #1129, #2306 ) ;
#4402 = FACE_BOUND ( 'NONE', #3894, .T. ) ;
#4403 = CARTESIAN_POINT ( 'NONE',  ( -78.98779938972202785, 21.67078353961546000, 1.500000000000000000 ) ) ;
#4404 = EDGE_CURVE ( 'NONE', #2944, #4659, #2802, .T. ) ;
#4405 = DIRECTION ( 'NONE',  ( 0.000000000000000000, -0.000000000000000000, -1.000000000000000000 ) ) ;
#4406 = FACE_OUTER_BOUND ( 'NONE', #548, .T. ) ;
#4407 = FACE_OUTER_BOUND ( 'NONE', #2311, .T. ) ;
#4408 = EDGE_CURVE ( 'NONE', #3011, #3983, #1354, .T. ) ;
#4409 = ORIENTED_EDGE ( 'NONE', *, *, #4408, .F. ) ;
#4410 = CARTESIAN_POINT ( 'NONE',  ( -37.25936546802593341, 76.29879703941352886, 0.000000000000000000 ) ) ;
#4411 = EDGE_LOOP ( 'NONE', ( #1231, #3783, #2249, #4387 ) ) ;
#4412 = VERTEX_POINT ( 'NONE', #1647 ) ;
#4413 = ORIENTED_EDGE ( 'NONE', *, *, #1568, .T. ) ;
#4414 = LINE ( 'NONE', #392, #485 ) ;
#4415 = DIRECTION ( 'NONE',  ( -0.000000000000000000, -0.000000000000000000, -1.000000000000000000 ) ) ;
#4416 = AXIS2_PLACEMENT_3D ( 'NONE', #462, #3402, #852 ) ;
#4417 = ORIENTED_EDGE ( 'NONE', *, *, #1307, .F. ) ;
#4418 = ORIENTED_EDGE ( 'NONE', *, *, #2761, .F. ) ;
#4419 = CARTESIAN_POINT ( 'NONE',  ( -1.053115468025901613, 0.8891572708020246685, 1.500000000000000000 ) ) ;
#4420 = VECTOR ( 'NONE', #1868, 1000.000000000000000 ) ;
#4421 = PLANE ( 'NONE',  #1085 ) ;
#4422 = EDGE_LOOP ( 'NONE', ( #3431, #727, #2640, #2943 ) ) ;
#4423 = CARTESIAN_POINT ( 'NONE',  ( -35.83386419283842628, 21.67078353961545645, 1.500000000000000000 ) ) ;
#4424 = PLANE ( 'NONE',  #3358 ) ;
#4425 = ORIENTED_EDGE ( 'NONE', *, *, #2533, .T. ) ;
#4426 = CARTESIAN_POINT ( 'NONE',  ( -41.50936546802591920, 74.77268863487022088, 1.500000000000000000 ) ) ;
#4427 = ORIENTED_EDGE ( 'NONE', *, *, #4739, .T. ) ;
#4428 = ADVANCED_FACE ( 'NONE', ( #3192 ), #1327, .T. ) ;
#4429 = EDGE_CURVE ( 'NONE', #982, #3630, #3909, .T. ) ;
#4430 = DIRECTION ( 'NONE',  ( -0.000000000000000000, -0.000000000000000000, -1.000000000000000000 ) ) ;
#4431 = LINE ( 'NONE', #3007, #1155 ) ;
#4432 = EDGE_LOOP ( 'NONE', ( #1798, #902, #4790, #3213 ) ) ;
#4433 = FACE_OUTER_BOUND ( 'NONE', #458, .T. ) ;
#4434 = ORIENTED_EDGE ( 'NONE', *, *, #4092, .F. ) ;
#4435 = ORIENTED_EDGE ( 'NONE', *, *, #2458, .T. ) ;
#4436 = VERTEX_POINT ( 'NONE', #547 ) ;
#4437 = LINE ( 'NONE', #4831, #1239 ) ;
#4438 = DIRECTION ( 'NONE',  ( 0.000000000000000000, 0.000000000000000000, 1.000000000000000000 ) ) ;
#4439 = EDGE_CURVE ( 'NONE', #3900, #4079, #3536, .T. ) ;
#4440 = ADVANCED_BREP_SHAPE_REPRESENTATION ( 'Plate', ( #1657, #2754 ), #3776 ) ;
#4441 = EDGE_CURVE ( 'NONE', #2743, #213, #4324, .T. ) ;
#4442 = ORIENTED_EDGE ( 'NONE', *, *, #2294, .T. ) ;
#4443 = EDGE_LOOP ( 'NONE', ( #1515, #2560, #1244, #3680 ) ) ;
#4444 = LINE ( 'NONE', #1036, #634 ) ;
#4445 = VERTEX_POINT ( 'NONE', #2456 ) ;
#4446 = VECTOR ( 'NONE', #1737, 1000.000000000000000 ) ;
#4447 = CARTESIAN_POINT ( 'NONE',  ( -66.88436546802589078, -2.285842729197971490, 0.000000000000000000 ) ) ;
#4448 = DIRECTION ( 'NONE',  ( -0.000000000000000000, -0.000000000000000000, -1.000000000000000000 ) ) ;
#4449 = ORIENTED_EDGE ( 'NONE', *, *, #1467, .T. ) ;
#4450 = CARTESIAN_POINT ( 'NONE',  ( -40.88486674321343628, 16.62003100198857908, 0.000000000000000000 ) ) ;
#4451 = EDGE_CURVE ( 'NONE', #613, #162, #2086, .T. ) ;
#4452 = ORIENTED_EDGE ( 'NONE', *, *, #595, .T. ) ;
#4453 = VECTOR ( 'NONE', #3701, 1000.000000000000000 ) ;
#4454 = CARTESIAN_POINT ( 'NONE',  ( -59.93684684209464564, 16.62003100198857553, 0.000000000000000000 ) ) ;
#4455 = DIRECTION ( 'NONE',  ( 9.251858538542975772E-16, -1.000000000000000000, -0.000000000000000000 ) ) ;
#4456 = VECTOR ( 'NONE', #2559, 1000.000000000000000 ) ;
#4457 = ADVANCED_FACE ( 'NONE', ( #4249 ), #890, .F. ) ;
#4458 = ORIENTED_EDGE ( 'NONE', *, *, #1352, .F. ) ;
#4459 = CARTESIAN_POINT ( 'NONE',  ( -38.35936546802593483, 76.29879703941352886, 1.500000000000000000 ) ) ;
#4460 = CYLINDRICAL_SURFACE ( 'NONE', #4706, 5.000000000000004441 ) ;
#4461 = ORIENTED_EDGE ( 'NONE', *, *, #1493, .T. ) ;
#4462 = CARTESIAN_POINT ( 'NONE',  ( -28.88436546802595828, 102.4915470394135468, 0.000000000000000000 ) ) ;
#4463 = PLANE ( 'NONE',  #3341 ) ;
#4464 = EDGE_LOOP ( 'NONE', ( #3292, #3178, #523, #3260 ) ) ;
#4465 = ORIENTED_EDGE ( 'NONE', *, *, #1457, .T. ) ;
#4466 = EDGE_CURVE ( 'NONE', #1519, #928, #1424, .T. ) ;
#4467 = FACE_OUTER_BOUND ( 'NONE', #4389, .T. ) ;
#4468 = CARTESIAN_POINT ( 'NONE',  ( -11.40936546802590534, 59.77268863487023509, 1.500000000000000000 ) ) ;
#4469 = AXIS2_PLACEMENT_3D ( 'NONE', #4769, #198, #1297 ) ;
#4470 = EDGE_CURVE ( 'NONE', #755, #955, #2532, .T. ) ;
#4471 = DIRECTION ( 'NONE',  ( 0.000000000000000000, 0.000000000000000000, 1.000000000000000000 ) ) ;
#4472 = CARTESIAN_POINT ( 'NONE',  ( -11.40936546802590534, 59.77268863487023509, 1.500000000000000000 ) ) ;
#4473 = VERTEX_POINT ( 'NONE', #742 ) ;
#4474 = STYLED_ITEM ( 'NONE', ( #4072 ), #1657 ) ;
#4475 = LINE ( 'NONE', #656, #352 ) ;
#4476 = VECTOR ( 'NONE', #3215, 1000.000000000000000 ) ;
#4477 = ORIENTED_EDGE ( 'NONE', *, *, #239, .T. ) ;
#4478 = CARTESIAN_POINT ( 'NONE',  ( 1.121884531974079779, 63.03178434324230039, 1.500000000000000000 ) ) ;
#4479 = CARTESIAN_POINT ( 'NONE',  ( -21.83474173683936925, 35.67078353961547066, 1.500000000000000000 ) ) ;
#4480 = ADVANCED_FACE ( 'NONE', ( #4746 ), #4421, .T. ) ;
#4481 = VERTEX_POINT ( 'NONE', #1054 ) ;
#4482 = CARTESIAN_POINT ( 'NONE',  ( -78.98779938972202785, 35.67078353961545645, 1.500000000000000000 ) ) ;
#4483 = LINE ( 'NONE', #1119, #2076 ) ;
#4484 = ORIENTED_EDGE ( 'NONE', *, *, #3987, .T. ) ;
#4485 = LINE ( 'NONE', #3382, #4795 ) ;
#4486 = LINE ( 'NONE', #4813, #59 ) ;
#4487 = AXIS2_PLACEMENT_3D ( 'NONE', #4423, #353, #1844 ) ;
#4488 = ORIENTED_EDGE ( 'NONE', *, *, #1058, .F. ) ;
#4489 = ORIENTED_EDGE ( 'NONE', *, *, #293, .F. ) ;
#4490 = DIRECTION ( 'NONE',  ( -0.000000000000000000, -0.000000000000000000, -1.000000000000000000 ) ) ;
#4491 = CARTESIAN_POINT ( 'NONE',  ( -50.26561546802592062, 81.06129703941358855, 1.500000000000000000 ) ) ;
#4492 = CARTESIAN_POINT ( 'NONE',  ( -73.30936546802591636, 74.77268863487022088, 0.000000000000000000 ) ) ;
#4493 = DIRECTION ( 'NONE',  ( 0.000000000000000000, -1.000000000000000000, 0.000000000000000000 ) ) ;
#4494 = LINE ( 'NONE', #431, #1398 ) ;
#4495 = ADVANCED_FACE ( 'NONE', ( #3268 ), #3615, .F. ) ;
#4496 = ORIENTED_EDGE ( 'NONE', *, *, #197, .T. ) ;
#4497 = ORIENTED_EDGE ( 'NONE', *, *, #3342, .F. ) ;
#4498 = EDGE_CURVE ( 'NONE', #956, #643, #4770, .T. ) ;
#4499 = DIRECTION ( 'NONE',  ( -1.239088197126291803E-16, 1.000000000000000000, 0.000000000000000000 ) ) ;
#4500 = ORIENTED_EDGE ( 'NONE', *, *, #2440, .T. ) ;
#4501 = FACE_OUTER_BOUND ( 'NONE', #2512, .T. ) ;
#4502 = DIRECTION ( 'NONE',  ( 0.7071067811865587860, -0.7071067811865362485, 0.000000000000000000 ) ) ;
#4503 = ORIENTED_EDGE ( 'NONE', *, *, #3120, .F. ) ;
#4504 = CARTESIAN_POINT ( 'NONE',  ( -21.83474173683936215, 2.619780989487944911, 0.000000000000000000 ) ) ;
#4505 = CARTESIAN_POINT ( 'NONE',  ( -34.95543327989140181, 101.4915470394135326, 1.500000000000000000 ) ) ;
#4506 = ORIENTED_EDGE ( 'NONE', *, *, #976, .F. ) ;
#4507 = DIRECTION ( 'NONE',  ( -0.000000000000000000, -0.000000000000000000, -1.000000000000000000 ) ) ;
#4508 = DIRECTION ( 'NONE',  ( -1.000000000000000000, 0.000000000000000000, 0.000000000000000000 ) ) ;
#4509 = ORIENTED_EDGE ( 'NONE', *, *, #2151, .T. ) ;
#4510 = ORIENTED_EDGE ( 'NONE', *, *, #4728, .T. ) ;
#4511 = LINE ( 'NONE', #4147, #2522 ) ;
#4512 = LINE ( 'NONE', #1497, #4542 ) ;
#4513 = VECTOR ( 'NONE', #313, 1000.000000000000000 ) ;
#4514 = CARTESIAN_POINT ( 'NONE',  ( -97.89061546802591351, 31.10285215510783274, 0.000000000000000000 ) ) ;
#4515 = CARTESIAN_POINT ( 'NONE',  ( 6.121884531974079557, 63.03178434324230039, 1.500000000000000000 ) ) ;
#4516 = DIRECTION ( 'NONE',  ( -0.000000000000000000, -1.000000000000000000, -0.000000000000000000 ) ) ;
#4517 = EDGE_CURVE ( 'NONE', #39, #2988, #4838, .T. ) ;
#4518 = CIRCLE ( 'NONE', #2402, 1.100000000000000311 ) ;
#4519 = ORIENTED_EDGE ( 'NONE', *, *, #2203, .F. ) ;
#4520 = EDGE_LOOP ( 'NONE', ( #1471, #2069, #1292, #762 ) ) ;
#4521 = DIRECTION ( 'NONE',  ( -0.7071067811865475727, 0.7071067811865475727, 0.000000000000000000 ) ) ;
#4522 = VECTOR ( 'NONE', #2073, 1000.000000000000000 ) ;
#4523 = ORIENTED_EDGE ( 'NONE', *, *, #4030, .T. ) ;
#4524 = CARTESIAN_POINT ( 'NONE',  ( -16.78377918895946053, 35.04540727080203766, 0.000000000000000000 ) ) ;
#4525 = DIRECTION ( 'NONE',  ( 1.000000000000000000, 0.000000000000000000, 0.000000000000000000 ) ) ;
#4526 = ORIENTED_EDGE ( 'NONE', *, *, #4562, .F. ) ;
#4527 = LINE ( 'NONE', #1998, #2924 ) ;
#4528 = VECTOR ( 'NONE', #1023, 1000.000000000000000 ) ;
#4529 = AXIS2_PLACEMENT_3D ( 'NONE', #4184, #1947, #3058 ) ;
#4530 = DIRECTION ( 'NONE',  ( 1.000000000000000000, -3.636590233855834910E-16, -0.000000000000000000 ) ) ;
#4531 = ORIENTED_EDGE ( 'NONE', *, *, #1595, .F. ) ;
#4532 = LINE ( 'NONE', #210, #2335 ) ;
#4533 = DIRECTION ( 'NONE',  ( 0.000000000000000000, 0.000000000000000000, -1.000000000000000000 ) ) ;
#4534 = AXIS2_PLACEMENT_3D ( 'NONE', #3982, #2856, #2012 ) ;
#4535 = ORIENTED_EDGE ( 'NONE', *, *, #4608, .F. ) ;
#4536 = ORIENTED_EDGE ( 'NONE', *, *, #143, .T. ) ;
#4537 = AXIS2_PLACEMENT_3D ( 'NONE', #3514, #229, #1301 ) ;
#4538 = CARTESIAN_POINT ( 'NONE',  ( -92.98779938972202785, 54.72160087992026689, 1.500000000000000000 ) ) ;
#4539 = CARTESIAN_POINT ( 'NONE',  ( -96.89061546802591351, 63.03178434324228618, 0.000000000000000000 ) ) ;
#4540 = ADVANCED_FACE ( 'NONE', ( #1400 ), #253, .T. ) ;
#4541 = ADVANCED_FACE ( 'NONE', ( #2901 ), #651, .T. ) ;
#4542 = VECTOR ( 'NONE', #1936, 1000.000000000000000 ) ;
#4543 = FACE_OUTER_BOUND ( 'NONE', #4281, .T. ) ;
#4544 = FACE_OUTER_BOUND ( 'NONE', #3744, .T. ) ;
#4545 = EDGE_CURVE ( 'NONE', #2771, #3100, #3316, .T. ) ;
#4546 = LINE ( 'NONE', #3024, #2894 ) ;
#4547 = ORIENTED_EDGE ( 'NONE', *, *, #770, .F. ) ;
#4548 = VERTEX_POINT ( 'NONE', #276 ) ;
#4549 = AXIS2_PLACEMENT_3D ( 'NONE', #2358, #4173, #128 ) ;
#4550 = CARTESIAN_POINT ( 'NONE',  ( -1.783779188959455642, 3.245407270802039168, 0.000000000000000000 ) ) ;
#4551 = VERTEX_POINT ( 'NONE', #3291 ) ;
#4552 = DIRECTION ( 'NONE',  ( -1.000000000000000000, 0.000000000000000000, 0.000000000000000000 ) ) ;
#4553 = FACE_OUTER_BOUND ( 'NONE', #2171, .T. ) ;
#4554 = VECTOR ( 'NONE', #2503, 1000.000000000000000 ) ;
#4555 = ORIENTED_EDGE ( 'NONE', *, *, #3972, .T. ) ;
#4556 = AXIS2_PLACEMENT_3D ( 'NONE', #2979, #2907, #4405 ) ;
#4557 = CARTESIAN_POINT ( 'NONE',  ( -65.30936546802591636, 59.77268863487022088, 1.500000000000000000 ) ) ;
#4558 = FACE_OUTER_BOUND ( 'NONE', #851, .T. ) ;
#4559 = EDGE_LOOP ( 'NONE', ( #3335, #2168 ) ) ;
#4560 = DIRECTION ( 'NONE',  ( 1.000000000000000000, 1.165588477296751518E-14, 0.000000000000000000 ) ) ;
#4561 = DIRECTION ( 'NONE',  ( -0.000000000000000000, -0.000000000000000000, -1.000000000000000000 ) ) ;
#4562 = EDGE_CURVE ( 'NONE', #1552, #4814, #1841, .T. ) ;
#4563 = VERTEX_POINT ( 'NONE', #2922 ) ;
#4564 = EDGE_LOOP ( 'NONE', ( #3407, #2408, #305, #2339 ) ) ;
#4565 = DIRECTION ( 'NONE',  ( 5.782411586589365527E-16, -1.000000000000000000, -0.000000000000000000 ) ) ;
#4566 = LINE ( 'NONE', #3806, #484 ) ;
#4567 = DIRECTION ( 'NONE',  ( -2.478331740334800717E-16, 1.000000000000000000, 0.000000000000000000 ) ) ;
#4568 = CYLINDRICAL_SURFACE ( 'NONE', #238, 1.100000000000003642 ) ;
#4569 = EDGE_CURVE ( 'NONE', #3691, #3886, #4444, .T. ) ;
#4570 = DIRECTION ( 'NONE',  ( 0.000000000000000000, 0.000000000000000000, 1.000000000000000000 ) ) ;
#4571 = ORIENTED_EDGE ( 'NONE', *, *, #4013, .T. ) ;
#4572 = DIRECTION ( 'NONE',  ( -1.000000000000000000, -4.956663480669602421E-16, -0.000000000000000000 ) ) ;
#4573 = VERTEX_POINT ( 'NONE', #4468 ) ;
#4574 = EDGE_CURVE ( 'NONE', #2104, #3172, #4793, .T. ) ;
#4575 = LINE ( 'NONE', #1970, #1362 ) ;
#4576 = DIRECTION ( 'NONE',  ( -0.000000000000000000, -0.000000000000000000, -1.000000000000000000 ) ) ;
#4577 = AXIS2_PLACEMENT_3D ( 'NONE', #3644, #3374, #753 ) ;
#4578 = ORIENTED_EDGE ( 'NONE', *, *, #2867, .T. ) ;
#4579 = AXIS2_PLACEMENT_3D ( 'NONE', #4203, #433, #3028 ) ;
#4580 = CARTESIAN_POINT ( 'NONE',  ( -40.88486674321343628, 16.62003100198857908, 1.500000000000000000 ) ) ;
#4581 = EDGE_CURVE ( 'NONE', #2154, #216, #4396, .T. ) ;
#4582 = VERTEX_POINT ( 'NONE', #691 ) ;
#4583 = CARTESIAN_POINT ( 'NONE',  ( -54.88386419283836659, 2.619780989487941802, 0.000000000000000000 ) ) ;
#4584 = FACE_OUTER_BOUND ( 'NONE', #773, .T. ) ;
#4585 = EDGE_CURVE ( 'NONE', #4605, #4551, #939, .T. ) ;
#4586 = ORIENTED_EDGE ( 'NONE', *, *, #3225, .T. ) ;
#4587 = VERTEX_POINT ( 'NONE', #3337 ) ;
#4588 = CARTESIAN_POINT ( 'NONE',  ( 6.121884531974088439, 37.17391996697326562, 1.500000000000000000 ) ) ;
#4589 = LINE ( 'NONE', #3117, #3379 ) ;
#4590 = LINE ( 'NONE', #54, #1034 ) ;
#4591 = ADVANCED_FACE ( 'NONE', ( #2605 ), #2946, .T. ) ;
#4592 = CARTESIAN_POINT ( 'NONE',  ( -66.93436546802588794, 81.06129703941357434, 0.000000000000000000 ) ) ;
#4593 = LINE ( 'NONE', #771, #2414 ) ;
#4594 = ORIENTED_EDGE ( 'NONE', *, *, #587, .F. ) ;
#4595 = CARTESIAN_POINT ( 'NONE',  ( -1.053115468025902723, -2.285842729197974599, 1.500000000000000000 ) ) ;
#4596 = VERTEX_POINT ( 'NONE', #4097 ) ;
#4597 = VECTOR ( 'NONE', #1372, 1000.000000000000000 ) ;
#4598 = DIRECTION ( 'NONE',  ( -0.000000000000000000, -0.000000000000000000, -1.000000000000000000 ) ) ;
#4599 = DIRECTION ( 'NONE',  ( 0.000000000000000000, 1.000000000000000000, -0.000000000000000000 ) ) ;
#4600 = ADVANCED_FACE ( 'NONE', ( #820 ), #3044, .T. ) ;
#4601 = VECTOR ( 'NONE', #3234, 1000.000000000000114 ) ;
#4602 = EDGE_CURVE ( 'NONE', #312, #4157, #3412, .T. ) ;
#4603 = VERTEX_POINT ( 'NONE', #32 ) ;
#4604 = DIRECTION ( 'NONE',  ( 0.000000000000000000, 0.000000000000000000, -1.000000000000000000 ) ) ;
#4605 = VERTEX_POINT ( 'NONE', #2654 ) ;
#4606 = DIRECTION ( 'NONE',  ( 0.000000000000000000, -0.000000000000000000, -1.000000000000000000 ) ) ;
#4607 = CARTESIAN_POINT ( 'NONE',  ( -92.98779938972202785, 59.77268863487022799, 1.500000000000000000 ) ) ;
#4608 = EDGE_CURVE ( 'NONE', #2184, #1607, #4229, .T. ) ;
#4609 = EDGE_LOOP ( 'NONE', ( #144, #1883, #1565, #2209 ) ) ;
#4610 = VERTEX_POINT ( 'NONE', #3731 ) ;
#4611 = CARTESIAN_POINT ( 'NONE',  ( -73.93093154632981623, 21.67078353961545645, 1.500000000000000000 ) ) ;
#4612 = DIRECTION ( 'NONE',  ( 5.421010862427523403E-17, -1.000000000000000000, 0.000000000000000000 ) ) ;
#4613 = AXIS2_PLACEMENT_3D ( 'NONE', #4166, #1928, #4560 ) ;
#4614 = FACE_OUTER_BOUND ( 'NONE', #309, .T. ) ;
#4615 = EDGE_CURVE ( 'NONE', #2988, #577, #1522, .T. ) ;
#4616 = VECTOR ( 'NONE', #4516, 1000.000000000000000 ) ;
#4617 = DIRECTION ( 'NONE',  ( 0.7071067811865364705, 0.7071067811865585639, -0.000000000000000000 ) ) ;
#4618 = DIRECTION ( 'NONE',  ( 0.000000000000000000, 1.000000000000000000, 0.000000000000000000 ) ) ;
#4619 = ORIENTED_EDGE ( 'NONE', *, *, #256, .T. ) ;
#4620 = EDGE_CURVE ( 'NONE', #1699, #2944, #1544, .T. ) ;
#4621 = VECTOR ( 'NONE', #1913, 1000.000000000000000 ) ;
#4622 = LINE ( 'NONE', #2338, #3718 ) ;
#4623 = VERTEX_POINT ( 'NONE', #4172 ) ;
#4624 = DIRECTION ( 'NONE',  ( 9.985137972241661414E-16, -1.000000000000000000, 0.000000000000000000 ) ) ;
#4625 = DIRECTION ( 'NONE',  ( 1.000000000000000000, 0.000000000000000000, 0.000000000000000000 ) ) ;
#4626 = CIRCLE ( 'NONE', #2514, 1.100000000000000311 ) ;
#4627 = ORIENTED_EDGE ( 'NONE', *, *, #2747, .T. ) ;
#4628 = CARTESIAN_POINT ( 'NONE',  ( -92.98779938972202785, 40.72173608680434853, 0.000000000000000000 ) ) ;
#4629 = ORIENTED_EDGE ( 'NONE', *, *, #335, .F. ) ;
#4630 = CARTESIAN_POINT ( 'NONE',  ( -54.88386419283836659, 16.62003100198858263, 1.500000000000000000 ) ) ;
#4631 = CARTESIAN_POINT ( 'NONE',  ( -18.20936546802593270, 19.14540727080202132, 1.500000000000000000 ) ) ;
#4632 = EDGE_CURVE ( 'NONE', #2787, #162, #3074, .T. ) ;
#4633 = PRODUCT_DEFINITION_FORMATION_WITH_SPECIFIED_SOURCE ( 'ANY', '', #544, .NOT_KNOWN. ) ;
#4634 = VECTOR ( 'NONE', #3484, 1000.000000000000000 ) ;
#4635 = ORIENTED_EDGE ( 'NONE', *, *, #1601, .F. ) ;
#4636 = EDGE_LOOP ( 'NONE', ( #3279, #1414, #1648, #4477 ) ) ;
#4637 = DIRECTION ( 'NONE',  ( 0.000000000000000000, -1.000000000000000000, 0.000000000000000000 ) ) ;
#4638 = LINE ( 'NONE', #1270, #1852 ) ;
#4639 = FACE_OUTER_BOUND ( 'NONE', #2628, .T. ) ;
#4640 = FACE_BOUND ( 'NONE', #3017, .T. ) ;
#4641 = EDGE_CURVE ( 'NONE', #3240, #1731, #4512, .T. ) ;
#4642 = EDGE_CURVE ( 'NONE', #4074, #1552, #4590, .T. ) ;
#4643 = DIRECTION ( 'NONE',  ( -0.000000000000000000, -0.000000000000000000, -1.000000000000000000 ) ) ;
#4644 = CARTESIAN_POINT ( 'NONE',  ( -19.30936546802593412, 19.14540727080202132, 1.500000000000000000 ) ) ;
#4645 = EDGE_LOOP ( 'NONE', ( #3766, #3673, #1291, #4082 ) ) ;
#4646 = PLANE ( 'NONE',  #4146 ) ;
#4647 = ORIENTED_EDGE ( 'NONE', *, *, #3167, .T. ) ;
#4648 = DIRECTION ( 'NONE',  ( 1.000000000000000000, 0.000000000000000000, 0.000000000000000000 ) ) ;
#4649 = EDGE_CURVE ( 'NONE', #3092, #1654, #2708, .T. ) ;
#4650 = VECTOR ( 'NONE', #2369, 1000.000000000000000 ) ;
#4651 = ORIENTED_EDGE ( 'NONE', *, *, #4715, .T. ) ;
#4652 = LINE ( 'NONE', #531, #1813 ) ;
#4653 = ORIENTED_EDGE ( 'NONE', *, *, #4247, .T. ) ;
#4654 = AXIS2_PLACEMENT_3D ( 'NONE', #3469, #4598, #2292 ) ;
#4655 = CARTESIAN_POINT ( 'NONE',  ( -1.783779188959460749, 27.04540727080204832, 1.500000000000000000 ) ) ;
#4656 = CARTESIAN_POINT ( 'NONE',  ( 1.121884531974087995, 37.17391996697326562, 1.500000000000000000 ) ) ;
#4657 = VERTEX_POINT ( 'NONE', #4222 ) ;
#4658 = CARTESIAN_POINT ( 'NONE',  ( -50.40936546802591778, 73.67113234831137447, 1.500000000000000000 ) ) ;
#4659 = VERTEX_POINT ( 'NONE', #2256 ) ;
#4660 = EDGE_LOOP ( 'NONE', ( #1887, #4594, #177, #1159 ) ) ;
#4661 = DIRECTION ( 'NONE',  ( 1.000000000000000000, 0.000000000000000000, 0.000000000000000000 ) ) ;
#4662 = PLANE ( 'NONE',  #844 ) ;
#4663 = DIRECTION ( 'NONE',  ( 0.000000000000000000, 0.000000000000000000, 1.000000000000000000 ) ) ;
#4664 = LINE ( 'NONE', #596, #3059 ) ;
#4665 = LINE ( 'NONE', #1743, #639 ) ;
#4666 = LINE ( 'NONE', #2780, #543 ) ;
#4667 = EDGE_LOOP ( 'NONE', ( #4301, #645, #4272, #3425 ) ) ;
#4668 = PLANE ( 'NONE',  #2227 ) ;
#4669 = ORIENTED_EDGE ( 'NONE', *, *, #3356, .F. ) ;
#4670 = DIRECTION ( 'NONE',  ( -0.000000000000000000, -1.000000000000000000, -0.000000000000000000 ) ) ;
#4671 = DIRECTION ( 'NONE',  ( -0.000000000000000000, -0.000000000000000000, -1.000000000000000000 ) ) ;
#4672 = VECTOR ( 'NONE', #2248, 1000.000000000000000 ) ;
#4673 = ORIENTED_EDGE ( 'NONE', *, *, #3060, .F. ) ;
#4674 = LINE ( 'NONE', #1309, #166 ) ;
#4675 = EDGE_CURVE ( 'NONE', #1654, #1481, #3133, .T. ) ;
#4676 = ORIENTED_EDGE ( 'NONE', *, *, #274, .T. ) ;
#4677 = DIRECTION ( 'NONE',  ( -0.000000000000000000, -0.000000000000000000, -1.000000000000000000 ) ) ;
#4678 = LINE ( 'NONE', #1387, #1468 ) ;
#4679 = VECTOR ( 'NONE', #686, 1000.000000000000000 ) ;
#4680 = EDGE_CURVE ( 'NONE', #1508, #3466, #2684, .T. ) ;
#4681 = EDGE_LOOP ( 'NONE', ( #3805, #2582, #758, #1710 ) ) ;
#4682 = DIRECTION ( 'NONE',  ( -1.000000000000000000, -0.000000000000000000, -0.000000000000000000 ) ) ;
#4683 = ORIENTED_EDGE ( 'NONE', *, *, #4756, .F. ) ;
#4684 = ORIENTED_EDGE ( 'NONE', *, *, #2896, .F. ) ;
#4685 = DIRECTION ( 'NONE',  ( -0.000000000000000000, -0.000000000000000000, -1.000000000000000000 ) ) ;
#4686 = CARTESIAN_POINT ( 'NONE',  ( -78.98779938972204206, 54.72160087992026689, 1.500000000000000000 ) ) ;
#4687 = DIRECTION ( 'NONE',  ( 0.000000000000000000, -1.000000000000000000, 0.000000000000000000 ) ) ;
#4688 = FACE_BOUND ( 'NONE', #4000, .T. ) ;
#4689 = AXIS2_PLACEMENT_3D ( 'NONE', #236, #2494, #3600 ) ;
#4690 = VECTOR ( 'NONE', #1603, 1000.000000000000000 ) ;
#4691 = LINE ( 'NONE', #4719, #1490 ) ;
#4692 = ADVANCED_FACE ( 'NONE', ( #474 ), #3435, .T. ) ;
#4693 = DIRECTION ( 'NONE',  ( 1.000000000000000000, 0.000000000000000000, 0.000000000000000000 ) ) ;
#4694 = EDGE_CURVE ( 'NONE', #2029, #1780, #2282, .T. ) ;
#4695 = ORIENTED_EDGE ( 'NONE', *, *, #875, .F. ) ;
#4696 = VECTOR ( 'NONE', #1014, 1000.000000000000000 ) ;
#4697 = DIRECTION ( 'NONE',  ( -0.000000000000000000, 1.000000000000000000, -0.000000000000000000 ) ) ;
#4698 = ORIENTED_EDGE ( 'NONE', *, *, #4179, .T. ) ;
#4699 = DIRECTION ( 'NONE',  ( 1.000000000000000000, -4.956352788505164254E-16, 0.000000000000000000 ) ) ;
#4700 = DIRECTION ( 'NONE',  ( 0.000000000000000000, 1.000000000000000000, 0.000000000000000000 ) ) ;
#4701 = ORIENTED_EDGE ( 'NONE', *, *, #1636, .F. ) ;
#4702 = DIRECTION ( 'NONE',  ( 1.000000000000000000, 0.000000000000000000, 0.000000000000000000 ) ) ;
#4703 = ORIENTED_EDGE ( 'NONE', *, *, #189, .F. ) ;
#4704 = PLANE ( 'NONE',  #301 ) ;
#4705 = LINE ( 'NONE', #211, #1388 ) ;
#4706 = AXIS2_PLACEMENT_3D ( 'NONE', #364, #832, #2298 ) ;
#4707 = EDGE_CURVE ( 'NONE', #369, #4253, #2330, .T. ) ;
#4708 = ORIENTED_EDGE ( 'NONE', *, *, #4322, .F. ) ;
#4709 = DIRECTION ( 'NONE',  ( 7.434600983417268502E-16, 1.000000000000000000, -0.000000000000000000 ) ) ;
#4710 = ORIENTED_EDGE ( 'NONE', *, *, #916, .F. ) ;
#4711 = ORIENTED_EDGE ( 'NONE', *, *, #1380, .T. ) ;
#4712 = ORIENTED_EDGE ( 'NONE', *, *, #2333, .F. ) ;
#4713 = DIRECTION ( 'NONE',  ( 1.000000000000000000, 4.625929269271486900E-16, 0.000000000000000000 ) ) ;
#4714 = LINE ( 'NONE', #4342, #3500 ) ;
#4715 = EDGE_CURVE ( 'NONE', #3466, #1801, #3461, .T. ) ;
#4716 = DIRECTION ( 'NONE',  ( 1.000000000000000000, -0.000000000000000000, -0.000000000000000000 ) ) ;
#4717 = CARTESIAN_POINT ( 'NONE',  ( 1.121884531974079779, 63.03178434324230039, 0.000000000000000000 ) ) ;
#4718 = VECTOR ( 'NONE', #2107, 1000.000000000000000 ) ;
#4719 = CARTESIAN_POINT ( 'NONE',  ( -3.409365468025916002, 59.77268863487023509, 0.000000000000000000 ) ) ;
#4720 = DIRECTION ( 'NONE',  ( -1.000000000000000000, -0.000000000000000000, -0.000000000000000000 ) ) ;
#4721 = EDGE_LOOP ( 'NONE', ( #2726, #2097, #3148, #87 ) ) ;
#4722 = DIRECTION ( 'NONE',  ( -1.000000000000000000, 0.000000000000000000, 0.000000000000000000 ) ) ;
#4723 = ADVANCED_FACE ( 'NONE', ( #3097 ), #2996, .T. ) ;
#4724 = FACE_BOUND ( 'NONE', #4759, .T. ) ;
#4725 = VECTOR ( 'NONE', #2187, 1000.000000000000000 ) ;
#4726 = LINE ( 'NONE', #3174, #1163 ) ;
#4727 = DIRECTION ( 'NONE',  ( -0.000000000000000000, 0.000000000000000000, 1.000000000000000000 ) ) ;
#4728 = EDGE_CURVE ( 'NONE', #3137, #4582, #2729, .T. ) ;
#4729 = ORIENTED_EDGE ( 'NONE', *, *, #2140, .T. ) ;
#4730 = CARTESIAN_POINT ( 'NONE',  ( -54.88386419283835949, 35.67078353961546355, 1.500000000000000000 ) ) ;
#4731 = LINE ( 'NONE', #2866, #4131 ) ;
#4732 = ORIENTED_EDGE ( 'NONE', *, *, #3167, .F. ) ;
#4733 = CARTESIAN_POINT ( 'NONE',  ( -28.88436546802595828, 102.4915470394135468, 1.500000000000000000 ) ) ;
#4734 = ORIENTED_EDGE ( 'NONE', *, *, #875, .T. ) ;
#4735 = EDGE_LOOP ( 'NONE', ( #4822, #1422, #1637, #3103 ) ) ;
#4736 = ORIENTED_EDGE ( 'NONE', *, *, #79, .F. ) ;
#4737 = LINE ( 'NONE', #3651, #326 ) ;
#4738 = CARTESIAN_POINT ( 'NONE',  ( -16.78377918895944632, 40.72173608680434853, 0.000000000000000000 ) ) ;
#4739 = EDGE_CURVE ( 'NONE', #556, #2969, #3786, .T. ) ;
#4740 = CARTESIAN_POINT ( 'NONE',  ( -64.40936546802592488, 73.67113234831137447, 1.500000000000000000 ) ) ;
#4741 = DIRECTION ( 'NONE',  ( -1.000000000000000000, -8.325631980691103681E-16, 0.000000000000000000 ) ) ;
#4742 = AXIS2_PLACEMENT_3D ( 'NONE', #1531, #4206, #3104 ) ;
#4743 = ADVANCED_FACE ( 'NONE', ( #3165, #3142, #3905, #3532, #3118, #3954, #1324, #4640, #2827, #2753, #4319, #1272, #4614, #3879, #2776, #1665, #4268, #3189, #3930, #2034, #4293, #2852, #3508, #4688, #172, #520, #571, #4246, #2009 ), #2453, .F. ) ;
#4744 = VECTOR ( 'NONE', #3862, 1000.000000000000000 ) ;
#4745 = LINE ( 'NONE', #252, #1804 ) ;
#4746 = FACE_OUTER_BOUND ( 'NONE', #2873, .T. ) ;
#4747 = ORIENTED_EDGE ( 'NONE', *, *, #3177, .F. ) ;
#4748 = APPLICATION_CONTEXT ( 'automotive_design' ) ;
#4749 = CARTESIAN_POINT ( 'NONE',  ( -49.50936546802591209, 59.77268863487022088, 1.500000000000000000 ) ) ;
#4750 = CARTESIAN_POINT ( 'NONE',  ( -96.89061546802591351, 63.03178434324228618, 0.000000000000000000 ) ) ;
#4751 = CARTESIAN_POINT ( 'NONE',  ( -64.40936546802592488, 59.77268863487022799, 1.500000000000000000 ) ) ;
#4752 = LINE ( 'NONE', #2492, #3933 ) ;
#4753 = DIRECTION ( 'NONE',  ( -0.000000000000000000, -0.000000000000000000, -1.000000000000000000 ) ) ;
#4754 = CARTESIAN_POINT ( 'NONE',  ( -12.30936546802591636, 73.67113234831137447, 1.500000000000000000 ) ) ;
#4755 = EDGE_CURVE ( 'NONE', #4582, #4070, #4664, .T. ) ;
#4756 = EDGE_CURVE ( 'NONE', #1956, #1590, #1296, .T. ) ;
#4757 = EDGE_LOOP ( 'NONE', ( #2939, #2765, #2216, #1934 ) ) ;
#4758 = LINE ( 'NONE', #642, #3235 ) ;
#4759 = EDGE_LOOP ( 'NONE', ( #532, #667, #1450, #2334 ) ) ;
#4760 = ORIENTED_EDGE ( 'NONE', *, *, #2964, .F. ) ;
#4761 = EDGE_LOOP ( 'NONE', ( #4736, #1127, #379, #4360 ) ) ;
#4762 = EDGE_CURVE ( 'NONE', #289, #3950, #1642, .T. ) ;
#4763 = CARTESIAN_POINT ( 'NONE',  ( -66.88436546802589078, -2.285842729197971490, 0.000000000000000000 ) ) ;
#4764 = FACE_OUTER_BOUND ( 'NONE', #2544, .T. ) ;
#4766 = DIRECTION ( 'NONE',  ( -0.7071067811865364705, 0.7071067811865585639, 0.000000000000000000 ) ) ;
#4765 = VECTOR ( 'NONE', #147, 1000.000000000000000 ) ;
#4767 = VECTOR ( 'NONE', #337, 1000.000000000000000 ) ;
#4768 = ADVANCED_FACE ( 'NONE', ( #3584 ), #1984, .T. ) ;
#4769 = CARTESIAN_POINT ( 'NONE',  ( -35.83386419283842628, 35.67078353961546355, 1.500000000000000000 ) ) ;
#4770 = LINE ( 'NONE', #1448, #2259 ) ;
#4771 = VERTEX_POINT ( 'NONE', #2058 ) ;
#4772 = VECTOR ( 'NONE', #552, 1000.000000000000000 ) ;
#4773 = DIRECTION ( 'NONE',  ( 1.000000000000000000, 3.428201403813976241E-16, 0.000000000000000000 ) ) ;
#4774 = FACE_OUTER_BOUND ( 'NONE', #2279, .T. ) ;
#4775 = EDGE_CURVE ( 'NONE', #698, #365, #196, .T. ) ;
#4776 = AXIS2_PLACEMENT_3D ( 'NONE', #627, #4693, #4297 ) ;
#4777 = DIRECTION ( 'NONE',  ( -0.000000000000000000, -0.000000000000000000, -1.000000000000000000 ) ) ;
#4778 = AXIS2_PLACEMENT_3D ( 'NONE', #4749, #1342, #188 ) ;
#4779 = DIRECTION ( 'NONE',  ( -1.000000000000000000, 3.636590233855834417E-16, 0.000000000000000000 ) ) ;
#4780 = CYLINDRICAL_SURFACE ( 'NONE', #2405, 1.100000000000000311 ) ;
#4781 = ORIENTED_EDGE ( 'NONE', *, *, #693, .T. ) ;
#4782 = DIRECTION ( 'NONE',  ( 0.000000000000000000, -0.000000000000000000, -1.000000000000000000 ) ) ;
#4783 = VECTOR ( 'NONE', #1567, 1000.000000000000000 ) ;
#4784 = ORIENTED_EDGE ( 'NONE', *, *, #3211, .T. ) ;
#4785 = ORIENTED_EDGE ( 'NONE', *, *, #2115, .T. ) ;
#4786 = ORIENTED_EDGE ( 'NONE', *, *, #3667, .T. ) ;
#4787 = CARTESIAN_POINT ( 'NONE',  ( -35.83386419283842628, 21.67078353961545645, 1.500000000000000000 ) ) ;
#4788 = CARTESIAN_POINT ( 'NONE',  ( -26.30936546802591280, 59.77268863487024220, 1.500000000000000000 ) ) ;
#4789 = VECTOR ( 'NONE', #1869, 1000.000000000000000 ) ;
#4790 = ORIENTED_EDGE ( 'NONE', *, *, #2351, .T. ) ;
#4791 = VERTEX_POINT ( 'NONE', #3218 ) ;
#4792 = SURFACE_STYLE_FILL_AREA ( #30 ) ;
#4793 = LINE ( 'NONE', #324, #1484 ) ;
#4794 = ORIENTED_EDGE ( 'NONE', *, *, #1569, .F. ) ;
#4795 = VECTOR ( 'NONE', #1516, 1000.000000000000000 ) ;
#4796 = VECTOR ( 'NONE', #2120, 1000.000000000000000 ) ;
#4797 = EDGE_CURVE ( 'NONE', #2915, #4363, #155, .T. ) ;
#4798 = EDGE_CURVE ( 'NONE', #1245, #3790, #2355, .T. ) ;
#4799 = CARTESIAN_POINT ( 'NONE',  ( -1.783779188959456086, 11.24540727080203695, 1.500000000000000000 ) ) ;
#4800 = DIRECTION ( 'NONE',  ( -1.000000000000000000, 0.000000000000000000, 0.000000000000000000 ) ) ;
#4801 = ORIENTED_EDGE ( 'NONE', *, *, #63, .F. ) ;
#4802 = CYLINDRICAL_SURFACE ( 'NONE', #117, 5.000000000000031974 ) ;
#4803 = EDGE_CURVE ( 'NONE', #2320, #2819, #497, .T. ) ;
#4804 = ORIENTED_EDGE ( 'NONE', *, *, #3225, .F. ) ;
#4805 = CARTESIAN_POINT ( 'NONE',  ( -66.88436546802597604, 102.4915470394135184, 1.500000000000000000 ) ) ;
#4806 = CARTESIAN_POINT ( 'NONE',  ( -97.89061546802591351, 78.68004703941353739, 1.500000000000000000 ) ) ;
#4807 = ORIENTED_EDGE ( 'NONE', *, *, #1075, .T. ) ;
#4808 = CARTESIAN_POINT ( 'NONE',  ( -92.98779938972202785, 40.72173608680434853, 1.500000000000000000 ) ) ;
#4809 = VERTEX_POINT ( 'NONE', #1616 ) ;
#4810 = ORIENTED_EDGE ( 'NONE', *, *, #4251, .T. ) ;
#4811 = EDGE_LOOP ( 'NONE', ( #1030, #42, #3606, #1814 ) ) ;
#4812 = CARTESIAN_POINT ( 'NONE',  ( -1.783779188959470297, 35.04540727080203766, 0.000000000000000000 ) ) ;
#4813 = CARTESIAN_POINT ( 'NONE',  ( -92.98779938972202785, 54.72160087992026689, 1.500000000000000000 ) ) ;
#4814 = VERTEX_POINT ( 'NONE', #1374 ) ;
#4815 = ORIENTED_EDGE ( 'NONE', *, *, #471, .F. ) ;
#4816 = DIRECTION ( 'NONE',  ( 0.000000000000000000, 0.000000000000000000, 1.000000000000000000 ) ) ;
#4817 = VECTOR ( 'NONE', #895, 1000.000000000000000 ) ;
#4818 = CARTESIAN_POINT ( 'NONE',  ( -78.98779938972202785, 16.62003100198857553, 0.000000000000000000 ) ) ;
#4819 = ORIENTED_EDGE ( 'NONE', *, *, #1478, .F. ) ;
#4820 = PLANE ( 'NONE',  #4487 ) ;
#4821 = LINE ( 'NONE', #674, #2336 ) ;
#4822 = ORIENTED_EDGE ( 'NONE', *, *, #1121, .F. ) ;
#4823 = CARTESIAN_POINT ( 'NONE',  ( -97.89061546802591351, 102.4915470394135184, 0.000000000000000000 ) ) ;
#4824 = VERTEX_POINT ( 'NONE', #3612 ) ;
#4825 = DIRECTION ( 'NONE',  ( 0.000000000000000000, -0.000000000000000000, -1.000000000000000000 ) ) ;
#4826 = CARTESIAN_POINT ( 'NONE',  ( -73.30936546802590215, 59.77268863487022088, 0.000000000000000000 ) ) ;
#4827 = ORIENTED_EDGE ( 'NONE', *, *, #4196, .T. ) ;
#4828 = CARTESIAN_POINT ( 'NONE',  ( -1.053115468025914270, 102.4915470394135468, 1.500000000000000000 ) ) ;
#4829 = CARTESIAN_POINT ( 'NONE',  ( -78.98779938972202785, 16.62003100198857553, 1.500000000000000000 ) ) ;
#4830 = ORIENTED_EDGE ( 'NONE', *, *, #4228, .T. ) ;
#4831 = CARTESIAN_POINT ( 'NONE',  ( -2.783779188959451645, 26.14540727080203197, 1.500000000000000000 ) ) ;
#4832 = DIRECTION ( 'NONE',  ( -1.000000000000000000, -4.625929269271486900E-16, -0.000000000000000000 ) ) ;
#4833 = EDGE_CURVE ( 'NONE', #2432, #1699, #249, .T. ) ;
#4834 = CIRCLE ( 'NONE', #1772, 5.000000000000000888 ) ;
#4835 = ORIENTED_EDGE ( 'NONE', *, *, #3312, .T. ) ;
#4836 = VERTEX_POINT ( 'NONE', #4344 ) ;
#4837 = CARTESIAN_POINT ( 'NONE',  ( -59.93684684209464564, 40.72173608680434853, 0.000000000000000000 ) ) ;
#4838 = LINE ( 'NONE', #671, #790 ) ;
#4839 = VECTOR ( 'NONE', #283, 1000.000000000000000 ) ;
#4840 = CARTESIAN_POINT ( 'NONE',  ( -65.30936546802591636, 59.77268863487022088, 1.500000000000000000 ) ) ;
#4841 = ADVANCED_FACE ( 'NONE', ( #3245 ), #2479, .T. ) ;
#4842 = LINE ( 'NONE', #2236, #2103 ) ;
#4843 = ORIENTED_EDGE ( 'NONE', *, *, #4404, .T. ) ;
#4844 = DIRECTION ( 'NONE',  ( 1.000000000000000000, 0.000000000000000000, 0.000000000000000000 ) ) ;
#4845 = DIRECTION ( 'NONE',  ( -0.000000000000000000, -0.000000000000000000, -1.000000000000000000 ) ) ;
#4846 = ORIENTED_EDGE ( 'NONE', *, *, #2777, .T. ) ;
#4847 = VECTOR ( 'NONE', #1218, 1000.000000000000000 ) ;
#4848 = DIRECTION ( 'NONE',  ( -0.000000000000000000, -0.000000000000000000, -1.000000000000000000 ) ) ;
#4849 = CARTESIAN_POINT ( 'NONE',  ( -40.88486674321343628, 35.67078353961546355, 0.000000000000000000 ) ) ;
#4850 = AXIS2_PLACEMENT_3D ( 'NONE', #722, #3295, #746 ) ;
#4851 = EDGE_LOOP ( 'NONE', ( #1314, #157, #380, #4339 ) ) ;
#4852 = DIRECTION ( 'NONE',  ( 1.000000000000000000, -0.000000000000000000, -0.000000000000000000 ) ) ;
#4853 = FACE_OUTER_BOUND ( 'NONE', #1993, .T. ) ;
#4854 = ORIENTED_EDGE ( 'NONE', *, *, #1236, .T. ) ;
#4855 = DIRECTION ( 'NONE',  ( -0.000000000000000000, -0.000000000000000000, -1.000000000000000000 ) ) ;
#4856 = CARTESIAN_POINT ( 'NONE',  ( -45.50311546802591778, 81.06129703941358855, 0.000000000000000000 ) ) ;
ENDSEC;
END-ISO-10303-21;
